"productId","productTitle","imageUrl","currentAltText","suggestedAltText","status","reviewNote"
"gid://shopify/Product/8379054915773","Hanes Men's Cool Cotton Boxer Briefs Pack | VennixStore","https://cdn.shopify.com/s/files/1/0778/3278/2013/files/81p0a0CNhZL._AC_SL1500.jpg?v=1783126233","","Men's cotton boxer briefs pack","ready_for_review","Identity is based on the product title; verify the visible color, view, and details before approval."
"gid://shopify/Product/8379054915773","Hanes Men's Cool Cotton Boxer Briefs Pack | VennixStore","https://cdn.shopify.com/s/files/1/0778/3278/2013/files/81ZBOce1WwL._AC_SL1500.jpg?v=1783126232","","Men's cotton boxer briefs pack","ready_for_review","Identity is based on the product title; verify the visible color, view, and details before approval."
"gid://shopify/Product/8379054915773","Hanes Men's Cool Cotton Boxer Briefs Pack | VennixStore","https://cdn.shopify.com/s/files/1/0778/3278/2013/files/81QNveOozZL._AC_SL1500_1f55ace7-80e0-4091-bb56-962cafb4abdf.jpg?v=1783126233","","Men's cotton boxer briefs pack","ready_for_review","Identity is based on the product title; verify the visible color, view, and details before approval."
"gid://shopify/Product/8379054915773","Hanes Men's Cool Cotton Boxer Briefs Pack | VennixStore","https://cdn.shopify.com/s/files/1/0778/3278/2013/files/81p0a0CNhZL._AC_SL1500_05c621ff-d114-4154-a979-425ff985eb52.jpg?v=1783126233","","Men's cotton boxer briefs pack","ready_for_review","Identity is based on the product title; verify the visible color, view, and details before approval."
"gid://shopify/Product/8379054915773","Hanes Men's Cool Cotton Boxer Briefs Pack | VennixStore","https://cdn.shopify.com/s/files/1/0778/3278/2013/files/81p0a0CNhZL._AC_SL1500_6995cdc5-6a5f-4a76-97a4-15659474be83.jpg?v=1783126233","","Men's cotton boxer briefs pack","ready_for_review","Identity is based on the product title; verify the visible color, view, and details before approval."
"gid://shopify/Product/8379054915773","Hanes Men's Cool Cotton Boxer Briefs Pack | VennixStore","https://cdn.shopify.com/s/files/1/0778/3278/2013/files/81C5dMaxWkL._AC_SL1500_cfe9afd1-43f1-43ec-9d65-873086b76037.jpg?v=1783126233","","Men's cotton boxer briefs pack","ready_for_review","Identity is based on the product title; verify the visible color, view, and details before approval."
"gid://shopify/Product/8379054915773","Hanes Men's Cool Cotton Boxer Briefs Pack | VennixStore","https://cdn.shopify.com/s/files/1/0778/3278/2013/files/717JLxTsPKL._AC_SL1500_3c7d00c0-a6c6-44c7-8526-e11985e1e3b7.jpg?v=1783126233","","Men's cotton boxer briefs pack","ready_for_review","Identity is based on the product title; verify the visible color, view, and details before approval."
"gid://shopify/Product/8379054915773","Hanes Men's Cool Cotton Boxer Briefs Pack | VennixStore","https://cdn.shopify.com/s/files/1/0778/3278/2013/files/71b0-qOiiNL._AC_SL1500_62ef00be-1226-414e-8b19-9730b779ee22.jpg?v=1783126233","","Men's cotton boxer briefs pack","ready_for_review","Identity is based on the product title; verify the visible color, view, and details before approval."
"gid://shopify/Product/8379054915773","Hanes Men's Cool Cotton Boxer Briefs Pack | VennixStore","https://cdn.shopify.com/s/files/1/0778/3278/2013/files/71b0-qOiiNL._AC_SL1500_04366e03-031f-4af0-a396-dfb6767d8259.jpg?v=1783126233","","Men's cotton boxer briefs pack","ready_for_review","Identity is based on the product title; verify the visible color, view, and details before approval."
"gid://shopify/Product/8379054915773","Hanes Men's Cool Cotton Boxer Briefs Pack | VennixStore","https://cdn.shopify.com/s/files/1/0778/3278/2013/files/91ZGBmJaWVL._AC_SL1500_393aefe9-2e6b-4a37-8162-db5ee23cac87.jpg?v=1783126233","","Men's cotton boxer briefs pack","ready_for_review","Identity is based on the product title; verify the visible color, view, and details before approval."
"gid://shopify/Product/8379054915773","Hanes Men's Cool Cotton Boxer Briefs Pack | VennixStore","https://cdn.shopify.com/s/files/1/0778/3278/2013/files/81uH5jrHzYL._AC_SL1500.jpg?v=1783126233","","Men's cotton boxer briefs pack","ready_for_review","Identity is based on the product title; verify the visible color, view, and details before approval."
"gid://shopify/Product/8379054915773","Hanes Men's Cool Cotton Boxer Briefs Pack | VennixStore","https://cdn.shopify.com/s/files/1/0778/3278/2013/files/81hlsHtacSL._AC_SL1500.jpg?v=1783126233","","Men's cotton boxer briefs pack","ready_for_review","Identity is based on the product title; verify the visible color, view, and details before approval."
"gid://shopify/Product/8379054915773","Hanes Men's Cool Cotton Boxer Briefs Pack | VennixStore","https://cdn.shopify.com/s/files/1/0778/3278/2013/files/71zJIRaz1uL._AC_SL1500.jpg?v=1783126233","","Men's cotton boxer briefs pack","ready_for_review","Identity is based on the product title; verify the visible color, view, and details before approval."
"gid://shopify/Product/8379054915773","Hanes Men's Cool Cotton Boxer Briefs Pack | VennixStore","https://cdn.shopify.com/s/files/1/0778/3278/2013/files/81biD6fXk_L._AC_SL1500.jpg?v=1783126233","","Men's cotton boxer briefs pack","ready_for_review","Identity is based on the product title; verify the visible color, view, and details before approval."
"gid://shopify/Product/8379054915773","Hanes Men's Cool Cotton Boxer Briefs Pack | VennixStore","https://cdn.shopify.com/s/files/1/0778/3278/2013/files/813163K43EL._AC_SL1500.jpg?v=1783126233","","Men's cotton boxer briefs pack","ready_for_review","Identity is based on the product title; verify the visible color, view, and details before approval."
"gid://shopify/Product/8379054915773","Hanes Men's Cool Cotton Boxer Briefs Pack | VennixStore","https://cdn.shopify.com/s/files/1/0778/3278/2013/files/81vm_Y3TaLL._AC_SL1500.jpg?v=1783126233","","Men's cotton boxer briefs pack","ready_for_review","Identity is based on the product title; verify the visible color, view, and details before approval."
"gid://shopify/Product/8379054915773","Hanes Men's Cool Cotton Boxer Briefs Pack | VennixStore","https://cdn.shopify.com/s/files/1/0778/3278/2013/files/91dV9EzEwvL._AC_SL1500.jpg?v=1783126233","","Men's cotton boxer briefs pack","ready_for_review","Identity is based on the product title; verify the visible color, view, and details before approval."
"gid://shopify/Product/8379054915773","Hanes Men's Cool Cotton Boxer Briefs Pack | VennixStore","https://cdn.shopify.com/s/files/1/0778/3278/2013/files/813163K43EL._AC_SL1500_0c44f832-74c2-407d-b812-ecc93a2ea00e.jpg?v=1783126233","","Men's cotton boxer briefs pack","ready_for_review","Identity is based on the product title; verify the visible color, view, and details before approval."
"gid://shopify/Product/8379054915773","Hanes Men's Cool Cotton Boxer Briefs Pack | VennixStore","https://cdn.shopify.com/s/files/1/0778/3278/2013/files/71PbQpb2eML._AC_SL1500.jpg?v=1783126233","","Men's cotton boxer briefs pack","ready_for_review","Identity is based on the product title; verify the visible color, view, and details before approval."
"gid://shopify/Product/8379054915773","Hanes Men's Cool Cotton Boxer Briefs Pack | VennixStore","https://cdn.shopify.com/s/files/1/0778/3278/2013/files/81vm_Y3TaLL._AC_SL1500_801ef495-0223-4412-a426-27e0a54d36e0.jpg?v=1783126233","","Men's cotton boxer briefs pack","ready_for_review","Identity is based on the product title; verify the visible color, view, and details before approval."
"gid://shopify/Product/8379054915773","Hanes Men's Cool Cotton Boxer Briefs Pack | VennixStore","https://cdn.shopify.com/s/files/1/0778/3278/2013/files/91dV9EzEwvL._AC_SL1500_e81415b3-2b01-47e4-929d-59f35e4e9240.jpg?v=1783126233","","Men's cotton boxer briefs pack","ready_for_review","Identity is based on the product title; verify the visible color, view, and details before approval."
"gid://shopify/Product/8379054915773","Hanes Men's Cool Cotton Boxer Briefs Pack | VennixStore","https://cdn.shopify.com/s/files/1/0778/3278/2013/files/71BOy9hbHSL._AC_SL1500.jpg?v=1783126233","","Men's cotton boxer briefs pack","ready_for_review","Identity is based on the product title; verify the visible color, view, and details before approval."
"gid://shopify/Product/8379054915773","Hanes Men's Cool Cotton Boxer Briefs Pack | VennixStore","https://cdn.shopify.com/s/files/1/0778/3278/2013/files/71PbQpb2eML._AC_SL1500_c5566e79-b79a-4442-a78e-459fc71c02d5.jpg?v=1783126233","","Men's cotton boxer briefs pack","ready_for_review","Identity is based on the product title; verify the visible color, view, and details before approval."
"gid://shopify/Product/8379054915773","Hanes Men's Cool Cotton Boxer Briefs Pack | VennixStore","https://cdn.shopify.com/s/files/1/0778/3278/2013/files/81jZSzK7YXL._AC_SL1500.jpg?v=1783126233","","Men's cotton boxer briefs pack","ready_for_review","Identity is based on the product title; verify the visible color, view, and details before approval."
"gid://shopify/Product/8379054915773","Hanes Men's Cool Cotton Boxer Briefs Pack | VennixStore","https://cdn.shopify.com/s/files/1/0778/3278/2013/files/816Zy9wT-bL._AC_SL1500.jpg?v=1783126233","","Men's cotton boxer briefs pack","ready_for_review","Identity is based on the product title; verify the visible color, view, and details before approval."
"gid://shopify/Product/8379054915773","Hanes Men's Cool Cotton Boxer Briefs Pack | VennixStore","https://cdn.shopify.com/s/files/1/0778/3278/2013/files/81pAbqGuA-L._AC_SL1500.jpg?v=1783126233","","Men's cotton boxer briefs pack","ready_for_review","Identity is based on the product title; verify the visible color, view, and details before approval."
"gid://shopify/Product/8379054915773","Hanes Men's Cool Cotton Boxer Briefs Pack | VennixStore","https://cdn.shopify.com/s/files/1/0778/3278/2013/files/81nOqWfzNaL._AC_SL1500.jpg?v=1783126233","","Men's cotton boxer briefs pack","ready_for_review","Identity is based on the product title; verify the visible color, view, and details before approval."
"gid://shopify/Product/8379407040701","Wirefree Maternity Nursing Bra","https://cdn.shopify.com/s/files/1/0778/3278/2013/files/S47f29ae7df5746cdadafeabebd40c978i.webp?v=1783205164","","Wire-free maternity nursing bra","ready_for_review","Identity is based on the product title; verify the visible color, view, and details before approval."
"gid://shopify/Product/8379407040701","Wirefree Maternity Nursing Bra","https://cdn.shopify.com/s/files/1/0778/3278/2013/files/S7e24a91adfbf4624bbf9c7fa1f321229Z.webp?v=1783205164","","Wire-free maternity nursing bra","ready_for_review","Identity is based on the product title; verify the visible color, view, and details before approval."
"gid://shopify/Product/8379407040701","Wirefree Maternity Nursing Bra","https://cdn.shopify.com/s/files/1/0778/3278/2013/files/S7f6c5dbcd3474cb4a1c46e12a070da71q.webp?v=1783205164","","Wire-free maternity nursing bra","ready_for_review","Identity is based on the product title; verify the visible color, view, and details before approval."
"gid://shopify/Product/8379407040701","Wirefree Maternity Nursing Bra","https://cdn.shopify.com/s/files/1/0778/3278/2013/files/S17e5925a14964c04b77fbda49c7496f25.webp?v=1783205164","","Wire-free maternity nursing bra","ready_for_review","Identity is based on the product title; verify the visible color, view, and details before approval."
"gid://shopify/Product/8379407040701","Wirefree Maternity Nursing Bra","https://cdn.shopify.com/s/files/1/0778/3278/2013/files/Se10bf72ca48643f287845c468e74a607H.webp?v=1783205164","","Wire-free maternity nursing bra","ready_for_review","Identity is based on the product title; verify the visible color, view, and details before approval."
"gid://shopify/Product/8379407040701","Wirefree Maternity Nursing Bra","https://cdn.shopify.com/s/files/1/0778/3278/2013/files/S3da7f965b33d4b05be0372c644b6c43cj.webp?v=1783205164","","Wire-free maternity nursing bra","ready_for_review","Identity is based on the product title; verify the visible color, view, and details before approval."
"gid://shopify/Product/8379407040701","Wirefree Maternity Nursing Bra","https://cdn.shopify.com/s/files/1/0778/3278/2013/files/Sc15380326e1c4bf4a1bb5a4449c7fa43E.webp?v=1783205164","","Wire-free maternity nursing bra","ready_for_review","Identity is based on the product title; verify the visible color, view, and details before approval."
"gid://shopify/Product/8379407040701","Wirefree Maternity Nursing Bra","https://cdn.shopify.com/s/files/1/0778/3278/2013/files/S2fdb8a615f384b9a9fdf181347ac6825n.webp?v=1783205164","","Wire-free maternity nursing bra","ready_for_review","Identity is based on the product title; verify the visible color, view, and details before approval."
"gid://shopify/Product/8379407040701","Wirefree Maternity Nursing Bra","https://cdn.shopify.com/s/files/1/0778/3278/2013/files/S1b7c068e95254eb2893bfa1756d1cb5b9.webp?v=1783205164","","Wire-free maternity nursing bra","ready_for_review","Identity is based on the product title; verify the visible color, view, and details before approval."
"gid://shopify/Product/8379407040701","Wirefree Maternity Nursing Bra","https://cdn.shopify.com/s/files/1/0778/3278/2013/files/S4364e9712fb94c409239414ad879a1e5x.webp?v=1783205164","","Wire-free maternity nursing bra","ready_for_review","Identity is based on the product title; verify the visible color, view, and details before approval."
"gid://shopify/Product/8379407040701","Wirefree Maternity Nursing Bra","https://cdn.shopify.com/s/files/1/0778/3278/2013/files/S29cebae0fc9748d291d0ec639b711385y.webp?v=1783205164","","Wire-free maternity nursing bra","ready_for_review","Identity is based on the product title; verify the visible color, view, and details before approval."
"gid://shopify/Product/8379407040701","Wirefree Maternity Nursing Bra","https://cdn.shopify.com/s/files/1/0778/3278/2013/files/Sff5329b5447a4900970681a049a51af0i.webp?v=1783205164","","Wire-free maternity nursing bra","ready_for_review","Identity is based on the product title; verify the visible color, view, and details before approval."
"gid://shopify/Product/8379407040701","Wirefree Maternity Nursing Bra","https://cdn.shopify.com/s/files/1/0778/3278/2013/files/Sdc64e7a03fd2482f8874a70ae0b35888L.webp?v=1783205164","","Wire-free maternity nursing bra","ready_for_review","Identity is based on the product title; verify the visible color, view, and details before approval."
"gid://shopify/Product/8379407040701","Wirefree Maternity Nursing Bra","https://cdn.shopify.com/s/files/1/0778/3278/2013/files/S3fb1eace698048348dc36384dc8bbf5b5.webp?v=1783205164","","Wire-free maternity nursing bra","ready_for_review","Identity is based on the product title; verify the visible color, view, and details before approval."
"gid://shopify/Product/8379407040701","Wirefree Maternity Nursing Bra","https://cdn.shopify.com/s/files/1/0778/3278/2013/files/Sa754167413c34c148073bafd7e0562b06.webp?v=1783205164","","Wire-free maternity nursing bra","ready_for_review","Identity is based on the product title; verify the visible color, view, and details before approval."
"gid://shopify/Product/8379407040701","Wirefree Maternity Nursing Bra","https://cdn.shopify.com/s/files/1/0778/3278/2013/files/S14fc94f055724224aa0164a2b770e48f0.webp?v=1783205164","","Wire-free maternity nursing bra","ready_for_review","Identity is based on the product title; verify the visible color, view, and details before approval."
"gid://shopify/Product/8379407040701","Wirefree Maternity Nursing Bra","https://cdn.shopify.com/s/files/1/0778/3278/2013/files/S4539bb1ef682449c9f13484279f97527U.webp?v=1783205164","","Wire-free maternity nursing bra","ready_for_review","Identity is based on the product title; verify the visible color, view, and details before approval."
"gid://shopify/Product/8379407040701","Wirefree Maternity Nursing Bra","https://cdn.shopify.com/s/files/1/0778/3278/2013/files/Sde24a668ae9a4deb8e50f1826010979fX.webp?v=1783205164","","Wire-free maternity nursing bra","ready_for_review","Identity is based on the product title; verify the visible color, view, and details before approval."
"gid://shopify/Product/8379407073469","Gathered Lift Full-Cup Bra — Wire-Free Support","https://cdn.shopify.com/s/files/1/0778/3278/2013/files/S6c05f375d96b4218817c8a1bb6473755w.webp?v=1783205165","","Gathered full-cup wire-free bra","ready_for_review","Identity is based on the product title; verify the visible color, view, and details before approval."
"gid://shopify/Product/8379407073469","Gathered Lift Full-Cup Bra — Wire-Free Support","https://cdn.shopify.com/s/files/1/0778/3278/2013/files/S54dcaef07e27402083fc399fcde02d62F.webp?v=1783205165","","Gathered full-cup wire-free bra","ready_for_review","Identity is based on the product title; verify the visible color, view, and details before approval."
"gid://shopify/Product/8379407073469","Gathered Lift Full-Cup Bra — Wire-Free Support","https://cdn.shopify.com/s/files/1/0778/3278/2013/files/Sd3adc8cbf8ab4421b4db00b4e6269f9ed.webp?v=1783205165","","Gathered full-cup wire-free bra","ready_for_review","Identity is based on the product title; verify the visible color, view, and details before approval."
"gid://shopify/Product/8379407073469","Gathered Lift Full-Cup Bra — Wire-Free Support","https://cdn.shopify.com/s/files/1/0778/3278/2013/files/See90d187d48645ee91e17d7a07c75733e.webp?v=1783205165","","Gathered full-cup wire-free bra","ready_for_review","Identity is based on the product title; verify the visible color, view, and details before approval."
"gid://shopify/Product/8379407073469","Gathered Lift Full-Cup Bra — Wire-Free Support","https://cdn.shopify.com/s/files/1/0778/3278/2013/files/Sb1a3f5b59ba540cf8461f181b2bd91b6Q.webp?v=1783205165","","Gathered full-cup wire-free bra","ready_for_review","Identity is based on the product title; verify the visible color, view, and details before approval."
"gid://shopify/Product/8379407073469","Gathered Lift Full-Cup Bra — Wire-Free Support","https://cdn.shopify.com/s/files/1/0778/3278/2013/files/Sd1ce09db03a14f3a8d047538aa10126dO.webp?v=1783205164","","Gathered full-cup wire-free bra","ready_for_review","Identity is based on the product title; verify the visible color, view, and details before approval."
"gid://shopify/Product/8379407073469","Gathered Lift Full-Cup Bra — Wire-Free Support","https://cdn.shopify.com/s/files/1/0778/3278/2013/files/Sda826bd3514d4ffdb6bf64ea0f5663f6L.webp?v=1783205165","","Gathered full-cup wire-free bra","ready_for_review","Identity is based on the product title; verify the visible color, view, and details before approval."
"gid://shopify/Product/8379407073469","Gathered Lift Full-Cup Bra — Wire-Free Support","https://cdn.shopify.com/s/files/1/0778/3278/2013/files/S647b1d30647f413a9796d32d146f8503p.webp?v=1783205164","","Gathered full-cup wire-free bra","ready_for_review","Identity is based on the product title; verify the visible color, view, and details before approval."
"gid://shopify/Product/8379407073469","Gathered Lift Full-Cup Bra — Wire-Free Support","https://cdn.shopify.com/s/files/1/0778/3278/2013/files/S79e26d0e19364904b0921b46721e99a7C.webp?v=1783205165","","Gathered full-cup wire-free bra","ready_for_review","Identity is based on the product title; verify the visible color, view, and details before approval."
"gid://shopify/Product/8379407073469","Gathered Lift Full-Cup Bra — Wire-Free Support","https://cdn.shopify.com/s/files/1/0778/3278/2013/files/Sdc22e160afe34f1d8b2ec473d378dce1n.webp?v=1783205164","","Gathered full-cup wire-free bra","ready_for_review","Identity is based on the product title; verify the visible color, view, and details before approval."
"gid://shopify/Product/8379407073469","Gathered Lift Full-Cup Bra — Wire-Free Support","https://cdn.shopify.com/s/files/1/0778/3278/2013/files/S6de372c6620f467f8e8dbed50454650f7.webp?v=1783205165","","Gathered full-cup wire-free bra","ready_for_review","Identity is based on the product title; verify the visible color, view, and details before approval."
"gid://shopify/Product/8379407073469","Gathered Lift Full-Cup Bra — Wire-Free Support","https://cdn.shopify.com/s/files/1/0778/3278/2013/files/S286f69b919754facbd80fa5df8518e09N.webp?v=1783205164","","Gathered full-cup wire-free bra","ready_for_review","Identity is based on the product title; verify the visible color, view, and details before approval."
"gid://shopify/Product/8379407073469","Gathered Lift Full-Cup Bra — Wire-Free Support","https://cdn.shopify.com/s/files/1/0778/3278/2013/files/S6c91dbe10b3e4fedbfc824f833fb5638M.webp?v=1783205164","","Gathered full-cup wire-free bra","ready_for_review","Identity is based on the product title; verify the visible color, view, and details before approval."
"gid://shopify/Product/8379407073469","Gathered Lift Full-Cup Bra — Wire-Free Support","https://cdn.shopify.com/s/files/1/0778/3278/2013/files/Sf0a81107c5f3495496566a595014d27dq.webp?v=1783205165","","Gathered full-cup wire-free bra","ready_for_review","Identity is based on the product title; verify the visible color, view, and details before approval."
"gid://shopify/Product/8379407073469","Gathered Lift Full-Cup Bra — Wire-Free Support","https://cdn.shopify.com/s/files/1/0778/3278/2013/files/S40ee411bb2ae4a55aef9931c0af37ecdh.webp?v=1783205165","","Gathered full-cup wire-free bra","ready_for_review","Identity is based on the product title; verify the visible color, view, and details before approval."
"gid://shopify/Product/8379407073469","Gathered Lift Full-Cup Bra — Wire-Free Support","https://cdn.shopify.com/s/files/1/0778/3278/2013/files/Sd5427ca9742447648f0d056091e5a945C.webp?v=1783205164","","Gathered full-cup wire-free bra","ready_for_review","Identity is based on the product title; verify the visible color, view, and details before approval."
"gid://shopify/Product/8379407073469","Gathered Lift Full-Cup Bra — Wire-Free Support","https://cdn.shopify.com/s/files/1/0778/3278/2013/files/Sf83638ed379243c08f54e0b90d326aecW.webp?v=1783205164","","Gathered full-cup wire-free bra","ready_for_review","Identity is based on the product title; verify the visible color, view, and details before approval."
"gid://shopify/Product/8379407073469","Gathered Lift Full-Cup Bra — Wire-Free Support","https://cdn.shopify.com/s/files/1/0778/3278/2013/files/S66627a6c393f4aaf848fbdcf1dcf71bbo.webp?v=1783205165","","Gathered full-cup wire-free bra","ready_for_review","Identity is based on the product title; verify the visible color, view, and details before approval."
"gid://shopify/Product/8379407073469","Gathered Lift Full-Cup Bra — Wire-Free Support","https://cdn.shopify.com/s/files/1/0778/3278/2013/files/Saaac47492b644aa5bc7074c9f8b58cf7T.webp?v=1783205165","","Gathered full-cup wire-free bra","ready_for_review","Identity is based on the product title; verify the visible color, view, and details before approval."
"gid://shopify/Product/8379407073469","Gathered Lift Full-Cup Bra — Wire-Free Support","https://cdn.shopify.com/s/files/1/0778/3278/2013/files/Sc1b65fe9da7e4d9da1a1774370e082628.webp?v=1783205165","","Gathered full-cup wire-free bra","ready_for_review","Identity is based on the product title; verify the visible color, view, and details before approval."
"gid://shopify/Product/8379407073469","Gathered Lift Full-Cup Bra — Wire-Free Support","https://cdn.shopify.com/s/files/1/0778/3278/2013/files/S6e16d494eb1b43f0909227802fbb1553R.webp?v=1783205165","","Gathered full-cup wire-free bra","ready_for_review","Identity is based on the product title; verify the visible color, view, and details before approval."
"gid://shopify/Product/8379407073469","Gathered Lift Full-Cup Bra — Wire-Free Support","https://cdn.shopify.com/s/files/1/0778/3278/2013/files/S47cf091928824584b70dba2bd6a4413at.webp?v=1783205164","","Gathered full-cup wire-free bra","ready_for_review","Identity is based on the product title; verify the visible color, view, and details before approval."
"gid://shopify/Product/8379407073469","Gathered Lift Full-Cup Bra — Wire-Free Support","https://cdn.shopify.com/s/files/1/0778/3278/2013/files/S807ea1bed6594115a63817cc32c68df3q.webp?v=1783205165","","Gathered full-cup wire-free bra","ready_for_review","Identity is based on the product title; verify the visible color, view, and details before approval."
"gid://shopify/Product/8379407073469","Gathered Lift Full-Cup Bra — Wire-Free Support","https://cdn.shopify.com/s/files/1/0778/3278/2013/files/Sd5296755bdee467dafd8a40531f9395cB.webp?v=1783205165","","Gathered full-cup wire-free bra","ready_for_review","Identity is based on the product title; verify the visible color, view, and details before approval."
"gid://shopify/Product/8379407073469","Gathered Lift Full-Cup Bra — Wire-Free Support","https://cdn.shopify.com/s/files/1/0778/3278/2013/files/S0a554e84ec98470eb21c33699fe3c29fY.webp?v=1783205164","","Gathered full-cup wire-free bra","ready_for_review","Identity is based on the product title; verify the visible color, view, and details before approval."
"gid://shopify/Product/8379407073469","Gathered Lift Full-Cup Bra — Wire-Free Support","https://cdn.shopify.com/s/files/1/0778/3278/2013/files/S2124f200264b4984853265f67819e623b.webp?v=1783205164","","Gathered full-cup wire-free bra","ready_for_review","Identity is based on the product title; verify the visible color, view, and details before approval."
"gid://shopify/Product/8379407073469","Gathered Lift Full-Cup Bra — Wire-Free Support","https://cdn.shopify.com/s/files/1/0778/3278/2013/files/S131bbf93901c4e51ac3e57c0674eb9df5.webp?v=1783205165","","Gathered full-cup wire-free bra","ready_for_review","Identity is based on the product title; verify the visible color, view, and details before approval."
"gid://shopify/Product/8379407073469","Gathered Lift Full-Cup Bra — Wire-Free Support","https://cdn.shopify.com/s/files/1/0778/3278/2013/files/Sad46b95d14d04eb79e81396ee109ff4f9.webp?v=1783205165","","Gathered full-cup wire-free bra","ready_for_review","Identity is based on the product title; verify the visible color, view, and details before approval."
"gid://shopify/Product/8379407073469","Gathered Lift Full-Cup Bra — Wire-Free Support","https://cdn.shopify.com/s/files/1/0778/3278/2013/files/S4852e3213fc645b9aa961e318d05f195E.webp?v=1783205165","","Gathered full-cup wire-free bra","ready_for_review","Identity is based on the product title; verify the visible color, view, and details before approval."
"gid://shopify/Product/8379407073469","Gathered Lift Full-Cup Bra — Wire-Free Support","https://cdn.shopify.com/s/files/1/0778/3278/2013/files/Sbff9f1e8a5d348cfa5cb6ee89e1542412.webp?v=1783205165","","Gathered full-cup wire-free bra","ready_for_review","Identity is based on the product title; verify the visible color, view, and details before approval."
"gid://shopify/Product/8379407073469","Gathered Lift Full-Cup Bra — Wire-Free Support","https://cdn.shopify.com/s/files/1/0778/3278/2013/files/Sb518b38ebe87479e835cbe9a2cd1b154J.webp?v=1783205165","","Gathered full-cup wire-free bra","ready_for_review","Identity is based on the product title; verify the visible color, view, and details before approval."
"gid://shopify/Product/8379407204541","Night Reflective Windbreaker Jacket","https://cdn.shopify.com/s/files/1/0778/3278/2013/files/S45f77bf60b0a4d9ab7a686a3e815d63ch.webp?v=1783205444","","Reflective windbreaker jacket","ready_for_review","Identity is based on the product title; verify the visible color, view, and details before approval."
"gid://shopify/Product/8379407204541","Night Reflective Windbreaker Jacket","https://cdn.shopify.com/s/files/1/0778/3278/2013/files/S38fb563bc4e449418184d65526f64edeF.webp?v=1783205443","","Reflective windbreaker jacket","ready_for_review","Identity is based on the product title; verify the visible color, view, and details before approval."
"gid://shopify/Product/8379407204541","Night Reflective Windbreaker Jacket","https://cdn.shopify.com/s/files/1/0778/3278/2013/files/Sebe36b55e5c444d69dac79fa90a24934b.webp?v=1783205443","","Reflective windbreaker jacket","ready_for_review","Identity is based on the product title; verify the visible color, view, and details before approval."
"gid://shopify/Product/8379407204541","Night Reflective Windbreaker Jacket","https://cdn.shopify.com/s/files/1/0778/3278/2013/files/S0fb482d342784719a17fc4d01e92efd5B.webp?v=1783205443","","Reflective windbreaker jacket","ready_for_review","Identity is based on the product title; verify the visible color, view, and details before approval."
"gid://shopify/Product/8379407204541","Night Reflective Windbreaker Jacket","https://cdn.shopify.com/s/files/1/0778/3278/2013/files/S0e029d41290f42b38ed82370a24e7424E.webp?v=1783205444","","Reflective windbreaker jacket","ready_for_review","Identity is based on the product title; verify the visible color, view, and details before approval."
"gid://shopify/Product/8379407204541","Night Reflective Windbreaker Jacket","https://cdn.shopify.com/s/files/1/0778/3278/2013/files/Sbaca289389874e7992a0538198f2e843L.webp?v=1783205444","","Reflective windbreaker jacket","ready_for_review","Identity is based on the product title; verify the visible color, view, and details before approval."
"gid://shopify/Product/8379407204541","Night Reflective Windbreaker Jacket","https://cdn.shopify.com/s/files/1/0778/3278/2013/files/S046e2bf2757544bf9a3aa5566eabf81bG.webp?v=1783205444","","Reflective windbreaker jacket","ready_for_review","Identity is based on the product title; verify the visible color, view, and details before approval."
"gid://shopify/Product/8379407204541","Night Reflective Windbreaker Jacket","https://cdn.shopify.com/s/files/1/0778/3278/2013/files/Se2a9e710b00341339e64c9fd715bcbe6H.webp?v=1783205444","","Reflective windbreaker jacket","ready_for_review","Identity is based on the product title; verify the visible color, view, and details before approval."
"gid://shopify/Product/8379407204541","Night Reflective Windbreaker Jacket","https://cdn.shopify.com/s/files/1/0778/3278/2013/files/Sa0febf92f80a420b9615637be1744ff8v.webp?v=1783205445","","Reflective windbreaker jacket","ready_for_review","Identity is based on the product title; verify the visible color, view, and details before approval."
"gid://shopify/Product/8379407204541","Night Reflective Windbreaker Jacket","https://cdn.shopify.com/s/files/1/0778/3278/2013/files/Sc192519315c3484388bffa53bc0892fdP.webp?v=1783205444","","Reflective windbreaker jacket","ready_for_review","Identity is based on the product title; verify the visible color, view, and details before approval."
"gid://shopify/Product/8379407204541","Night Reflective Windbreaker Jacket","https://cdn.shopify.com/s/files/1/0778/3278/2013/files/Sefef96188af04c1c80e54e4e70b80001b.webp?v=1783205443","","Reflective windbreaker jacket","ready_for_review","Identity is based on the product title; verify the visible color, view, and details before approval."
"gid://shopify/Product/8379407204541","Night Reflective Windbreaker Jacket","https://cdn.shopify.com/s/files/1/0778/3278/2013/files/Sce498e38df454066b863b819da5aedf4w.webp?v=1783205443","","Reflective windbreaker jacket","ready_for_review","Identity is based on the product title; verify the visible color, view, and details before approval."
"gid://shopify/Product/8379407204541","Night Reflective Windbreaker Jacket","https://cdn.shopify.com/s/files/1/0778/3278/2013/files/Sc09349e3c9e14ab696785acb8ee326a9s.webp?v=1783205443","","Reflective windbreaker jacket","ready_for_review","Identity is based on the product title; verify the visible color, view, and details before approval."
"gid://shopify/Product/8379407204541","Night Reflective Windbreaker Jacket","https://cdn.shopify.com/s/files/1/0778/3278/2013/files/S18777428d06a4c0e8800ca06352b3e0dY.webp?v=1783205444","","Reflective windbreaker jacket","ready_for_review","Identity is based on the product title; verify the visible color, view, and details before approval."
"gid://shopify/Product/8379407204541","Night Reflective Windbreaker Jacket","https://cdn.shopify.com/s/files/1/0778/3278/2013/files/S3996270360b24685b452238bdf2f1563M.webp?v=1783205443","","Reflective windbreaker jacket","ready_for_review","Identity is based on the product title; verify the visible color, view, and details before approval."
"gid://shopify/Product/8379407204541","Night Reflective Windbreaker Jacket","https://cdn.shopify.com/s/files/1/0778/3278/2013/files/Sf7510bc0e6da4e0ea55d4170d47d7b9cM.webp?v=1783205444","","Reflective windbreaker jacket","ready_for_review","Identity is based on the product title; verify the visible color, view, and details before approval."
"gid://shopify/Product/8379407204541","Night Reflective Windbreaker Jacket","https://cdn.shopify.com/s/files/1/0778/3278/2013/files/Sd4862b12b6064b4aa025ec4f2fb36f21U.webp?v=1783205444","","Reflective windbreaker jacket","ready_for_review","Identity is based on the product title; verify the visible color, view, and details before approval."
"gid://shopify/Product/8379407204541","Night Reflective Windbreaker Jacket","https://cdn.shopify.com/s/files/1/0778/3278/2013/files/S26b6272504df4588b9d5bcff21659c23R.webp?v=1783205443","","Reflective windbreaker jacket","ready_for_review","Identity is based on the product title; verify the visible color, view, and details before approval."
"gid://shopify/Product/8379407204541","Night Reflective Windbreaker Jacket","https://cdn.shopify.com/s/files/1/0778/3278/2013/files/S9fd8e8b64a924168bb59ee68e4f7f661Q.webp?v=1783205443","","Reflective windbreaker jacket","ready_for_review","Identity is based on the product title; verify the visible color, view, and details before approval."
"gid://shopify/Product/8379407237309","Men's Heavy Cotton Vintage Washed Tee","https://cdn.shopify.com/s/files/1/0778/3278/2013/files/S3ffd2726f26f4b459c2bd17b970039bex.webp?v=1783205444","","Men's vintage-washed cotton T-shirt","ready_for_review","Identity is based on the product title; verify the visible color, view, and details before approval."
"gid://shopify/Product/8379407237309","Men's Heavy Cotton Vintage Washed Tee","https://cdn.shopify.com/s/files/1/0778/3278/2013/files/S16cf72b8b34841a6b5b42355cfc9f087B.webp?v=1783205444","","Men's vintage-washed cotton T-shirt","ready_for_review","Identity is based on the product title; verify the visible color, view, and details before approval."
"gid://shopify/Product/8379407237309","Men's Heavy Cotton Vintage Washed Tee","https://cdn.shopify.com/s/files/1/0778/3278/2013/files/Sb764c941c8464f259bb1d9484e396f20d.webp?v=1783205444","","Men's vintage-washed cotton T-shirt","ready_for_review","Identity is based on the product title; verify the visible color, view, and details before approval."
"gid://shopify/Product/8379407237309","Men's Heavy Cotton Vintage Washed Tee","https://cdn.shopify.com/s/files/1/0778/3278/2013/files/S75d1df491d294cc3a07f3cbae1fc71941.webp?v=1783205444","","Men's vintage-washed cotton T-shirt","ready_for_review","Identity is based on the product title; verify the visible color, view, and details before approval."
"gid://shopify/Product/8379407237309","Men's Heavy Cotton Vintage Washed Tee","https://cdn.shopify.com/s/files/1/0778/3278/2013/files/Sb7c7b171a0ca496d8db1df78d1bc6c2cd.webp?v=1783205444","","Men's vintage-washed cotton T-shirt","ready_for_review","Identity is based on the product title; verify the visible color, view, and details before approval."
"gid://shopify/Product/8379407237309","Men's Heavy Cotton Vintage Washed Tee","https://cdn.shopify.com/s/files/1/0778/3278/2013/files/S488aef67ad1d44c2a4e59ae1f9061b5eR.webp?v=1783205445","","Men's vintage-washed cotton T-shirt","ready_for_review","Identity is based on the product title; verify the visible color, view, and details before approval."
"gid://shopify/Product/8379407237309","Men's Heavy Cotton Vintage Washed Tee","https://cdn.shopify.com/s/files/1/0778/3278/2013/files/Scde7d1adfdc949478b6f6736f0ebd1694.webp?v=1783205444","","Men's vintage-washed cotton T-shirt","ready_for_review","Identity is based on the product title; verify the visible color, view, and details before approval."
"gid://shopify/Product/8379407237309","Men's Heavy Cotton Vintage Washed Tee","https://cdn.shopify.com/s/files/1/0778/3278/2013/files/S1dbac47eaeb8410d8e99904c12e9f15cP.webp?v=1783205444","","Men's vintage-washed cotton T-shirt","ready_for_review","Identity is based on the product title; verify the visible color, view, and details before approval."
"gid://shopify/Product/8379407237309","Men's Heavy Cotton Vintage Washed Tee","https://cdn.shopify.com/s/files/1/0778/3278/2013/files/S3a4d4802adab43a0ad2ed9c0948f4d4fw.webp?v=1783205444","","Men's vintage-washed cotton T-shirt","ready_for_review","Identity is based on the product title; verify the visible color, view, and details before approval."
"gid://shopify/Product/8379407237309","Men's Heavy Cotton Vintage Washed Tee","https://cdn.shopify.com/s/files/1/0778/3278/2013/files/S07b92f30d7374b2d98071b6bb5795594y.webp?v=1783205444","","Men's vintage-washed cotton T-shirt","ready_for_review","Identity is based on the product title; verify the visible color, view, and details before approval."
"gid://shopify/Product/8379407237309","Men's Heavy Cotton Vintage Washed Tee","https://cdn.shopify.com/s/files/1/0778/3278/2013/files/Sce0fbd7bb3f44c99bc9ffa8ceb908ae6T.webp?v=1783205444","","Men's vintage-washed cotton T-shirt","ready_for_review","Identity is based on the product title; verify the visible color, view, and details before approval."
"gid://shopify/Product/8379407237309","Men's Heavy Cotton Vintage Washed Tee","https://cdn.shopify.com/s/files/1/0778/3278/2013/files/S075d09fbcf47460d9d6bc39f6b008947Y.webp?v=1783205444","","Men's vintage-washed cotton T-shirt","ready_for_review","Identity is based on the product title; verify the visible color, view, and details before approval."
"gid://shopify/Product/8379407270077","Men's Waffle Knit Round Neck T-Shirt","https://cdn.shopify.com/s/files/1/0778/3278/2013/files/Sbd4e0d6421514b90aa113d700ef888e8u.webp?v=1783205445","","Men's waffle-knit round-neck T-shirt","ready_for_review","Identity is based on the product title; verify the visible color, view, and details before approval."
"gid://shopify/Product/8379407270077","Men's Waffle Knit Round Neck T-Shirt","https://cdn.shopify.com/s/files/1/0778/3278/2013/files/Sfbc25d8d8132422fabe74a82ca99f6e3S.webp?v=1783205445","","Men's waffle-knit round-neck T-shirt","ready_for_review","Identity is based on the product title; verify the visible color, view, and details before approval."
"gid://shopify/Product/8379407270077","Men's Waffle Knit Round Neck T-Shirt","https://cdn.shopify.com/s/files/1/0778/3278/2013/files/S7b9cd2fda8ce48baa651bcf107c8e832x.webp?v=1783205445","","Men's waffle-knit round-neck T-shirt","ready_for_review","Identity is based on the product title; verify the visible color, view, and details before approval."
"gid://shopify/Product/8379407270077","Men's Waffle Knit Round Neck T-Shirt","https://cdn.shopify.com/s/files/1/0778/3278/2013/files/S5fa43ef5c0f745b38eadec3442cb79ebz.webp?v=1783205445","","Men's waffle-knit round-neck T-shirt","ready_for_review","Identity is based on the product title; verify the visible color, view, and details before approval."
"gid://shopify/Product/8379407270077","Men's Waffle Knit Round Neck T-Shirt","https://cdn.shopify.com/s/files/1/0778/3278/2013/files/Sb1341b481dff42fbaa538cfa5804ff39Y.webp?v=1783205445","","Men's waffle-knit round-neck T-shirt","ready_for_review","Identity is based on the product title; verify the visible color, view, and details before approval."
"gid://shopify/Product/8379407270077","Men's Waffle Knit Round Neck T-Shirt","https://cdn.shopify.com/s/files/1/0778/3278/2013/files/Sa96b966a09344ee99750e2309a834bfdE.webp?v=1783205445","","Men's waffle-knit round-neck T-shirt","ready_for_review","Identity is based on the product title; verify the visible color, view, and details before approval."
"gid://shopify/Product/8379407270077","Men's Waffle Knit Round Neck T-Shirt","https://cdn.shopify.com/s/files/1/0778/3278/2013/files/Sfc27569b59cf4b6cb3748fb8ed827678P.webp?v=1783205445","","Men's waffle-knit round-neck T-shirt","ready_for_review","Identity is based on the product title; verify the visible color, view, and details before approval."
"gid://shopify/Product/8379407270077","Men's Waffle Knit Round Neck T-Shirt","https://cdn.shopify.com/s/files/1/0778/3278/2013/files/S8ea2d9bec2074f33bcd35e5e08c0d78bB.webp?v=1783205447","","Men's waffle-knit round-neck T-shirt","ready_for_review","Identity is based on the product title; verify the visible color, view, and details before approval."
"gid://shopify/Product/8379407270077","Men's Waffle Knit Round Neck T-Shirt","https://cdn.shopify.com/s/files/1/0778/3278/2013/files/Sae116d50ec0849ec8530c77b1d459ba7d.webp?v=1783205445","","Men's waffle-knit round-neck T-shirt","ready_for_review","Identity is based on the product title; verify the visible color, view, and details before approval."
"gid://shopify/Product/8379407270077","Men's Waffle Knit Round Neck T-Shirt","https://cdn.shopify.com/s/files/1/0778/3278/2013/files/S6a63bc2244c74b4f8381c518f7e28a046.webp?v=1783205445","","Men's waffle-knit round-neck T-shirt","ready_for_review","Identity is based on the product title; verify the visible color, view, and details before approval."
"gid://shopify/Product/8379407270077","Men's Waffle Knit Round Neck T-Shirt","https://cdn.shopify.com/s/files/1/0778/3278/2013/files/S697646c406a64a2d8bf05582817126c2o.webp?v=1783205445","","Men's waffle-knit round-neck T-shirt","ready_for_review","Identity is based on the product title; verify the visible color, view, and details before approval."
"gid://shopify/Product/8379407270077","Men's Waffle Knit Round Neck T-Shirt","https://cdn.shopify.com/s/files/1/0778/3278/2013/files/S1fc7608b8f3441ff9a3306b1d36387acq.webp?v=1783205445","","Men's waffle-knit round-neck T-shirt","ready_for_review","Identity is based on the product title; verify the visible color, view, and details before approval."
"gid://shopify/Product/8379407270077","Men's Waffle Knit Round Neck T-Shirt","https://cdn.shopify.com/s/files/1/0778/3278/2013/files/Sd45b5330096d422e80492b4470e4e5f3i.webp?v=1783205445","","Men's waffle-knit round-neck T-shirt","ready_for_review","Identity is based on the product title; verify the visible color, view, and details before approval."
"gid://shopify/Product/8379407270077","Men's Waffle Knit Round Neck T-Shirt","https://cdn.shopify.com/s/files/1/0778/3278/2013/files/S3ea290c805494e329ca7ecd1854cb5b8u.webp?v=1783205445","","Men's waffle-knit round-neck T-shirt","ready_for_review","Identity is based on the product title; verify the visible color, view, and details before approval."
"gid://shopify/Product/8379407270077","Men's Waffle Knit Round Neck T-Shirt","https://cdn.shopify.com/s/files/1/0778/3278/2013/files/S4e01f831e021451292c2d0289a48022ef.webp?v=1783205445","","Men's waffle-knit round-neck T-shirt","ready_for_review","Identity is based on the product title; verify the visible color, view, and details before approval."
"gid://shopify/Product/8379407302845","Men's Baseball Collar Casual Jacket","https://cdn.shopify.com/s/files/1/0778/3278/2013/files/S57dcf03b59a04f27a85c03d4bb0bb4db8.webp?v=1783205446","","Men's baseball-collar casual jacket","ready_for_review","Identity is based on the product title; verify the visible color, view, and details before approval."
"gid://shopify/Product/8379407302845","Men's Baseball Collar Casual Jacket","https://cdn.shopify.com/s/files/1/0778/3278/2013/files/Se8e6981290e342e98c05f117d4ef01edM.webp?v=1783205446","","Men's baseball-collar casual jacket","ready_for_review","Identity is based on the product title; verify the visible color, view, and details before approval."
"gid://shopify/Product/8379407302845","Men's Baseball Collar Casual Jacket","https://cdn.shopify.com/s/files/1/0778/3278/2013/files/S24e59c43410b404eb18b0df9f05770171.webp?v=1783205446","","Men's baseball-collar casual jacket","ready_for_review","Identity is based on the product title; verify the visible color, view, and details before approval."
"gid://shopify/Product/8379407302845","Men's Baseball Collar Casual Jacket","https://cdn.shopify.com/s/files/1/0778/3278/2013/files/Sa070da4590f64213b6f214070aa114a6z.webp?v=1783205446","","Men's baseball-collar casual jacket","ready_for_review","Identity is based on the product title; verify the visible color, view, and details before approval."
"gid://shopify/Product/8379407302845","Men's Baseball Collar Casual Jacket","https://cdn.shopify.com/s/files/1/0778/3278/2013/files/Scf367ce17f36412c9947bf95eceb4558L.webp?v=1783205446","","Men's baseball-collar casual jacket","ready_for_review","Identity is based on the product title; verify the visible color, view, and details before approval."
"gid://shopify/Product/8379407302845","Men's Baseball Collar Casual Jacket","https://cdn.shopify.com/s/files/1/0778/3278/2013/files/S8252d7a80ad34486ae6c70e2f3701af8n.webp?v=1783205446","","Men's baseball-collar casual jacket","ready_for_review","Identity is based on the product title; verify the visible color, view, and details before approval."
"gid://shopify/Product/8379407302845","Men's Baseball Collar Casual Jacket","https://cdn.shopify.com/s/files/1/0778/3278/2013/files/S89ad4136744a4ca484de9fd215bea0a5D.webp?v=1783205446","","Men's baseball-collar casual jacket","ready_for_review","Identity is based on the product title; verify the visible color, view, and details before approval."
"gid://shopify/Product/8379407302845","Men's Baseball Collar Casual Jacket","https://cdn.shopify.com/s/files/1/0778/3278/2013/files/S48017535118a44d9998e72927909daa45.webp?v=1783205446","","Men's baseball-collar casual jacket","ready_for_review","Identity is based on the product title; verify the visible color, view, and details before approval."
"gid://shopify/Product/8379407302845","Men's Baseball Collar Casual Jacket","https://cdn.shopify.com/s/files/1/0778/3278/2013/files/S27b6adeaa44e4b18830535febe07e30cW.webp?v=1783205446","","Men's baseball-collar casual jacket","ready_for_review","Identity is based on the product title; verify the visible color, view, and details before approval."
"gid://shopify/Product/8379407302845","Men's Baseball Collar Casual Jacket","https://cdn.shopify.com/s/files/1/0778/3278/2013/files/S73159a2bb70b49e19e05487e9469133cw.webp?v=1783205446","","Men's baseball-collar casual jacket","ready_for_review","Identity is based on the product title; verify the visible color, view, and details before approval."
"gid://shopify/Product/8379407302845","Men's Baseball Collar Casual Jacket","https://cdn.shopify.com/s/files/1/0778/3278/2013/files/Sd70cc9dc7b28493692de21747fdb55077.webp?v=1783205447","","Men's baseball-collar casual jacket","ready_for_review","Identity is based on the product title; verify the visible color, view, and details before approval."
"gid://shopify/Product/8379407302845","Men's Baseball Collar Casual Jacket","https://cdn.shopify.com/s/files/1/0778/3278/2013/files/S27f26151c73849afa74c0fcd46b6e4a49.webp?v=1783205446","","Men's baseball-collar casual jacket","ready_for_review","Identity is based on the product title; verify the visible color, view, and details before approval."
"gid://shopify/Product/8379407302845","Men's Baseball Collar Casual Jacket","https://cdn.shopify.com/s/files/1/0778/3278/2013/files/S191e7dc081cf4a679600f8c497388759t.webp?v=1783205446","","Men's baseball-collar casual jacket","ready_for_review","Identity is based on the product title; verify the visible color, view, and details before approval."
"gid://shopify/Product/8379407302845","Men's Baseball Collar Casual Jacket","https://cdn.shopify.com/s/files/1/0778/3278/2013/files/S29c1dfff8e644d92b13ac69e783aaa49G.webp?v=1783205446","","Men's baseball-collar casual jacket","ready_for_review","Identity is based on the product title; verify the visible color, view, and details before approval."
"gid://shopify/Product/8379407302845","Men's Baseball Collar Casual Jacket","https://cdn.shopify.com/s/files/1/0778/3278/2013/files/S36e2a2ccf86245218068ffa5d5127e31M.webp?v=1783205446","","Men's baseball-collar casual jacket","ready_for_review","Identity is based on the product title; verify the visible color, view, and details before approval."
"gid://shopify/Product/8379407302845","Men's Baseball Collar Casual Jacket","https://cdn.shopify.com/s/files/1/0778/3278/2013/files/S2a8a2eb8aa3d40edbaa3d2e9fa734652g.webp?v=1783205446","","Men's baseball-collar casual jacket","ready_for_review","Identity is based on the product title; verify the visible color, view, and details before approval."
"gid://shopify/Product/8379407302845","Men's Baseball Collar Casual Jacket","https://cdn.shopify.com/s/files/1/0778/3278/2013/files/Sc1756c3d000b4ca4879f471462c8ec13W.webp?v=1783205446","","Men's baseball-collar casual jacket","ready_for_review","Identity is based on the product title; verify the visible color, view, and details before approval."
"gid://shopify/Product/8379407302845","Men's Baseball Collar Casual Jacket","https://cdn.shopify.com/s/files/1/0778/3278/2013/files/S0e124b11f4534ee485eb448193296f0cT.webp?v=1783205446","","Men's baseball-collar casual jacket","ready_for_review","Identity is based on the product title; verify the visible color, view, and details before approval."
"gid://shopify/Product/8379407302845","Men's Baseball Collar Casual Jacket","https://cdn.shopify.com/s/files/1/0778/3278/2013/files/S5400d757333a4bbc9367e4eae1f456d8r.webp?v=1783205446","","Men's baseball-collar casual jacket","ready_for_review","Identity is based on the product title; verify the visible color, view, and details before approval."
"gid://shopify/Product/8379407302845","Men's Baseball Collar Casual Jacket","https://cdn.shopify.com/s/files/1/0778/3278/2013/files/Sfdf74c361bfe4de09e30719a00eef3d4B.webp?v=1783205448","","Men's baseball-collar casual jacket","ready_for_review","Identity is based on the product title; verify the visible color, view, and details before approval."
"gid://shopify/Product/8379407302845","Men's Baseball Collar Casual Jacket","https://cdn.shopify.com/s/files/1/0778/3278/2013/files/S06ac987899fb459f91c11123a649ef94y.webp?v=1783205446","","Men's baseball-collar casual jacket","ready_for_review","Identity is based on the product title; verify the visible color, view, and details before approval."
"gid://shopify/Product/8379407302845","Men's Baseball Collar Casual Jacket","https://cdn.shopify.com/s/files/1/0778/3278/2013/files/Sd813a465f09d45468683ffd8cb478d60h.webp?v=1783205446","","Men's baseball-collar casual jacket","ready_for_review","Identity is based on the product title; verify the visible color, view, and details before approval."
"gid://shopify/Product/8379407302845","Men's Baseball Collar Casual Jacket","https://cdn.shopify.com/s/files/1/0778/3278/2013/files/Sb3bcf0316b5945e18bb5431c9b101ec6D.webp?v=1783205446","","Men's baseball-collar casual jacket","ready_for_review","Identity is based on the product title; verify the visible color, view, and details before approval."
"gid://shopify/Product/8379407302845","Men's Baseball Collar Casual Jacket","https://cdn.shopify.com/s/files/1/0778/3278/2013/files/S9826013b6e3349c7af24f74cc8f29550k.webp?v=1783205446","","Men's baseball-collar casual jacket","ready_for_review","Identity is based on the product title; verify the visible color, view, and details before approval."
"gid://shopify/Product/8379407302845","Men's Baseball Collar Casual Jacket","https://cdn.shopify.com/s/files/1/0778/3278/2013/files/S4187d4a8fcb342279850c2507dbce0c9q.webp?v=1783205446","","Men's baseball-collar casual jacket","ready_for_review","Identity is based on the product title; verify the visible color, view, and details before approval."
"gid://shopify/Product/8379407302845","Men's Baseball Collar Casual Jacket","https://cdn.shopify.com/s/files/1/0778/3278/2013/files/Scd82bb9facea41e0ad4e3dba4df53c43z.webp?v=1783205446","","Men's baseball-collar casual jacket","ready_for_review","Identity is based on the product title; verify the visible color, view, and details before approval."
"gid://shopify/Product/8379407302845","Men's Baseball Collar Casual Jacket","https://cdn.shopify.com/s/files/1/0778/3278/2013/files/S471c563097244e708d8584d8afabbdeen.webp?v=1783205447","","Men's baseball-collar casual jacket","ready_for_review","Identity is based on the product title; verify the visible color, view, and details before approval."
"gid://shopify/Product/8379407302845","Men's Baseball Collar Casual Jacket","https://cdn.shopify.com/s/files/1/0778/3278/2013/files/Se019cde6a2bb40c29f2f42d54f04006aN.webp?v=1783205446","","Men's baseball-collar casual jacket","ready_for_review","Identity is based on the product title; verify the visible color, view, and details before approval."
"gid://shopify/Product/8379407302845","Men's Baseball Collar Casual Jacket","https://cdn.shopify.com/s/files/1/0778/3278/2013/files/Sd717dbceb8454540a92acc1dc52b9c556.webp?v=1783205446","","Men's baseball-collar casual jacket","ready_for_review","Identity is based on the product title; verify the visible color, view, and details before approval."
"gid://shopify/Product/8379407302845","Men's Baseball Collar Casual Jacket","https://cdn.shopify.com/s/files/1/0778/3278/2013/files/S1421f4e1121d4bcc808011e498317822h.webp?v=1783205446","","Men's baseball-collar casual jacket","ready_for_review","Identity is based on the product title; verify the visible color, view, and details before approval."
"gid://shopify/Product/8379407302845","Men's Baseball Collar Casual Jacket","https://cdn.shopify.com/s/files/1/0778/3278/2013/files/S92ffafd05017400abf6ea97b9486a60cE.webp?v=1783205446","","Men's baseball-collar casual jacket","ready_for_review","Identity is based on the product title; verify the visible color, view, and details before approval."
"gid://shopify/Product/8379407302845","Men's Baseball Collar Casual Jacket","https://cdn.shopify.com/s/files/1/0778/3278/2013/files/Se725463014a74e4f88d8eb759c6e6eb5Q.webp?v=1783205446","","Men's baseball-collar casual jacket","ready_for_review","Identity is based on the product title; verify the visible color, view, and details before approval."
"gid://shopify/Product/8379407335613","Men's Turtleneck Knit Pullover Sweater","https://cdn.shopify.com/s/files/1/0778/3278/2013/files/Sbfe7ba7521344ac18420bd67913b862ey.webp?v=1783205445","","Men's turtleneck knit pullover sweater","ready_for_review","Identity is based on the product title; verify the visible color, view, and details before approval."
"gid://shopify/Product/8379407335613","Men's Turtleneck Knit Pullover Sweater","https://cdn.shopify.com/s/files/1/0778/3278/2013/files/S530900862ccd476abb5c30e84a17f683K.webp?v=1783205445","","Men's turtleneck knit pullover sweater","ready_for_review","Identity is based on the product title; verify the visible color, view, and details before approval."
"gid://shopify/Product/8379407335613","Men's Turtleneck Knit Pullover Sweater","https://cdn.shopify.com/s/files/1/0778/3278/2013/files/S4749327a9c0b4267b7f10185a69d2b8bF.webp?v=1783205445","","Men's turtleneck knit pullover sweater","ready_for_review","Identity is based on the product title; verify the visible color, view, and details before approval."
"gid://shopify/Product/8379407335613","Men's Turtleneck Knit Pullover Sweater","https://cdn.shopify.com/s/files/1/0778/3278/2013/files/S4fbe14395a8f4cdaa491233ae95e7684A.webp?v=1783205445","","Men's turtleneck knit pullover sweater","ready_for_review","Identity is based on the product title; verify the visible color, view, and details before approval."
"gid://shopify/Product/8379407335613","Men's Turtleneck Knit Pullover Sweater","https://cdn.shopify.com/s/files/1/0778/3278/2013/files/S4244503e2e034a23876f599755eb2f1cc.webp?v=1783205445","","Men's turtleneck knit pullover sweater","ready_for_review","Identity is based on the product title; verify the visible color, view, and details before approval."
"gid://shopify/Product/8379407335613","Men's Turtleneck Knit Pullover Sweater","https://cdn.shopify.com/s/files/1/0778/3278/2013/files/S1a10075f07a748469c2762c6310556540.webp?v=1783205445","","Men's turtleneck knit pullover sweater","ready_for_review","Identity is based on the product title; verify the visible color, view, and details before approval."
"gid://shopify/Product/8379407335613","Men's Turtleneck Knit Pullover Sweater","https://cdn.shopify.com/s/files/1/0778/3278/2013/files/S87e3c90fb3994a37998e153c6d49d58c9.webp?v=1783205445","","Men's turtleneck knit pullover sweater","ready_for_review","Identity is based on the product title; verify the visible color, view, and details before approval."
"gid://shopify/Product/8379407335613","Men's Turtleneck Knit Pullover Sweater","https://cdn.shopify.com/s/files/1/0778/3278/2013/files/S46da9fcb26ec4585822e43660b57a7663.webp?v=1783205445","","Men's turtleneck knit pullover sweater","ready_for_review","Identity is based on the product title; verify the visible color, view, and details before approval."
"gid://shopify/Product/8379407335613","Men's Turtleneck Knit Pullover Sweater","https://cdn.shopify.com/s/files/1/0778/3278/2013/files/Sbf53009c6b5242d0bad8cbf923c24939H.webp?v=1783205445","","Men's turtleneck knit pullover sweater","ready_for_review","Identity is based on the product title; verify the visible color, view, and details before approval."
"gid://shopify/Product/8379407335613","Men's Turtleneck Knit Pullover Sweater","https://cdn.shopify.com/s/files/1/0778/3278/2013/files/S6396cb9d29d245debd89ced05368d4cdj.webp?v=1783205445","","Men's turtleneck knit pullover sweater","ready_for_review","Identity is based on the product title; verify the visible color, view, and details before approval."
"gid://shopify/Product/8379407335613","Men's Turtleneck Knit Pullover Sweater","https://cdn.shopify.com/s/files/1/0778/3278/2013/files/S2922b734181a45a4b813f9c22c2cfc74B.webp?v=1783205445","","Men's turtleneck knit pullover sweater","ready_for_review","Identity is based on the product title; verify the visible color, view, and details before approval."
"gid://shopify/Product/8379407335613","Men's Turtleneck Knit Pullover Sweater","https://cdn.shopify.com/s/files/1/0778/3278/2013/files/S84f2e3d4920e46c7922e95b22ee404a8P.webp?v=1783205445","","Men's turtleneck knit pullover sweater","ready_for_review","Identity is based on the product title; verify the visible color, view, and details before approval."
"gid://shopify/Product/8379407335613","Men's Turtleneck Knit Pullover Sweater","https://cdn.shopify.com/s/files/1/0778/3278/2013/files/S7d9a5ebe4b884ffa8fe7019ddd4d5c45N.webp?v=1783205445","","Men's turtleneck knit pullover sweater","ready_for_review","Identity is based on the product title; verify the visible color, view, and details before approval."
"gid://shopify/Product/8379407335613","Men's Turtleneck Knit Pullover Sweater","https://cdn.shopify.com/s/files/1/0778/3278/2013/files/S018025741c654e76b0d4d5801474c5d2l.webp?v=1783205445","","Men's turtleneck knit pullover sweater","ready_for_review","Identity is based on the product title; verify the visible color, view, and details before approval."
"gid://shopify/Product/8379407335613","Men's Turtleneck Knit Pullover Sweater","https://cdn.shopify.com/s/files/1/0778/3278/2013/files/S8f21bc90a30a41bb946add59ec60fe7do.webp?v=1783205445","","Men's turtleneck knit pullover sweater","ready_for_review","Identity is based on the product title; verify the visible color, view, and details before approval."
"gid://shopify/Product/8379407335613","Men's Turtleneck Knit Pullover Sweater","https://cdn.shopify.com/s/files/1/0778/3278/2013/files/S7acbc49c30714967b4131ccfca80d283j.webp?v=1783205445","","Men's turtleneck knit pullover sweater","ready_for_review","Identity is based on the product title; verify the visible color, view, and details before approval."
"gid://shopify/Product/8379407335613","Men's Turtleneck Knit Pullover Sweater","https://cdn.shopify.com/s/files/1/0778/3278/2013/files/S546cd91fe849404582f975c9c89444413.webp?v=1783205445","","Men's turtleneck knit pullover sweater","ready_for_review","Identity is based on the product title; verify the visible color, view, and details before approval."
"gid://shopify/Product/8379407335613","Men's Turtleneck Knit Pullover Sweater","https://cdn.shopify.com/s/files/1/0778/3278/2013/files/S4d562e039c7c46e28021b8c50ba4df58m.webp?v=1783205445","","Men's turtleneck knit pullover sweater","ready_for_review","Identity is based on the product title; verify the visible color, view, and details before approval."
"gid://shopify/Product/8379407335613","Men's Turtleneck Knit Pullover Sweater","https://cdn.shopify.com/s/files/1/0778/3278/2013/files/S5429b860e60e4ba18569ee09ff4d781d0.webp?v=1783205445","","Men's turtleneck knit pullover sweater","ready_for_review","Identity is based on the product title; verify the visible color, view, and details before approval."
"gid://shopify/Product/8379407335613","Men's Turtleneck Knit Pullover Sweater","https://cdn.shopify.com/s/files/1/0778/3278/2013/files/Sbd42fa6702d847f092a558c44aeb6da6G.webp?v=1783205445","","Men's turtleneck knit pullover sweater","ready_for_review","Identity is based on the product title; verify the visible color, view, and details before approval."
"gid://shopify/Product/8379407335613","Men's Turtleneck Knit Pullover Sweater","https://cdn.shopify.com/s/files/1/0778/3278/2013/files/Sd06cd1ca06224520bcd85cc9bde04f66s.webp?v=1783205445","","Men's turtleneck knit pullover sweater","ready_for_review","Identity is based on the product title; verify the visible color, view, and details before approval."
"gid://shopify/Product/8379407335613","Men's Turtleneck Knit Pullover Sweater","https://cdn.shopify.com/s/files/1/0778/3278/2013/files/S257fbe2e49464b17bb9809978c6a6ea5Q.webp?v=1783205445","","Men's turtleneck knit pullover sweater","ready_for_review","Identity is based on the product title; verify the visible color, view, and details before approval."
"gid://shopify/Product/8379407335613","Men's Turtleneck Knit Pullover Sweater","https://cdn.shopify.com/s/files/1/0778/3278/2013/files/S1c5d5ffdd37a45b9b3c19e6d6b9363a2S.webp?v=1783205445","","Men's turtleneck knit pullover sweater","ready_for_review","Identity is based on the product title; verify the visible color, view, and details before approval."
"gid://shopify/Product/8379407335613","Men's Turtleneck Knit Pullover Sweater","https://cdn.shopify.com/s/files/1/0778/3278/2013/files/Sc7e309d7996a4ce098cc1fc39704f9b7M.webp?v=1783205445","","Men's turtleneck knit pullover sweater","ready_for_review","Identity is based on the product title; verify the visible color, view, and details before approval."
"gid://shopify/Product/8379407335613","Men's Turtleneck Knit Pullover Sweater","https://cdn.shopify.com/s/files/1/0778/3278/2013/files/S056ce1d01a8644af918a368a20bf1f82u.webp?v=1783205445","","Men's turtleneck knit pullover sweater","ready_for_review","Identity is based on the product title; verify the visible color, view, and details before approval."
"gid://shopify/Product/8379407335613","Men's Turtleneck Knit Pullover Sweater","https://cdn.shopify.com/s/files/1/0778/3278/2013/files/Sc2a9d779ab2c491faf5049323f9d2bc4h.webp?v=1783205445","","Men's turtleneck knit pullover sweater","ready_for_review","Identity is based on the product title; verify the visible color, view, and details before approval."
"gid://shopify/Product/8379407335613","Men's Turtleneck Knit Pullover Sweater","https://cdn.shopify.com/s/files/1/0778/3278/2013/files/S8fa3c87540eb436e98b7460198fd3311k.webp?v=1783205445","","Men's turtleneck knit pullover sweater","ready_for_review","Identity is based on the product title; verify the visible color, view, and details before approval."
"gid://shopify/Product/8379407335613","Men's Turtleneck Knit Pullover Sweater","https://cdn.shopify.com/s/files/1/0778/3278/2013/files/Sef74b5f377164fa7a9a82e40f65586ccC.webp?v=1783205445","","Men's turtleneck knit pullover sweater","ready_for_review","Identity is based on the product title; verify the visible color, view, and details before approval."
"gid://shopify/Product/8379407335613","Men's Turtleneck Knit Pullover Sweater","https://cdn.shopify.com/s/files/1/0778/3278/2013/files/S3f46ede1c3a949dd9cf40a8a76bc909d2.webp?v=1783205445","","Men's turtleneck knit pullover sweater","ready_for_review","Identity is based on the product title; verify the visible color, view, and details before approval."
"gid://shopify/Product/8379407368381","Men's Elastic Waist Sports Shorts - Comfortable & Stylish for Summer Adventures","https://cdn.shopify.com/s/files/1/0778/3278/2013/files/Sb73646d1d166433494e7b1b4950bdbcdm.webp?v=1783205446","","Men's elastic-waist sports shorts","ready_for_review","Identity is based on the product title; verify the visible color, view, and details before approval."
"gid://shopify/Product/8379407368381","Men's Elastic Waist Sports Shorts - Comfortable & Stylish for Summer Adventures","https://cdn.shopify.com/s/files/1/0778/3278/2013/files/Sf9eefe97dc1c45bf9b27c78e1efed88dn.webp?v=1783205446","","Men's elastic-waist sports shorts","ready_for_review","Identity is based on the product title; verify the visible color, view, and details before approval."
"gid://shopify/Product/8379407368381","Men's Elastic Waist Sports Shorts - Comfortable & Stylish for Summer Adventures","https://cdn.shopify.com/s/files/1/0778/3278/2013/files/S73b3ce7454444d099f496133ffdc8fa9Q.webp?v=1783205446","","Men's elastic-waist sports shorts","ready_for_review","Identity is based on the product title; verify the visible color, view, and details before approval."
"gid://shopify/Product/8379407368381","Men's Elastic Waist Sports Shorts - Comfortable & Stylish for Summer Adventures","https://cdn.shopify.com/s/files/1/0778/3278/2013/files/S05060d6a08b3486cb4b86b70502f235cM.webp?v=1783205446","","Men's elastic-waist sports shorts","ready_for_review","Identity is based on the product title; verify the visible color, view, and details before approval."
"gid://shopify/Product/8379407368381","Men's Elastic Waist Sports Shorts - Comfortable & Stylish for Summer Adventures","https://cdn.shopify.com/s/files/1/0778/3278/2013/files/Sd1fa0cbe7e394cbea61875c21d0ffcc0U.webp?v=1783205446","","Men's elastic-waist sports shorts","ready_for_review","Identity is based on the product title; verify the visible color, view, and details before approval."
"gid://shopify/Product/8379407368381","Men's Elastic Waist Sports Shorts - Comfortable & Stylish for Summer Adventures","https://cdn.shopify.com/s/files/1/0778/3278/2013/files/S9a67b9fb4a4d4853a43017922fee46ddz.webp?v=1783205446","","Men's elastic-waist sports shorts","ready_for_review","Identity is based on the product title; verify the visible color, view, and details before approval."
"gid://shopify/Product/8379407368381","Men's Elastic Waist Sports Shorts - Comfortable & Stylish for Summer Adventures","https://cdn.shopify.com/s/files/1/0778/3278/2013/files/Sfd65067dc5584e7c9759b7eed773bad8C.webp?v=1783205446","","Men's elastic-waist sports shorts","ready_for_review","Identity is based on the product title; verify the visible color, view, and details before approval."
"gid://shopify/Product/8379407368381","Men's Elastic Waist Sports Shorts - Comfortable & Stylish for Summer Adventures","https://cdn.shopify.com/s/files/1/0778/3278/2013/files/Se7e48e45b4c649fb8d63f4e7e7ee1384r.webp?v=1783205446","","Men's elastic-waist sports shorts","ready_for_review","Identity is based on the product title; verify the visible color, view, and details before approval."
"gid://shopify/Product/8379407368381","Men's Elastic Waist Sports Shorts - Comfortable & Stylish for Summer Adventures","https://cdn.shopify.com/s/files/1/0778/3278/2013/files/S77f2dcb6791548efbe919c69fc906ffeA.webp?v=1783205447","","Men's elastic-waist sports shorts","ready_for_review","Identity is based on the product title; verify the visible color, view, and details before approval."
"gid://shopify/Product/8379407368381","Men's Elastic Waist Sports Shorts - Comfortable & Stylish for Summer Adventures","https://cdn.shopify.com/s/files/1/0778/3278/2013/files/Se7ac13447d644ee0bee0dbdac370aa72e.webp?v=1783205446","","Men's elastic-waist sports shorts","ready_for_review","Identity is based on the product title; verify the visible color, view, and details before approval."
"gid://shopify/Product/8379407368381","Men's Elastic Waist Sports Shorts - Comfortable & Stylish for Summer Adventures","https://cdn.shopify.com/s/files/1/0778/3278/2013/files/S6492a31203064eb5bcf854c4d90a8a97M.webp?v=1783205446","","Men's elastic-waist sports shorts","ready_for_review","Identity is based on the product title; verify the visible color, view, and details before approval."
"gid://shopify/Product/8379407368381","Men's Elastic Waist Sports Shorts - Comfortable & Stylish for Summer Adventures","https://cdn.shopify.com/s/files/1/0778/3278/2013/files/Se58848e8f45f4b43913a9e01588558193.webp?v=1783205446","","Men's elastic-waist sports shorts","ready_for_review","Identity is based on the product title; verify the visible color, view, and details before approval."
"gid://shopify/Product/8379407368381","Men's Elastic Waist Sports Shorts - Comfortable & Stylish for Summer Adventures","https://cdn.shopify.com/s/files/1/0778/3278/2013/files/Sf9d07a092a574bb7903d806b9c3ed97aA.webp?v=1783205446","","Men's elastic-waist sports shorts","ready_for_review","Identity is based on the product title; verify the visible color, view, and details before approval."
"gid://shopify/Product/8379407368381","Men's Elastic Waist Sports Shorts - Comfortable & Stylish for Summer Adventures","https://cdn.shopify.com/s/files/1/0778/3278/2013/files/S4b39700ce0294b37958715aff8eeede3o.webp?v=1783205446","","Men's elastic-waist sports shorts","ready_for_review","Identity is based on the product title; verify the visible color, view, and details before approval."
"gid://shopify/Product/8379407368381","Men's Elastic Waist Sports Shorts - Comfortable & Stylish for Summer Adventures","https://cdn.shopify.com/s/files/1/0778/3278/2013/files/Se5d6225e1c48451b8dd0252369d1e5e57.webp?v=1783205446","","Men's elastic-waist sports shorts","ready_for_review","Identity is based on the product title; verify the visible color, view, and details before approval."
"gid://shopify/Product/8379407368381","Men's Elastic Waist Sports Shorts - Comfortable & Stylish for Summer Adventures","https://cdn.shopify.com/s/files/1/0778/3278/2013/files/S977a01349bf14a9eaef76ac5f3e6322ej.webp?v=1783205446","","Men's elastic-waist sports shorts","ready_for_review","Identity is based on the product title; verify the visible color, view, and details before approval."
"gid://shopify/Product/8379407368381","Men's Elastic Waist Sports Shorts - Comfortable & Stylish for Summer Adventures","https://cdn.shopify.com/s/files/1/0778/3278/2013/files/S198d1efbb132420aba4af5e2298f8dafm.webp?v=1783205446","","Men's elastic-waist sports shorts","ready_for_review","Identity is based on the product title; verify the visible color, view, and details before approval."
"gid://shopify/Product/8379407368381","Men's Elastic Waist Sports Shorts - Comfortable & Stylish for Summer Adventures","https://cdn.shopify.com/s/files/1/0778/3278/2013/files/S26a9624ca2e549dab49a32d8f13f1418m.webp?v=1783205447","","Men's elastic-waist sports shorts","ready_for_review","Identity is based on the product title; verify the visible color, view, and details before approval."
"gid://shopify/Product/8379407368381","Men's Elastic Waist Sports Shorts - Comfortable & Stylish for Summer Adventures","https://cdn.shopify.com/s/files/1/0778/3278/2013/files/S4f2bbf8ae17e446a99adeec156df9200K.webp?v=1783205446","","Men's elastic-waist sports shorts","ready_for_review","Identity is based on the product title; verify the visible color, view, and details before approval."
"gid://shopify/Product/8379407368381","Men's Elastic Waist Sports Shorts - Comfortable & Stylish for Summer Adventures","https://cdn.shopify.com/s/files/1/0778/3278/2013/files/S3eb35eea2dd14cf2b637b77967fd7957w.webp?v=1783205446","","Men's elastic-waist sports shorts","ready_for_review","Identity is based on the product title; verify the visible color, view, and details before approval."
"gid://shopify/Product/8379407368381","Men's Elastic Waist Sports Shorts - Comfortable & Stylish for Summer Adventures","https://cdn.shopify.com/s/files/1/0778/3278/2013/files/S0559cf18137749ab977137b19f1d30fek.webp?v=1783205446","","Men's elastic-waist sports shorts","ready_for_review","Identity is based on the product title; verify the visible color, view, and details before approval."
"gid://shopify/Product/8379407368381","Men's Elastic Waist Sports Shorts - Comfortable & Stylish for Summer Adventures","https://cdn.shopify.com/s/files/1/0778/3278/2013/files/Sd17bbb4c194b4a26a58f33c68cc3f4e71.webp?v=1783205446","","Men's elastic-waist sports shorts","ready_for_review","Identity is based on the product title; verify the visible color, view, and details before approval."
"gid://shopify/Product/8379407368381","Men's Elastic Waist Sports Shorts - Comfortable & Stylish for Summer Adventures","https://cdn.shopify.com/s/files/1/0778/3278/2013/files/Sb90f722e687944949164a507c0e2bf55A.webp?v=1783205447","","Men's elastic-waist sports shorts","ready_for_review","Identity is based on the product title; verify the visible color, view, and details before approval."
"gid://shopify/Product/8379407368381","Men's Elastic Waist Sports Shorts - Comfortable & Stylish for Summer Adventures","https://cdn.shopify.com/s/files/1/0778/3278/2013/files/S6aca4624b028443f8758fc3dea0f783cu.webp?v=1783205446","","Men's elastic-waist sports shorts","ready_for_review","Identity is based on the product title; verify the visible color, view, and details before approval."
"gid://shopify/Product/8379407368381","Men's Elastic Waist Sports Shorts - Comfortable & Stylish for Summer Adventures","https://cdn.shopify.com/s/files/1/0778/3278/2013/files/S9189c9e3b1ba41d3a47609f3d33186dfV.webp?v=1783205446","","Men's elastic-waist sports shorts","ready_for_review","Identity is based on the product title; verify the visible color, view, and details before approval."
"gid://shopify/Product/8379407368381","Men's Elastic Waist Sports Shorts - Comfortable & Stylish for Summer Adventures","https://cdn.shopify.com/s/files/1/0778/3278/2013/files/S26431ab5f04548e2855f8b2b3c3e2727U.webp?v=1783205446","","Men's elastic-waist sports shorts","ready_for_review","Identity is based on the product title; verify the visible color, view, and details before approval."
"gid://shopify/Product/8379407368381","Men's Elastic Waist Sports Shorts - Comfortable & Stylish for Summer Adventures","https://cdn.shopify.com/s/files/1/0778/3278/2013/files/S5d2bc325e63e45fc9946be10a174dedaZ.webp?v=1783205446","","Men's elastic-waist sports shorts","ready_for_review","Identity is based on the product title; verify the visible color, view, and details before approval."
"gid://shopify/Product/8379407401149","Men's Linen Wide Leg Pants — Breathable All-Season","https://cdn.shopify.com/s/files/1/0778/3278/2013/files/Sac69978809474bc2af3275813e53b90cJ.webp?v=1783205448","","Men's linen wide-leg pants","ready_for_review","Identity is based on the product title; verify the visible color, view, and details before approval."
"gid://shopify/Product/8379407401149","Men's Linen Wide Leg Pants — Breathable All-Season","https://cdn.shopify.com/s/files/1/0778/3278/2013/files/Sdfdcc28a60f74f4992b0a17c421217daS.webp?v=1783205448","","Men's linen wide-leg pants","ready_for_review","Identity is based on the product title; verify the visible color, view, and details before approval."
"gid://shopify/Product/8379407401149","Men's Linen Wide Leg Pants — Breathable All-Season","https://cdn.shopify.com/s/files/1/0778/3278/2013/files/S7a1496736a204aef82f0fe19dc02009cw.webp?v=1783205448","","Men's linen wide-leg pants","ready_for_review","Identity is based on the product title; verify the visible color, view, and details before approval."
"gid://shopify/Product/8379407401149","Men's Linen Wide Leg Pants — Breathable All-Season","https://cdn.shopify.com/s/files/1/0778/3278/2013/files/Sbf0c769484344699b76ad87e2cd1f74dT.webp?v=1783205448","","Men's linen wide-leg pants","ready_for_review","Identity is based on the product title; verify the visible color, view, and details before approval."
"gid://shopify/Product/8379407401149","Men's Linen Wide Leg Pants — Breathable All-Season","https://cdn.shopify.com/s/files/1/0778/3278/2013/files/S23719726d13246f1b4978c47a7d62677U.webp?v=1783205448","","Men's linen wide-leg pants","ready_for_review","Identity is based on the product title; verify the visible color, view, and details before approval."
"gid://shopify/Product/8379407401149","Men's Linen Wide Leg Pants — Breathable All-Season","https://cdn.shopify.com/s/files/1/0778/3278/2013/files/Sa426bb24f1244907b449c14ca85fe2f5z.webp?v=1783205448","","Men's linen wide-leg pants","ready_for_review","Identity is based on the product title; verify the visible color, view, and details before approval."
"gid://shopify/Product/8379407401149","Men's Linen Wide Leg Pants — Breathable All-Season","https://cdn.shopify.com/s/files/1/0778/3278/2013/files/Se43a7e66478b44428658b6d90fc21281y.webp?v=1783205448","","Men's linen wide-leg pants","ready_for_review","Identity is based on the product title; verify the visible color, view, and details before approval."
"gid://shopify/Product/8379407401149","Men's Linen Wide Leg Pants — Breathable All-Season","https://cdn.shopify.com/s/files/1/0778/3278/2013/files/Sd4e92d7930da40f9882874b62fa4d8a8O.webp?v=1783205448","","Men's linen wide-leg pants","ready_for_review","Identity is based on the product title; verify the visible color, view, and details before approval."
"gid://shopify/Product/8379407401149","Men's Linen Wide Leg Pants — Breathable All-Season","https://cdn.shopify.com/s/files/1/0778/3278/2013/files/S94cae1e539d440539ab16a94aeada5e70.webp?v=1783205448","","Men's linen wide-leg pants","ready_for_review","Identity is based on the product title; verify the visible color, view, and details before approval."
"gid://shopify/Product/8379407401149","Men's Linen Wide Leg Pants — Breathable All-Season","https://cdn.shopify.com/s/files/1/0778/3278/2013/files/S64bc36a2b60a40cf88dccd1319a4268bO.webp?v=1783205448","","Men's linen wide-leg pants","ready_for_review","Identity is based on the product title; verify the visible color, view, and details before approval."
"gid://shopify/Product/8379407401149","Men's Linen Wide Leg Pants — Breathable All-Season","https://cdn.shopify.com/s/files/1/0778/3278/2013/files/S2fa3335f14f747579c12efab87718a132.webp?v=1783205448","","Men's linen wide-leg pants","ready_for_review","Identity is based on the product title; verify the visible color, view, and details before approval."
"gid://shopify/Product/8379407401149","Men's Linen Wide Leg Pants — Breathable All-Season","https://cdn.shopify.com/s/files/1/0778/3278/2013/files/Sfb3cbb2b5903478aae372f6c3ad1f1c3v.webp?v=1783205448","","Men's linen wide-leg pants","ready_for_review","Identity is based on the product title; verify the visible color, view, and details before approval."
"gid://shopify/Product/8379407401149","Men's Linen Wide Leg Pants — Breathable All-Season","https://cdn.shopify.com/s/files/1/0778/3278/2013/files/Sb9d4f43a144a4a8a828d5c009591fc38q.webp?v=1783205448","","Men's linen wide-leg pants","ready_for_review","Identity is based on the product title; verify the visible color, view, and details before approval."
"gid://shopify/Product/8379407401149","Men's Linen Wide Leg Pants — Breathable All-Season","https://cdn.shopify.com/s/files/1/0778/3278/2013/files/S99a10e5707ec485d86d0b44ea5709abaa.webp?v=1783205448","","Men's linen wide-leg pants","ready_for_review","Identity is based on the product title; verify the visible color, view, and details before approval."
"gid://shopify/Product/8379407401149","Men's Linen Wide Leg Pants — Breathable All-Season","https://cdn.shopify.com/s/files/1/0778/3278/2013/files/S2dc70fd62f5944159cd4376ab73c1549R.webp?v=1783205448","","Men's linen wide-leg pants","ready_for_review","Identity is based on the product title; verify the visible color, view, and details before approval."
"gid://shopify/Product/8379407401149","Men's Linen Wide Leg Pants — Breathable All-Season","https://cdn.shopify.com/s/files/1/0778/3278/2013/files/S94371b03f6024d16a14cfd3821cf46810.webp?v=1783205448","","Men's linen wide-leg pants","ready_for_review","Identity is based on the product title; verify the visible color, view, and details before approval."
"gid://shopify/Product/8379407401149","Men's Linen Wide Leg Pants — Breathable All-Season","https://cdn.shopify.com/s/files/1/0778/3278/2013/files/Sbc982d6b8c714ee89358b7d7c6174f4cN.webp?v=1783205448","","Men's linen wide-leg pants","ready_for_review","Identity is based on the product title; verify the visible color, view, and details before approval."
"gid://shopify/Product/8379407401149","Men's Linen Wide Leg Pants — Breathable All-Season","https://cdn.shopify.com/s/files/1/0778/3278/2013/files/S6e5d71d2039345b28749e0f608bc86ecU.webp?v=1783205448","","Men's linen wide-leg pants","ready_for_review","Identity is based on the product title; verify the visible color, view, and details before approval."
"gid://shopify/Product/8379407401149","Men's Linen Wide Leg Pants — Breathable All-Season","https://cdn.shopify.com/s/files/1/0778/3278/2013/files/S5d3155459ac74c1197f5c5998f42d231z.webp?v=1783205448","","Men's linen wide-leg pants","ready_for_review","Identity is based on the product title; verify the visible color, view, and details before approval."
"gid://shopify/Product/8379407401149","Men's Linen Wide Leg Pants — Breathable All-Season","https://cdn.shopify.com/s/files/1/0778/3278/2013/files/S2d06c09f323a4d4a8f597de01b39dd14I.webp?v=1783205448","","Men's linen wide-leg pants","ready_for_review","Identity is based on the product title; verify the visible color, view, and details before approval."
"gid://shopify/Product/8379407401149","Men's Linen Wide Leg Pants — Breathable All-Season","https://cdn.shopify.com/s/files/1/0778/3278/2013/files/S9588366dba154ac6b898662b883c8e46X.webp?v=1783205448","","Men's linen wide-leg pants","ready_for_review","Identity is based on the product title; verify the visible color, view, and details before approval."
"gid://shopify/Product/8379407401149","Men's Linen Wide Leg Pants — Breathable All-Season","https://cdn.shopify.com/s/files/1/0778/3278/2013/files/S5720d2c5197e4cd682633fdbb39c9a12q.webp?v=1783205448","","Men's linen wide-leg pants","ready_for_review","Identity is based on the product title; verify the visible color, view, and details before approval."
"gid://shopify/Product/8379407401149","Men's Linen Wide Leg Pants — Breathable All-Season","https://cdn.shopify.com/s/files/1/0778/3278/2013/files/S917b009d68c241c7b78ed158d02f5ccev.webp?v=1783205448","","Men's linen wide-leg pants","ready_for_review","Identity is based on the product title; verify the visible color, view, and details before approval."
"gid://shopify/Product/8379407401149","Men's Linen Wide Leg Pants — Breathable All-Season","https://cdn.shopify.com/s/files/1/0778/3278/2013/files/S990a53a27d2e4dbd9411d27e1dff87a0F.webp?v=1783205448","","Men's linen wide-leg pants","ready_for_review","Identity is based on the product title; verify the visible color, view, and details before approval."
"gid://shopify/Product/8379407401149","Men's Linen Wide Leg Pants — Breathable All-Season","https://cdn.shopify.com/s/files/1/0778/3278/2013/files/Sdb53575102cd47ee97e399a64e295263c.webp?v=1783205448","","Men's linen wide-leg pants","ready_for_review","Identity is based on the product title; verify the visible color, view, and details before approval."
"gid://shopify/Product/8379407401149","Men's Linen Wide Leg Pants — Breathable All-Season","https://cdn.shopify.com/s/files/1/0778/3278/2013/files/Seb34cc6327854dcf837f7afa48318d8a8.webp?v=1783205448","","Men's linen wide-leg pants","ready_for_review","Identity is based on the product title; verify the visible color, view, and details before approval."
"gid://shopify/Product/8379407401149","Men's Linen Wide Leg Pants — Breathable All-Season","https://cdn.shopify.com/s/files/1/0778/3278/2013/files/S1967baef171042a48583f83bd1c110371.webp?v=1783205448","","Men's linen wide-leg pants","ready_for_review","Identity is based on the product title; verify the visible color, view, and details before approval."
"gid://shopify/Product/8379407401149","Men's Linen Wide Leg Pants — Breathable All-Season","https://cdn.shopify.com/s/files/1/0778/3278/2013/files/Sadd0655c52dc4f3c9639927941ceec25X.webp?v=1783205448","","Men's linen wide-leg pants","ready_for_review","Identity is based on the product title; verify the visible color, view, and details before approval."
"gid://shopify/Product/8379407401149","Men's Linen Wide Leg Pants — Breathable All-Season","https://cdn.shopify.com/s/files/1/0778/3278/2013/files/Sf6d5bb5e5fac4a3cb15564c889ac1836S.webp?v=1783205448","","Men's linen wide-leg pants","ready_for_review","Identity is based on the product title; verify the visible color, view, and details before approval."
"gid://shopify/Product/8379407401149","Men's Linen Wide Leg Pants — Breathable All-Season","https://cdn.shopify.com/s/files/1/0778/3278/2013/files/Sfcdd9f5eead644e7a58beb828e2b2878Y.webp?v=1783205448","","Men's linen wide-leg pants","ready_for_review","Identity is based on the product title; verify the visible color, view, and details before approval."
"gid://shopify/Product/8379407401149","Men's Linen Wide Leg Pants — Breathable All-Season","https://cdn.shopify.com/s/files/1/0778/3278/2013/files/S796ba0fdd8984506aa77e4d49e7011e36.webp?v=1783205448","","Men's linen wide-leg pants","ready_for_review","Identity is based on the product title; verify the visible color, view, and details before approval."
"gid://shopify/Product/8379407401149","Men's Linen Wide Leg Pants — Breathable All-Season","https://cdn.shopify.com/s/files/1/0778/3278/2013/files/Se2d9a5ff79064736ad88c08a619f06c30.webp?v=1783205448","","Men's linen wide-leg pants","ready_for_review","Identity is based on the product title; verify the visible color, view, and details before approval."
"gid://shopify/Product/8379407401149","Men's Linen Wide Leg Pants — Breathable All-Season","https://cdn.shopify.com/s/files/1/0778/3278/2013/files/S1d333c8ae6ce4813bd5610dfac53822fR.webp?v=1783205448","","Men's linen wide-leg pants","ready_for_review","Identity is based on the product title; verify the visible color, view, and details before approval."
"gid://shopify/Product/8379407401149","Men's Linen Wide Leg Pants — Breathable All-Season","https://cdn.shopify.com/s/files/1/0778/3278/2013/files/S278d9fd4705341dbb9a90dfac68d9e9cj.webp?v=1783205448","","Men's linen wide-leg pants","ready_for_review","Identity is based on the product title; verify the visible color, view, and details before approval."
"gid://shopify/Product/8379407401149","Men's Linen Wide Leg Pants — Breathable All-Season","https://cdn.shopify.com/s/files/1/0778/3278/2013/files/S7b6b2c102f204208b4de51111febd005T.webp?v=1783205448","","Men's linen wide-leg pants","ready_for_review","Identity is based on the product title; verify the visible color, view, and details before approval."
"gid://shopify/Product/8379407401149","Men's Linen Wide Leg Pants — Breathable All-Season","https://cdn.shopify.com/s/files/1/0778/3278/2013/files/Se0dff579137b4733a185507001944348L.webp?v=1783205448","","Men's linen wide-leg pants","ready_for_review","Identity is based on the product title; verify the visible color, view, and details before approval."
"gid://shopify/Product/8379407401149","Men's Linen Wide Leg Pants — Breathable All-Season","https://cdn.shopify.com/s/files/1/0778/3278/2013/files/Sac6ee2fb0fdb497e9f0096a1637ebb92M.webp?v=1783205448","","Men's linen wide-leg pants","ready_for_review","Identity is based on the product title; verify the visible color, view, and details before approval."
"gid://shopify/Product/8379407401149","Men's Linen Wide Leg Pants — Breathable All-Season","https://cdn.shopify.com/s/files/1/0778/3278/2013/files/Sf51d722444b148c4a1f0a2ecb198fb78H.webp?v=1783205448","","Men's linen wide-leg pants","ready_for_review","Identity is based on the product title; verify the visible color, view, and details before approval."
"gid://shopify/Product/8379407401149","Men's Linen Wide Leg Pants — Breathable All-Season","https://cdn.shopify.com/s/files/1/0778/3278/2013/files/S662f003917df4fe5b3d5567508374545W.webp?v=1783205448","","Men's linen wide-leg pants","ready_for_review","Identity is based on the product title; verify the visible color, view, and details before approval."
"gid://shopify/Product/8379407401149","Men's Linen Wide Leg Pants — Breathable All-Season","https://cdn.shopify.com/s/files/1/0778/3278/2013/files/S0f77216754a444ba9b94752271eff687m.webp?v=1783205448","","Men's linen wide-leg pants","ready_for_review","Identity is based on the product title; verify the visible color, view, and details before approval."
"gid://shopify/Product/8379407401149","Men's Linen Wide Leg Pants — Breathable All-Season","https://cdn.shopify.com/s/files/1/0778/3278/2013/files/Sce9a6f227b684abf9163a262518ec953K.webp?v=1783205448","","Men's linen wide-leg pants","ready_for_review","Identity is based on the product title; verify the visible color, view, and details before approval."
"gid://shopify/Product/8379407401149","Men's Linen Wide Leg Pants — Breathable All-Season","https://cdn.shopify.com/s/files/1/0778/3278/2013/files/S8162afd53a7546efabe7704596166d16S.webp?v=1783205448","","Men's linen wide-leg pants","ready_for_review","Identity is based on the product title; verify the visible color, view, and details before approval."
"gid://shopify/Product/8379407401149","Men's Linen Wide Leg Pants — Breathable All-Season","https://cdn.shopify.com/s/files/1/0778/3278/2013/files/Sd87f7231636049b69e7a7e6b2644f282p.webp?v=1783205447","","Men's linen wide-leg pants","ready_for_review","Identity is based on the product title; verify the visible color, view, and details before approval."
"gid://shopify/Product/8379407401149","Men's Linen Wide Leg Pants — Breathable All-Season","https://cdn.shopify.com/s/files/1/0778/3278/2013/files/S3449b6a95a7b4648a21efc1921ad06aeH.webp?v=1783205448","","Men's linen wide-leg pants","ready_for_review","Identity is based on the product title; verify the visible color, view, and details before approval."
"gid://shopify/Product/8379407401149","Men's Linen Wide Leg Pants — Breathable All-Season","https://cdn.shopify.com/s/files/1/0778/3278/2013/files/Sbaf2cd4c5f5a4b42a8212797cc8a6cf0m.webp?v=1783205448","","Men's linen wide-leg pants","ready_for_review","Identity is based on the product title; verify the visible color, view, and details before approval."
"gid://shopify/Product/8379407401149","Men's Linen Wide Leg Pants — Breathable All-Season","https://cdn.shopify.com/s/files/1/0778/3278/2013/files/S111297974f89424293c8fb75cb678fe9Y.webp?v=1783205448","","Men's linen wide-leg pants","ready_for_review","Identity is based on the product title; verify the visible color, view, and details before approval."
"gid://shopify/Product/8379407401149","Men's Linen Wide Leg Pants — Breathable All-Season","https://cdn.shopify.com/s/files/1/0778/3278/2013/files/Sbc4249c8a0e74c3980c2b9ecb744f326u.webp?v=1783205447","","Men's linen wide-leg pants","ready_for_review","Identity is based on the product title; verify the visible color, view, and details before approval."
"gid://shopify/Product/8379407401149","Men's Linen Wide Leg Pants — Breathable All-Season","https://cdn.shopify.com/s/files/1/0778/3278/2013/files/Sd3690a14b87d4ec0a7c725840f8274c50.webp?v=1783205448","","Men's linen wide-leg pants","ready_for_review","Identity is based on the product title; verify the visible color, view, and details before approval."
"gid://shopify/Product/8379407433917","Men's Wrinkle-Resistant Long Sleeve Business Shirt","https://cdn.shopify.com/s/files/1/0778/3278/2013/files/S03b843472cf446779510ad4bf582e625l.webp?v=1783205448","","Men's long-sleeve business shirt","ready_for_review","Identity is based on the product title; verify the visible color, view, and details before approval."
"gid://shopify/Product/8379407433917","Men's Wrinkle-Resistant Long Sleeve Business Shirt","https://cdn.shopify.com/s/files/1/0778/3278/2013/files/S1fc06c6ff6aa43289863a8293c7208e1P.webp?v=1783205448","","Men's long-sleeve business shirt","ready_for_review","Identity is based on the product title; verify the visible color, view, and details before approval."
"gid://shopify/Product/8379407433917","Men's Wrinkle-Resistant Long Sleeve Business Shirt","https://cdn.shopify.com/s/files/1/0778/3278/2013/files/Se55a2d4bb57548c899f28d1d7f1fe60dv.webp?v=1783205448","","Men's long-sleeve business shirt","ready_for_review","Identity is based on the product title; verify the visible color, view, and details before approval."
"gid://shopify/Product/8379407433917","Men's Wrinkle-Resistant Long Sleeve Business Shirt","https://cdn.shopify.com/s/files/1/0778/3278/2013/files/Sf310396a82fa41eeb922b118a2dc83abZ.webp?v=1783205448","","Men's long-sleeve business shirt","ready_for_review","Identity is based on the product title; verify the visible color, view, and details before approval."
"gid://shopify/Product/8379407433917","Men's Wrinkle-Resistant Long Sleeve Business Shirt","https://cdn.shopify.com/s/files/1/0778/3278/2013/files/Sad1878b4afb64bea86727f5d93decbf9L.webp?v=1783205448","","Men's long-sleeve business shirt","ready_for_review","Identity is based on the product title; verify the visible color, view, and details before approval."
"gid://shopify/Product/8379407433917","Men's Wrinkle-Resistant Long Sleeve Business Shirt","https://cdn.shopify.com/s/files/1/0778/3278/2013/files/S539d81ff7a5a47c783c7be8b1517c31dX.webp?v=1783205448","","Men's long-sleeve business shirt","ready_for_review","Identity is based on the product title; verify the visible color, view, and details before approval."
"gid://shopify/Product/8379407433917","Men's Wrinkle-Resistant Long Sleeve Business Shirt","https://cdn.shopify.com/s/files/1/0778/3278/2013/files/Sc474910223b74adea3cc9dad3017be7bs.webp?v=1783205448","","Men's long-sleeve business shirt","ready_for_review","Identity is based on the product title; verify the visible color, view, and details before approval."
"gid://shopify/Product/8379407433917","Men's Wrinkle-Resistant Long Sleeve Business Shirt","https://cdn.shopify.com/s/files/1/0778/3278/2013/files/S67614d2e5f784d8590cfa02e5842f2889.webp?v=1783205448","","Men's long-sleeve business shirt","ready_for_review","Identity is based on the product title; verify the visible color, view, and details before approval."
"gid://shopify/Product/8379407433917","Men's Wrinkle-Resistant Long Sleeve Business Shirt","https://cdn.shopify.com/s/files/1/0778/3278/2013/files/S65d8dc53564c4945b07d7f7dc5b76813e.webp?v=1783205448","","Men's long-sleeve business shirt","ready_for_review","Identity is based on the product title; verify the visible color, view, and details before approval."
"gid://shopify/Product/8379407433917","Men's Wrinkle-Resistant Long Sleeve Business Shirt","https://cdn.shopify.com/s/files/1/0778/3278/2013/files/Sd64bce03cce54ef790f5c11a1c0e67dfl.webp?v=1783205448","","Men's long-sleeve business shirt","ready_for_review","Identity is based on the product title; verify the visible color, view, and details before approval."
"gid://shopify/Product/8379407433917","Men's Wrinkle-Resistant Long Sleeve Business Shirt","https://cdn.shopify.com/s/files/1/0778/3278/2013/files/Sc343ce6f5bd748fbb081e01272d5521ej.webp?v=1783205448","","Men's long-sleeve business shirt","ready_for_review","Identity is based on the product title; verify the visible color, view, and details before approval."
"gid://shopify/Product/8379407433917","Men's Wrinkle-Resistant Long Sleeve Business Shirt","https://cdn.shopify.com/s/files/1/0778/3278/2013/files/S65663bbf8ad347d48d16afc30a326de7f.webp?v=1783205448","","Men's long-sleeve business shirt","ready_for_review","Identity is based on the product title; verify the visible color, view, and details before approval."
"gid://shopify/Product/8379407433917","Men's Wrinkle-Resistant Long Sleeve Business Shirt","https://cdn.shopify.com/s/files/1/0778/3278/2013/files/S143b979de0bd45d69609fa38f0fe12d2y.webp?v=1783205448","","Men's long-sleeve business shirt","ready_for_review","Identity is based on the product title; verify the visible color, view, and details before approval."
"gid://shopify/Product/8379407433917","Men's Wrinkle-Resistant Long Sleeve Business Shirt","https://cdn.shopify.com/s/files/1/0778/3278/2013/files/S1bb9a21c4abd48c8bb3ca69f1127788c7.webp?v=1783205448","","Men's long-sleeve business shirt","ready_for_review","Identity is based on the product title; verify the visible color, view, and details before approval."
"gid://shopify/Product/8379407433917","Men's Wrinkle-Resistant Long Sleeve Business Shirt","https://cdn.shopify.com/s/files/1/0778/3278/2013/files/Sbb11f9b3c16048ecb8c72592bbb3585c4.webp?v=1783205448","","Men's long-sleeve business shirt","ready_for_review","Identity is based on the product title; verify the visible color, view, and details before approval."
"gid://shopify/Product/8379407433917","Men's Wrinkle-Resistant Long Sleeve Business Shirt","https://cdn.shopify.com/s/files/1/0778/3278/2013/files/S75fe74e27fe848e88750ce08445bc96ce.webp?v=1783205448","","Men's long-sleeve business shirt","ready_for_review","Identity is based on the product title; verify the visible color, view, and details before approval."
"gid://shopify/Product/8379407433917","Men's Wrinkle-Resistant Long Sleeve Business Shirt","https://cdn.shopify.com/s/files/1/0778/3278/2013/files/S7e87aa5fa30a42f79e1d82425ba119a5I.webp?v=1783205448","","Men's long-sleeve business shirt","ready_for_review","Identity is based on the product title; verify the visible color, view, and details before approval."
"gid://shopify/Product/8379407433917","Men's Wrinkle-Resistant Long Sleeve Business Shirt","https://cdn.shopify.com/s/files/1/0778/3278/2013/files/Sfec5bcb6690c432ea38f9af2558483dfG.webp?v=1783205448","","Men's long-sleeve business shirt","ready_for_review","Identity is based on the product title; verify the visible color, view, and details before approval."
"gid://shopify/Product/8379407433917","Men's Wrinkle-Resistant Long Sleeve Business Shirt","https://cdn.shopify.com/s/files/1/0778/3278/2013/files/S338aa570bd1d4c9ba144484bcd86a1afC.webp?v=1783205448","","Men's long-sleeve business shirt","ready_for_review","Identity is based on the product title; verify the visible color, view, and details before approval."
"gid://shopify/Product/8379407433917","Men's Wrinkle-Resistant Long Sleeve Business Shirt","https://cdn.shopify.com/s/files/1/0778/3278/2013/files/S2f1d542dfbe94c408cbf089e4c93f382b.webp?v=1783205448","","Men's long-sleeve business shirt","ready_for_review","Identity is based on the product title; verify the visible color, view, and details before approval."
"gid://shopify/Product/8379407433917","Men's Wrinkle-Resistant Long Sleeve Business Shirt","https://cdn.shopify.com/s/files/1/0778/3278/2013/files/Sd1b25f399ebc4bdf98fb9eb584b21bbe9.webp?v=1783205448","","Men's long-sleeve business shirt","ready_for_review","Identity is based on the product title; verify the visible color, view, and details before approval."
"gid://shopify/Product/8379407433917","Men's Wrinkle-Resistant Long Sleeve Business Shirt","https://cdn.shopify.com/s/files/1/0778/3278/2013/files/S4711f7f5556f41ada2b90ea5d3b03c2d2.webp?v=1783205448","","Men's long-sleeve business shirt","ready_for_review","Identity is based on the product title; verify the visible color, view, and details before approval."
"gid://shopify/Product/8379407466685","Men's Moisture-Wicking Crew Neck T-Shirt 6-Pack","https://cdn.shopify.com/s/files/1/0778/3278/2013/files/S66d0f9c906a9475096941ee5177bac5aD.webp?v=1783205447","","Men's crew-neck T-shirt six-pack","ready_for_review","Identity is based on the product title; verify the visible color, view, and details before approval."
"gid://shopify/Product/8379407466685","Men's Moisture-Wicking Crew Neck T-Shirt 6-Pack","https://cdn.shopify.com/s/files/1/0778/3278/2013/files/Sfb3286bc410c4b5fbf6cd3c953e957bfM.webp?v=1783205447","","Men's crew-neck T-shirt six-pack","ready_for_review","Identity is based on the product title; verify the visible color, view, and details before approval."
"gid://shopify/Product/8379407466685","Men's Moisture-Wicking Crew Neck T-Shirt 6-Pack","https://cdn.shopify.com/s/files/1/0778/3278/2013/files/Sb8ab723faea346d9862dd13ac0f1e2f6n.webp?v=1783205447","","Men's crew-neck T-shirt six-pack","ready_for_review","Identity is based on the product title; verify the visible color, view, and details before approval."
"gid://shopify/Product/8379407466685","Men's Moisture-Wicking Crew Neck T-Shirt 6-Pack","https://cdn.shopify.com/s/files/1/0778/3278/2013/files/Se07e9c8d15fa435a80fd7ca4a19ac6cew.webp?v=1783205447","","Men's crew-neck T-shirt six-pack","ready_for_review","Identity is based on the product title; verify the visible color, view, and details before approval."
"gid://shopify/Product/8379407466685","Men's Moisture-Wicking Crew Neck T-Shirt 6-Pack","https://cdn.shopify.com/s/files/1/0778/3278/2013/files/S2933c8aa36044d529a1bc698fd45cd40m.webp?v=1783205447","","Men's crew-neck T-shirt six-pack","ready_for_review","Identity is based on the product title; verify the visible color, view, and details before approval."
"gid://shopify/Product/8379407466685","Men's Moisture-Wicking Crew Neck T-Shirt 6-Pack","https://cdn.shopify.com/s/files/1/0778/3278/2013/files/S343d6245add1470c9342e0394ce65c24O.webp?v=1783205447","","Men's crew-neck T-shirt six-pack","ready_for_review","Identity is based on the product title; verify the visible color, view, and details before approval."
"gid://shopify/Product/8379407466685","Men's Moisture-Wicking Crew Neck T-Shirt 6-Pack","https://cdn.shopify.com/s/files/1/0778/3278/2013/files/S10b4d2fad92943088f914d1d1e166b08K.webp?v=1783205447","","Men's crew-neck T-shirt six-pack","ready_for_review","Identity is based on the product title; verify the visible color, view, and details before approval."
"gid://shopify/Product/8379407466685","Men's Moisture-Wicking Crew Neck T-Shirt 6-Pack","https://cdn.shopify.com/s/files/1/0778/3278/2013/files/Sa316584a14674384af0b8df5d6abcb3aS.webp?v=1783205447","","Men's crew-neck T-shirt six-pack","ready_for_review","Identity is based on the product title; verify the visible color, view, and details before approval."
"gid://shopify/Product/8379407466685","Men's Moisture-Wicking Crew Neck T-Shirt 6-Pack","https://cdn.shopify.com/s/files/1/0778/3278/2013/files/S62fa165af05740eab5d9349bc9de1a19E.webp?v=1783205447","","Men's crew-neck T-shirt six-pack","ready_for_review","Identity is based on the product title; verify the visible color, view, and details before approval."
"gid://shopify/Product/8379407466685","Men's Moisture-Wicking Crew Neck T-Shirt 6-Pack","https://cdn.shopify.com/s/files/1/0778/3278/2013/files/Sb6ac8191314d419da2b516e17b828aeag.webp?v=1783205447","","Men's crew-neck T-shirt six-pack","ready_for_review","Identity is based on the product title; verify the visible color, view, and details before approval."
"gid://shopify/Product/8379407466685","Men's Moisture-Wicking Crew Neck T-Shirt 6-Pack","https://cdn.shopify.com/s/files/1/0778/3278/2013/files/S60ee51bdf86442db917a0500b608512ep.webp?v=1783205447","","Men's crew-neck T-shirt six-pack","ready_for_review","Identity is based on the product title; verify the visible color, view, and details before approval."
"gid://shopify/Product/8379407466685","Men's Moisture-Wicking Crew Neck T-Shirt 6-Pack","https://cdn.shopify.com/s/files/1/0778/3278/2013/files/Sc27b938115f9413daaa3f406eed5c899z.webp?v=1783205447","","Men's crew-neck T-shirt six-pack","ready_for_review","Identity is based on the product title; verify the visible color, view, and details before approval."
"gid://shopify/Product/8379407466685","Men's Moisture-Wicking Crew Neck T-Shirt 6-Pack","https://cdn.shopify.com/s/files/1/0778/3278/2013/files/S5b52058e866b4bf6bb8fd479907288f9l.webp?v=1783205448","","Men's crew-neck T-shirt six-pack","ready_for_review","Identity is based on the product title; verify the visible color, view, and details before approval."
"gid://shopify/Product/8379407466685","Men's Moisture-Wicking Crew Neck T-Shirt 6-Pack","https://cdn.shopify.com/s/files/1/0778/3278/2013/files/S3795d296cca042698677ec466427db72s.webp?v=1783205447","","Men's crew-neck T-shirt six-pack","ready_for_review","Identity is based on the product title; verify the visible color, view, and details before approval."
"gid://shopify/Product/8379407532221","Men's Multi-Pocket Regular Fit Street Jeans","https://cdn.shopify.com/s/files/1/0778/3278/2013/files/S78b5da3079f647cdaf297c71e2a28a87r.webp?v=1783205458","","Men's regular-fit multi-pocket jeans","ready_for_review","Identity is based on the product title; verify the visible color, view, and details before approval."
"gid://shopify/Product/8379407532221","Men's Multi-Pocket Regular Fit Street Jeans","https://cdn.shopify.com/s/files/1/0778/3278/2013/files/Sebccc6be4f1042bc914795254257e45bc.webp?v=1783205458","","Men's regular-fit multi-pocket jeans","ready_for_review","Identity is based on the product title; verify the visible color, view, and details before approval."
"gid://shopify/Product/8379407532221","Men's Multi-Pocket Regular Fit Street Jeans","https://cdn.shopify.com/s/files/1/0778/3278/2013/files/S162ae1496f2445a3add7471dd41d63c09.webp?v=1783205458","","Men's regular-fit multi-pocket jeans","ready_for_review","Identity is based on the product title; verify the visible color, view, and details before approval."
"gid://shopify/Product/8379407532221","Men's Multi-Pocket Regular Fit Street Jeans","https://cdn.shopify.com/s/files/1/0778/3278/2013/files/S032d77f15526407a9b7e6b506f0c3b0eC.webp?v=1783205459","","Men's regular-fit multi-pocket jeans","ready_for_review","Identity is based on the product title; verify the visible color, view, and details before approval."
"gid://shopify/Product/8379407532221","Men's Multi-Pocket Regular Fit Street Jeans","https://cdn.shopify.com/s/files/1/0778/3278/2013/files/S2e376cfc70854ca48e7bd6bd86f0df5c2.webp?v=1783205458","","Men's regular-fit multi-pocket jeans","ready_for_review","Identity is based on the product title; verify the visible color, view, and details before approval."
"gid://shopify/Product/8379407532221","Men's Multi-Pocket Regular Fit Street Jeans","https://cdn.shopify.com/s/files/1/0778/3278/2013/files/S09440565e7984531a015f3cac00996d6X.webp?v=1783205458","","Men's regular-fit multi-pocket jeans","ready_for_review","Identity is based on the product title; verify the visible color, view, and details before approval."
"gid://shopify/Product/8379407564989","Men's Summer Polo Shirt - Elevate Your Casual Look with Breathable Comfort","https://cdn.shopify.com/s/files/1/0778/3278/2013/files/S10ecada7985947269a882fabbd5db2e8E.webp?v=1783205459","","Men's short-sleeve polo shirt","ready_for_review","Identity is based on the product title; verify the visible color, view, and details before approval."
"gid://shopify/Product/8379407564989","Men's Summer Polo Shirt - Elevate Your Casual Look with Breathable Comfort","https://cdn.shopify.com/s/files/1/0778/3278/2013/files/S8d6c59b59e424d16af52e4b012820802R_7aa354ef-9df7-4a95-84cf-d75441b4ab9e.webp?v=1783205459","","Men's short-sleeve polo shirt","ready_for_review","Identity is based on the product title; verify the visible color, view, and details before approval."
"gid://shopify/Product/8379407564989","Men's Summer Polo Shirt - Elevate Your Casual Look with Breathable Comfort","https://cdn.shopify.com/s/files/1/0778/3278/2013/files/Sae780e084cb544d08430ff929f8c298e1.webp?v=1783205459","","Men's short-sleeve polo shirt","ready_for_review","Identity is based on the product title; verify the visible color, view, and details before approval."
"gid://shopify/Product/8379407564989","Men's Summer Polo Shirt - Elevate Your Casual Look with Breathable Comfort","https://cdn.shopify.com/s/files/1/0778/3278/2013/files/S9d4d170710e8432cbde1799629e83683o.webp?v=1783205459","","Men's short-sleeve polo shirt","ready_for_review","Identity is based on the product title; verify the visible color, view, and details before approval."
"gid://shopify/Product/8379407564989","Men's Summer Polo Shirt - Elevate Your Casual Look with Breathable Comfort","https://cdn.shopify.com/s/files/1/0778/3278/2013/files/S8d6c59b59e424d16af52e4b012820802R.webp?v=1783205459","","Men's short-sleeve polo shirt","ready_for_review","Identity is based on the product title; verify the visible color, view, and details before approval."
"gid://shopify/Product/8379407564989","Men's Summer Polo Shirt - Elevate Your Casual Look with Breathable Comfort","https://cdn.shopify.com/s/files/1/0778/3278/2013/files/S06e231cbc1c84720867544f47857349eV.webp?v=1783205459","","Men's short-sleeve polo shirt","ready_for_review","Identity is based on the product title; verify the visible color, view, and details before approval."
"gid://shopify/Product/8379407564989","Men's Summer Polo Shirt - Elevate Your Casual Look with Breathable Comfort","https://cdn.shopify.com/s/files/1/0778/3278/2013/files/S9390175ac9b847e2b46306a0d5172b73k.webp?v=1783205459","","Men's short-sleeve polo shirt","ready_for_review","Identity is based on the product title; verify the visible color, view, and details before approval."
"gid://shopify/Product/8379407564989","Men's Summer Polo Shirt - Elevate Your Casual Look with Breathable Comfort","https://cdn.shopify.com/s/files/1/0778/3278/2013/files/Sdb5e5badc6994db88dd29a982c5b22b50.webp?v=1783205459","","Men's short-sleeve polo shirt","ready_for_review","Identity is based on the product title; verify the visible color, view, and details before approval."
"gid://shopify/Product/8379407564989","Men's Summer Polo Shirt - Elevate Your Casual Look with Breathable Comfort","https://cdn.shopify.com/s/files/1/0778/3278/2013/files/S57f3cef78ce94d32b72d1bc6e7925685L.webp?v=1783205459","","Men's short-sleeve polo shirt","ready_for_review","Identity is based on the product title; verify the visible color, view, and details before approval."
"gid://shopify/Product/8379407564989","Men's Summer Polo Shirt - Elevate Your Casual Look with Breathable Comfort","https://cdn.shopify.com/s/files/1/0778/3278/2013/files/Sc8b85a54ec9b49dda28bbdadc42934756.webp?v=1783205459","","Men's short-sleeve polo shirt","ready_for_review","Identity is based on the product title; verify the visible color, view, and details before approval."
"gid://shopify/Product/8379407564989","Men's Summer Polo Shirt - Elevate Your Casual Look with Breathable Comfort","https://cdn.shopify.com/s/files/1/0778/3278/2013/files/S1ed45dad7bf94ba59d462898c4252259Z.webp?v=1783205459","","Men's short-sleeve polo shirt","ready_for_review","Identity is based on the product title; verify the visible color, view, and details before approval."
"gid://shopify/Product/8379407564989","Men's Summer Polo Shirt - Elevate Your Casual Look with Breathable Comfort","https://cdn.shopify.com/s/files/1/0778/3278/2013/files/S9550f458883245d79829583451fcc247x.webp?v=1783205459","","Men's short-sleeve polo shirt","ready_for_review","Identity is based on the product title; verify the visible color, view, and details before approval."
"gid://shopify/Product/8379407564989","Men's Summer Polo Shirt - Elevate Your Casual Look with Breathable Comfort","https://cdn.shopify.com/s/files/1/0778/3278/2013/files/S2de77b218d2b434d9c8219f24319d3b37.webp?v=1783205459","","Men's short-sleeve polo shirt","ready_for_review","Identity is based on the product title; verify the visible color, view, and details before approval."
"gid://shopify/Product/8379407564989","Men's Summer Polo Shirt - Elevate Your Casual Look with Breathable Comfort","https://cdn.shopify.com/s/files/1/0778/3278/2013/files/S0611a0bd163f493da597b3165b59e418Q.webp?v=1783205459","","Men's short-sleeve polo shirt","ready_for_review","Identity is based on the product title; verify the visible color, view, and details before approval."
"gid://shopify/Product/8379407564989","Men's Summer Polo Shirt - Elevate Your Casual Look with Breathable Comfort","https://cdn.shopify.com/s/files/1/0778/3278/2013/files/S612387fd0c704969b0a047de3ba566fer.webp?v=1783205459","","Men's short-sleeve polo shirt","ready_for_review","Identity is based on the product title; verify the visible color, view, and details before approval."
"gid://shopify/Product/8379407564989","Men's Summer Polo Shirt - Elevate Your Casual Look with Breathable Comfort","https://cdn.shopify.com/s/files/1/0778/3278/2013/files/S994b293ec4474135a01bba2fac5be2b40.webp?v=1783205459","","Men's short-sleeve polo shirt","ready_for_review","Identity is based on the product title; verify the visible color, view, and details before approval."
"gid://shopify/Product/8379407564989","Men's Summer Polo Shirt - Elevate Your Casual Look with Breathable Comfort","https://cdn.shopify.com/s/files/1/0778/3278/2013/files/Saf6798512ca64e90b5758e526a58eb09F.webp?v=1783205459","","Men's short-sleeve polo shirt","ready_for_review","Identity is based on the product title; verify the visible color, view, and details before approval."
"gid://shopify/Product/8379407564989","Men's Summer Polo Shirt - Elevate Your Casual Look with Breathable Comfort","https://cdn.shopify.com/s/files/1/0778/3278/2013/files/S1562003362ec4508ae4ef2eaef106abf6.webp?v=1783205459","","Men's short-sleeve polo shirt","ready_for_review","Identity is based on the product title; verify the visible color, view, and details before approval."
"gid://shopify/Product/8379407564989","Men's Summer Polo Shirt - Elevate Your Casual Look with Breathable Comfort","https://cdn.shopify.com/s/files/1/0778/3278/2013/files/Sd658ad6390cb4b20a66637d10d543be19.webp?v=1783205459","","Men's short-sleeve polo shirt","ready_for_review","Identity is based on the product title; verify the visible color, view, and details before approval."
"gid://shopify/Product/8379407564989","Men's Summer Polo Shirt - Elevate Your Casual Look with Breathable Comfort","https://cdn.shopify.com/s/files/1/0778/3278/2013/files/S1d17b10c031146188aa239a345ea3111B.webp?v=1783205459","","Men's short-sleeve polo shirt","ready_for_review","Identity is based on the product title; verify the visible color, view, and details before approval."
"gid://shopify/Product/8379407564989","Men's Summer Polo Shirt - Elevate Your Casual Look with Breathable Comfort","https://cdn.shopify.com/s/files/1/0778/3278/2013/files/S029c211032f34450b1504a8d50093febN.webp?v=1783205459","","Men's short-sleeve polo shirt","ready_for_review","Identity is based on the product title; verify the visible color, view, and details before approval."
"gid://shopify/Product/8379407564989","Men's Summer Polo Shirt - Elevate Your Casual Look with Breathable Comfort","https://cdn.shopify.com/s/files/1/0778/3278/2013/files/Sb94d49255d804c8c96c1abf12ee25bd9H.webp?v=1783205459","","Men's short-sleeve polo shirt","ready_for_review","Identity is based on the product title; verify the visible color, view, and details before approval."
"gid://shopify/Product/8379407564989","Men's Summer Polo Shirt - Elevate Your Casual Look with Breathable Comfort","https://cdn.shopify.com/s/files/1/0778/3278/2013/files/Sd76f70a0f9b44a06b6ccdbe27671a773G.webp?v=1783205459","","Men's short-sleeve polo shirt","ready_for_review","Identity is based on the product title; verify the visible color, view, and details before approval."
"gid://shopify/Product/8379407564989","Men's Summer Polo Shirt - Elevate Your Casual Look with Breathable Comfort","https://cdn.shopify.com/s/files/1/0778/3278/2013/files/S92cec1e39298460ba5bc918c115d78e2V.webp?v=1783205459","","Men's short-sleeve polo shirt","ready_for_review","Identity is based on the product title; verify the visible color, view, and details before approval."
"gid://shopify/Product/8379407564989","Men's Summer Polo Shirt - Elevate Your Casual Look with Breathable Comfort","https://cdn.shopify.com/s/files/1/0778/3278/2013/files/S1a1fdc9e319d4f3abb232ca82525dc28C.webp?v=1783205459","","Men's short-sleeve polo shirt","ready_for_review","Identity is based on the product title; verify the visible color, view, and details before approval."
"gid://shopify/Product/8379407564989","Men's Summer Polo Shirt - Elevate Your Casual Look with Breathable Comfort","https://cdn.shopify.com/s/files/1/0778/3278/2013/files/Saeb4c9f43c1b4b43915e2c9a425efc3do.webp?v=1783205459","","Men's short-sleeve polo shirt","ready_for_review","Identity is based on the product title; verify the visible color, view, and details before approval."
"gid://shopify/Product/8379407564989","Men's Summer Polo Shirt - Elevate Your Casual Look with Breathable Comfort","https://cdn.shopify.com/s/files/1/0778/3278/2013/files/Sf5c72068f4d54cf0b9e1354f211366a56.webp?v=1783205459","","Men's short-sleeve polo shirt","ready_for_review","Identity is based on the product title; verify the visible color, view, and details before approval."
"gid://shopify/Product/8379407564989","Men's Summer Polo Shirt - Elevate Your Casual Look with Breathable Comfort","https://cdn.shopify.com/s/files/1/0778/3278/2013/files/S33c5d8b4c1234fa3bdf60bc2fafc2032H.webp?v=1783205459","","Men's short-sleeve polo shirt","ready_for_review","Identity is based on the product title; verify the visible color, view, and details before approval."
"gid://shopify/Product/8379407564989","Men's Summer Polo Shirt - Elevate Your Casual Look with Breathable Comfort","https://cdn.shopify.com/s/files/1/0778/3278/2013/files/Se1f1588ec4bf462ab8cf5f1c2927b2acC.webp?v=1783205459","","Men's short-sleeve polo shirt","ready_for_review","Identity is based on the product title; verify the visible color, view, and details before approval."
"gid://shopify/Product/8379407564989","Men's Summer Polo Shirt - Elevate Your Casual Look with Breathable Comfort","https://cdn.shopify.com/s/files/1/0778/3278/2013/files/S4741ee92149848a981ba4378f03262fbx.webp?v=1783205459","","Men's short-sleeve polo shirt","ready_for_review","Identity is based on the product title; verify the visible color, view, and details before approval."
"gid://shopify/Product/8379407564989","Men's Summer Polo Shirt - Elevate Your Casual Look with Breathable Comfort","https://cdn.shopify.com/s/files/1/0778/3278/2013/files/S17876a1ad172478b905f93cc270856bei.webp?v=1783205459","","Men's short-sleeve polo shirt","ready_for_review","Identity is based on the product title; verify the visible color, view, and details before approval."
"gid://shopify/Product/8379407564989","Men's Summer Polo Shirt - Elevate Your Casual Look with Breathable Comfort","https://cdn.shopify.com/s/files/1/0778/3278/2013/files/Scdaf755999d940beb3af27241d4009e2v.webp?v=1783205459","","Men's short-sleeve polo shirt","ready_for_review","Identity is based on the product title; verify the visible color, view, and details before approval."
"gid://shopify/Product/8379407597757","Men's Ice Silk Fast-Dry Stretch Casual Pants","https://cdn.shopify.com/s/files/1/0778/3278/2013/files/Sb37433cdf3b14e5d848b0b563ce998fdc.webp?v=1783205459","","Men's stretch casual pants","ready_for_review","Identity is based on the product title; verify the visible color, view, and details before approval."
"gid://shopify/Product/8379407597757","Men's Ice Silk Fast-Dry Stretch Casual Pants","https://cdn.shopify.com/s/files/1/0778/3278/2013/files/S32dec57f11414e599a6c7a02b00e60e3l.webp?v=1783205459","","Men's stretch casual pants","ready_for_review","Identity is based on the product title; verify the visible color, view, and details before approval."
"gid://shopify/Product/8379407597757","Men's Ice Silk Fast-Dry Stretch Casual Pants","https://cdn.shopify.com/s/files/1/0778/3278/2013/files/Sc8a250079ef1490fa9c5881c94f7daed8.webp?v=1783205459","","Men's stretch casual pants","ready_for_review","Identity is based on the product title; verify the visible color, view, and details before approval."
"gid://shopify/Product/8379407597757","Men's Ice Silk Fast-Dry Stretch Casual Pants","https://cdn.shopify.com/s/files/1/0778/3278/2013/files/S75de6e42041c40939f1fd5aaa635c3adT.webp?v=1783205459","","Men's stretch casual pants","ready_for_review","Identity is based on the product title; verify the visible color, view, and details before approval."
"gid://shopify/Product/8379407597757","Men's Ice Silk Fast-Dry Stretch Casual Pants","https://cdn.shopify.com/s/files/1/0778/3278/2013/files/Sbd08c7f20db54725a08a8e66ddd4b11aW.webp?v=1783205459","","Men's stretch casual pants","ready_for_review","Identity is based on the product title; verify the visible color, view, and details before approval."
"gid://shopify/Product/8379407597757","Men's Ice Silk Fast-Dry Stretch Casual Pants","https://cdn.shopify.com/s/files/1/0778/3278/2013/files/S4776f5958604489a867ae88f0c30b682U.webp?v=1783205459","","Men's stretch casual pants","ready_for_review","Identity is based on the product title; verify the visible color, view, and details before approval."
"gid://shopify/Product/8379407597757","Men's Ice Silk Fast-Dry Stretch Casual Pants","https://cdn.shopify.com/s/files/1/0778/3278/2013/files/S12d748df024e48d2a7c6f70735208292c.webp?v=1783205460","","Men's stretch casual pants","ready_for_review","Identity is based on the product title; verify the visible color, view, and details before approval."
"gid://shopify/Product/8379407597757","Men's Ice Silk Fast-Dry Stretch Casual Pants","https://cdn.shopify.com/s/files/1/0778/3278/2013/files/S842345986e304ba8bc9d226e4cb079f1P.webp?v=1783205460","","Men's stretch casual pants","ready_for_review","Identity is based on the product title; verify the visible color, view, and details before approval."
"gid://shopify/Product/8379407597757","Men's Ice Silk Fast-Dry Stretch Casual Pants","https://cdn.shopify.com/s/files/1/0778/3278/2013/files/Sf7681bc0b9644efaa4cb08d8fb673241f.webp?v=1783205459","","Men's stretch casual pants","ready_for_review","Identity is based on the product title; verify the visible color, view, and details before approval."
"gid://shopify/Product/8379407597757","Men's Ice Silk Fast-Dry Stretch Casual Pants","https://cdn.shopify.com/s/files/1/0778/3278/2013/files/Sa1eb34c508f24bfeab33edd50ffa1adev.webp?v=1783205459","","Men's stretch casual pants","ready_for_review","Identity is based on the product title; verify the visible color, view, and details before approval."
"gid://shopify/Product/8379407597757","Men's Ice Silk Fast-Dry Stretch Casual Pants","https://cdn.shopify.com/s/files/1/0778/3278/2013/files/Se83faf16cb204dbb8234f99ee91930a5i.webp?v=1783205460","","Men's stretch casual pants","ready_for_review","Identity is based on the product title; verify the visible color, view, and details before approval."
"gid://shopify/Product/8379407597757","Men's Ice Silk Fast-Dry Stretch Casual Pants","https://cdn.shopify.com/s/files/1/0778/3278/2013/files/S78f7ac1001224657ba4e319a2257feeau.webp?v=1783205460","","Men's stretch casual pants","ready_for_review","Identity is based on the product title; verify the visible color, view, and details before approval."
"gid://shopify/Product/8379407597757","Men's Ice Silk Fast-Dry Stretch Casual Pants","https://cdn.shopify.com/s/files/1/0778/3278/2013/files/S7b61822662e644149df28e6fa1e1325dF.webp?v=1783205460","","Men's stretch casual pants","ready_for_review","Identity is based on the product title; verify the visible color, view, and details before approval."
"gid://shopify/Product/8379407597757","Men's Ice Silk Fast-Dry Stretch Casual Pants","https://cdn.shopify.com/s/files/1/0778/3278/2013/files/Se9c2539598ff4583b338e8d44b7c379al.webp?v=1783205460","","Men's stretch casual pants","ready_for_review","Identity is based on the product title; verify the visible color, view, and details before approval."
"gid://shopify/Product/8379407597757","Men's Ice Silk Fast-Dry Stretch Casual Pants","https://cdn.shopify.com/s/files/1/0778/3278/2013/files/S0a4574661910483bb18e49f2ee71761cc.webp?v=1783205460","","Men's stretch casual pants","ready_for_review","Identity is based on the product title; verify the visible color, view, and details before approval."
"gid://shopify/Product/8379407597757","Men's Ice Silk Fast-Dry Stretch Casual Pants","https://cdn.shopify.com/s/files/1/0778/3278/2013/files/S835997517e7f4ff58fb8c98970fca2f78.webp?v=1783205459","","Men's stretch casual pants","ready_for_review","Identity is based on the product title; verify the visible color, view, and details before approval."
"gid://shopify/Product/8379407597757","Men's Ice Silk Fast-Dry Stretch Casual Pants","https://cdn.shopify.com/s/files/1/0778/3278/2013/files/S21242a4924be4533a021aa54576a2c681.webp?v=1783205459","","Men's stretch casual pants","ready_for_review","Identity is based on the product title; verify the visible color, view, and details before approval."
"gid://shopify/Product/8379407597757","Men's Ice Silk Fast-Dry Stretch Casual Pants","https://cdn.shopify.com/s/files/1/0778/3278/2013/files/S39d5c96ad1994d3e8af0871629bf1909i.webp?v=1783205460","","Men's stretch casual pants","ready_for_review","Identity is based on the product title; verify the visible color, view, and details before approval."
"gid://shopify/Product/8379407597757","Men's Ice Silk Fast-Dry Stretch Casual Pants","https://cdn.shopify.com/s/files/1/0778/3278/2013/files/Sd6f64777dd574cdcb7c6e3a6dbcf49feq.webp?v=1783205460","","Men's stretch casual pants","ready_for_review","Identity is based on the product title; verify the visible color, view, and details before approval."
"gid://shopify/Product/8379407597757","Men's Ice Silk Fast-Dry Stretch Casual Pants","https://cdn.shopify.com/s/files/1/0778/3278/2013/files/Sd776a040538f4d8eb1166f828433c6d1e.webp?v=1783205460","","Men's stretch casual pants","ready_for_review","Identity is based on the product title; verify the visible color, view, and details before approval."
"gid://shopify/Product/8379407597757","Men's Ice Silk Fast-Dry Stretch Casual Pants","https://cdn.shopify.com/s/files/1/0778/3278/2013/files/S68ab0e71f18b4bb5b7287fceb7379057X.webp?v=1783205459","","Men's stretch casual pants","ready_for_review","Identity is based on the product title; verify the visible color, view, and details before approval."
"gid://shopify/Product/8379407597757","Men's Ice Silk Fast-Dry Stretch Casual Pants","https://cdn.shopify.com/s/files/1/0778/3278/2013/files/S715955aaf71f468c8c25c0bbe0aba723T.webp?v=1783205460","","Men's stretch casual pants","ready_for_review","Identity is based on the product title; verify the visible color, view, and details before approval."
"gid://shopify/Product/8379407597757","Men's Ice Silk Fast-Dry Stretch Casual Pants","https://cdn.shopify.com/s/files/1/0778/3278/2013/files/Sf5517bee0777462a80df4b743f6fa04bu.webp?v=1783205459","","Men's stretch casual pants","ready_for_review","Identity is based on the product title; verify the visible color, view, and details before approval."
"gid://shopify/Product/8379407597757","Men's Ice Silk Fast-Dry Stretch Casual Pants","https://cdn.shopify.com/s/files/1/0778/3278/2013/files/S17dd969d41a94ca6ba33a67f6857580f0.webp?v=1783205459","","Men's stretch casual pants","ready_for_review","Identity is based on the product title; verify the visible color, view, and details before approval."
"gid://shopify/Product/8379407597757","Men's Ice Silk Fast-Dry Stretch Casual Pants","https://cdn.shopify.com/s/files/1/0778/3278/2013/files/S800282c9e031433da78f02efb50fadf1G.webp?v=1783205459","","Men's stretch casual pants","ready_for_review","Identity is based on the product title; verify the visible color, view, and details before approval."
"gid://shopify/Product/8379407597757","Men's Ice Silk Fast-Dry Stretch Casual Pants","https://cdn.shopify.com/s/files/1/0778/3278/2013/files/S213b421b1c464e9bb8c19fa2fd7d7b8dY.webp?v=1783205459","","Men's stretch casual pants","ready_for_review","Identity is based on the product title; verify the visible color, view, and details before approval."
"gid://shopify/Product/8379407597757","Men's Ice Silk Fast-Dry Stretch Casual Pants","https://cdn.shopify.com/s/files/1/0778/3278/2013/files/S8cc47de56dfc4c44aa138e2c30af0b50v.webp?v=1783205459","","Men's stretch casual pants","ready_for_review","Identity is based on the product title; verify the visible color, view, and details before approval."
"gid://shopify/Product/8379407597757","Men's Ice Silk Fast-Dry Stretch Casual Pants","https://cdn.shopify.com/s/files/1/0778/3278/2013/files/S00cf49f9ff28496cb781936691703e3aa.webp?v=1783205459","","Men's stretch casual pants","ready_for_review","Identity is based on the product title; verify the visible color, view, and details before approval."
"gid://shopify/Product/8379407630525","Men's 3-Piece Slim Fit Business & Wedding Suit","https://cdn.shopify.com/s/files/1/0778/3278/2013/files/Sc8157981f1b74d8aaadd7f97ed937e67r.webp?v=1783205461","","Men's three-piece slim-fit suit","ready_for_review","Identity is based on the product title; verify the visible color, view, and details before approval."
"gid://shopify/Product/8379407630525","Men's 3-Piece Slim Fit Business & Wedding Suit","https://cdn.shopify.com/s/files/1/0778/3278/2013/files/S1e449636725741a3a7d96647e8b73a5dm.webp?v=1783205461","","Men's three-piece slim-fit suit","ready_for_review","Identity is based on the product title; verify the visible color, view, and details before approval."
"gid://shopify/Product/8379407630525","Men's 3-Piece Slim Fit Business & Wedding Suit","https://cdn.shopify.com/s/files/1/0778/3278/2013/files/S91ac6e6d13184aa0bfbbfe06f4f7b29dl.webp?v=1783205461","","Men's three-piece slim-fit suit","ready_for_review","Identity is based on the product title; verify the visible color, view, and details before approval."
"gid://shopify/Product/8379407630525","Men's 3-Piece Slim Fit Business & Wedding Suit","https://cdn.shopify.com/s/files/1/0778/3278/2013/files/Sf8a58a05684f4bb2aef863f8e70ca22dT.webp?v=1783205461","","Men's three-piece slim-fit suit","ready_for_review","Identity is based on the product title; verify the visible color, view, and details before approval."
"gid://shopify/Product/8379407630525","Men's 3-Piece Slim Fit Business & Wedding Suit","https://cdn.shopify.com/s/files/1/0778/3278/2013/files/S841c4df09eba419f94ebc8d3321efdc97.webp?v=1783205460","","Men's three-piece slim-fit suit","ready_for_review","Identity is based on the product title; verify the visible color, view, and details before approval."
"gid://shopify/Product/8379407630525","Men's 3-Piece Slim Fit Business & Wedding Suit","https://cdn.shopify.com/s/files/1/0778/3278/2013/files/Sf09de5a2b4f04b6cab319cacf7c9523fl.webp?v=1783205461","","Men's three-piece slim-fit suit","ready_for_review","Identity is based on the product title; verify the visible color, view, and details before approval."
"gid://shopify/Product/8379407630525","Men's 3-Piece Slim Fit Business & Wedding Suit","https://cdn.shopify.com/s/files/1/0778/3278/2013/files/S5e7267191d20483da0a67b28d2fe2644U.webp?v=1783205461","","Men's three-piece slim-fit suit","ready_for_review","Identity is based on the product title; verify the visible color, view, and details before approval."
"gid://shopify/Product/8379407630525","Men's 3-Piece Slim Fit Business & Wedding Suit","https://cdn.shopify.com/s/files/1/0778/3278/2013/files/S80a2f0a851a649a194385c370792ea93b.webp?v=1783205461","","Men's three-piece slim-fit suit","ready_for_review","Identity is based on the product title; verify the visible color, view, and details before approval."
"gid://shopify/Product/8379407630525","Men's 3-Piece Slim Fit Business & Wedding Suit","https://cdn.shopify.com/s/files/1/0778/3278/2013/files/S6cdf3ed33b8c47dd9645ffe55cabd9bdH.webp?v=1783205461","","Men's three-piece slim-fit suit","ready_for_review","Identity is based on the product title; verify the visible color, view, and details before approval."
"gid://shopify/Product/8379407630525","Men's 3-Piece Slim Fit Business & Wedding Suit","https://cdn.shopify.com/s/files/1/0778/3278/2013/files/S3832a8a7cdc14c67b734cb21a33303e7c.webp?v=1783205461","","Men's three-piece slim-fit suit","ready_for_review","Identity is based on the product title; verify the visible color, view, and details before approval."
"gid://shopify/Product/8379407630525","Men's 3-Piece Slim Fit Business & Wedding Suit","https://cdn.shopify.com/s/files/1/0778/3278/2013/files/S099f655a92b1428b832bb7bf3608b3223.webp?v=1783205460","","Men's three-piece slim-fit suit","ready_for_review","Identity is based on the product title; verify the visible color, view, and details before approval."
"gid://shopify/Product/8379407630525","Men's 3-Piece Slim Fit Business & Wedding Suit","https://cdn.shopify.com/s/files/1/0778/3278/2013/files/S99a50ad96dc643b981fc0161c3d7be71u.webp?v=1783205461","","Men's three-piece slim-fit suit","ready_for_review","Identity is based on the product title; verify the visible color, view, and details before approval."
"gid://shopify/Product/8379407630525","Men's 3-Piece Slim Fit Business & Wedding Suit","https://cdn.shopify.com/s/files/1/0778/3278/2013/files/S0341c17c27f147a48736596e0bedd8e31.webp?v=1783205460","","Men's three-piece slim-fit suit","ready_for_review","Identity is based on the product title; verify the visible color, view, and details before approval."
"gid://shopify/Product/8379407630525","Men's 3-Piece Slim Fit Business & Wedding Suit","https://cdn.shopify.com/s/files/1/0778/3278/2013/files/Sc3cf37bbb0cd49deb597dbacabaa91f1c.webp?v=1783205460","","Men's three-piece slim-fit suit","ready_for_review","Identity is based on the product title; verify the visible color, view, and details before approval."
"gid://shopify/Product/8379407630525","Men's 3-Piece Slim Fit Business & Wedding Suit","https://cdn.shopify.com/s/files/1/0778/3278/2013/files/S6e7d3247a12542e4b87fd3675a8f0079j.webp?v=1783205460","","Men's three-piece slim-fit suit","ready_for_review","Identity is based on the product title; verify the visible color, view, and details before approval."
"gid://shopify/Product/8379407630525","Men's 3-Piece Slim Fit Business & Wedding Suit","https://cdn.shopify.com/s/files/1/0778/3278/2013/files/S5f4682d3e5db481f9f291fa5025bc1a3l.webp?v=1783205461","","Men's three-piece slim-fit suit","ready_for_review","Identity is based on the product title; verify the visible color, view, and details before approval."
"gid://shopify/Product/8379407663293","Men's Loose Fit Streetwear Jogger Trousers","https://cdn.shopify.com/s/files/1/0778/3278/2013/files/S183a4a9d2ae440179c68988201fd22f7e.webp?v=1783205461","","Men's loose-fit streetwear jogger trousers","ready_for_review","Identity is based on the product title; verify the visible color, view, and details before approval."
"gid://shopify/Product/8379407663293","Men's Loose Fit Streetwear Jogger Trousers","https://cdn.shopify.com/s/files/1/0778/3278/2013/files/Sc381f995b1ee4075b3bd276df61ccbc6R.webp?v=1783205461","","Men's loose-fit streetwear jogger trousers","ready_for_review","Identity is based on the product title; verify the visible color, view, and details before approval."
"gid://shopify/Product/8379407663293","Men's Loose Fit Streetwear Jogger Trousers","https://cdn.shopify.com/s/files/1/0778/3278/2013/files/Sb01cc102e53e4754907f8b0a1dbac1411.webp?v=1783205461","","Men's loose-fit streetwear jogger trousers","ready_for_review","Identity is based on the product title; verify the visible color, view, and details before approval."
"gid://shopify/Product/8379407663293","Men's Loose Fit Streetwear Jogger Trousers","https://cdn.shopify.com/s/files/1/0778/3278/2013/files/S768b2224830c4afd8f037c2573df04ccX.webp?v=1783205461","","Men's loose-fit streetwear jogger trousers","ready_for_review","Identity is based on the product title; verify the visible color, view, and details before approval."
"gid://shopify/Product/8379407663293","Men's Loose Fit Streetwear Jogger Trousers","https://cdn.shopify.com/s/files/1/0778/3278/2013/files/S5dea253a768c46bbb8d23962bfc5bbca8.webp?v=1783205461","","Men's loose-fit streetwear jogger trousers","ready_for_review","Identity is based on the product title; verify the visible color, view, and details before approval."
"gid://shopify/Product/8379407663293","Men's Loose Fit Streetwear Jogger Trousers","https://cdn.shopify.com/s/files/1/0778/3278/2013/files/Se2a07d4429504c22a64631ab41119e442.webp?v=1783205461","","Men's loose-fit streetwear jogger trousers","ready_for_review","Identity is based on the product title; verify the visible color, view, and details before approval."
"gid://shopify/Product/8379407663293","Men's Loose Fit Streetwear Jogger Trousers","https://cdn.shopify.com/s/files/1/0778/3278/2013/files/Se3fe6389c0c44910998caff2f57e5c5cz.webp?v=1783205461","","Men's loose-fit streetwear jogger trousers","ready_for_review","Identity is based on the product title; verify the visible color, view, and details before approval."
"gid://shopify/Product/8379407663293","Men's Loose Fit Streetwear Jogger Trousers","https://cdn.shopify.com/s/files/1/0778/3278/2013/files/S32fa374ce52a44458ed19bd51f33126cx.webp?v=1783205461","","Men's loose-fit streetwear jogger trousers","ready_for_review","Identity is based on the product title; verify the visible color, view, and details before approval."
"gid://shopify/Product/8379407663293","Men's Loose Fit Streetwear Jogger Trousers","https://cdn.shopify.com/s/files/1/0778/3278/2013/files/S98c04cf3468343cbb6e35633a203c81aC.webp?v=1783205460","","Men's loose-fit streetwear jogger trousers","ready_for_review","Identity is based on the product title; verify the visible color, view, and details before approval."
"gid://shopify/Product/8379407663293","Men's Loose Fit Streetwear Jogger Trousers","https://cdn.shopify.com/s/files/1/0778/3278/2013/files/S98f9ca00873e46a393c21c91f8017320J.webp?v=1783205460","","Men's loose-fit streetwear jogger trousers","ready_for_review","Identity is based on the product title; verify the visible color, view, and details before approval."
"gid://shopify/Product/8379407663293","Men's Loose Fit Streetwear Jogger Trousers","https://cdn.shopify.com/s/files/1/0778/3278/2013/files/Se9aeeb26b8ff4987930a4158125a5f45Y.webp?v=1783205461","","Men's loose-fit streetwear jogger trousers","ready_for_review","Identity is based on the product title; verify the visible color, view, and details before approval."
"gid://shopify/Product/8379407663293","Men's Loose Fit Streetwear Jogger Trousers","https://cdn.shopify.com/s/files/1/0778/3278/2013/files/S6540bc185a3947c8b6e23c70cf0ea6f79.webp?v=1783205461","","Men's loose-fit streetwear jogger trousers","ready_for_review","Identity is based on the product title; verify the visible color, view, and details before approval."
"gid://shopify/Product/8379407663293","Men's Loose Fit Streetwear Jogger Trousers","https://cdn.shopify.com/s/files/1/0778/3278/2013/files/Sd5dd74fb5be947fa9ee8d7386f3e13a34.webp?v=1783205461","","Men's loose-fit streetwear jogger trousers","ready_for_review","Identity is based on the product title; verify the visible color, view, and details before approval."
"gid://shopify/Product/8379407663293","Men's Loose Fit Streetwear Jogger Trousers","https://cdn.shopify.com/s/files/1/0778/3278/2013/files/S9f5183b8af864652806df32f66c043eb4.webp?v=1783205461","","Men's loose-fit streetwear jogger trousers","ready_for_review","Identity is based on the product title; verify the visible color, view, and details before approval."
"gid://shopify/Product/8379407663293","Men's Loose Fit Streetwear Jogger Trousers","https://cdn.shopify.com/s/files/1/0778/3278/2013/files/S98ab4175dc134ba9b51d30b6d054d33cE.webp?v=1783205461","","Men's loose-fit streetwear jogger trousers","ready_for_review","Identity is based on the product title; verify the visible color, view, and details before approval."
"gid://shopify/Product/8379407663293","Men's Loose Fit Streetwear Jogger Trousers","https://cdn.shopify.com/s/files/1/0778/3278/2013/files/S0e2817970d344ed1a86ec9cfe972a4a5A.webp?v=1783205461","","Men's loose-fit streetwear jogger trousers","ready_for_review","Identity is based on the product title; verify the visible color, view, and details before approval."
"gid://shopify/Product/8379407696061","Men's Korean Streetwear Wide Leg Jeans","https://cdn.shopify.com/s/files/1/0778/3278/2013/files/S3e6acbf691724d3d92621851f352b23eN.webp?v=1783205471","","Men's wide-leg streetwear jeans","ready_for_review","Identity is based on the product title; verify the visible color, view, and details before approval."
"gid://shopify/Product/8379407696061","Men's Korean Streetwear Wide Leg Jeans","https://cdn.shopify.com/s/files/1/0778/3278/2013/files/S304e7c1090e5412895502e3019a9a592q.webp?v=1783205472","","Men's wide-leg streetwear jeans","ready_for_review","Identity is based on the product title; verify the visible color, view, and details before approval."
"gid://shopify/Product/8379407696061","Men's Korean Streetwear Wide Leg Jeans","https://cdn.shopify.com/s/files/1/0778/3278/2013/files/Sf9f235c718f944778f1468eaae9d3da7Z.webp?v=1783205472","","Men's wide-leg streetwear jeans","ready_for_review","Identity is based on the product title; verify the visible color, view, and details before approval."
"gid://shopify/Product/8379407696061","Men's Korean Streetwear Wide Leg Jeans","https://cdn.shopify.com/s/files/1/0778/3278/2013/files/Sac9c7eedb2e94e9cb0fcf267e4f0ec56i.webp?v=1783205472","","Men's wide-leg streetwear jeans","ready_for_review","Identity is based on the product title; verify the visible color, view, and details before approval."
"gid://shopify/Product/8379407696061","Men's Korean Streetwear Wide Leg Jeans","https://cdn.shopify.com/s/files/1/0778/3278/2013/files/S509d22593c4c4af486351cc147339320u.webp?v=1783205472","","Men's wide-leg streetwear jeans","ready_for_review","Identity is based on the product title; verify the visible color, view, and details before approval."
"gid://shopify/Product/8379407696061","Men's Korean Streetwear Wide Leg Jeans","https://cdn.shopify.com/s/files/1/0778/3278/2013/files/S208c9049a48742dba279b5be5c34162bL.webp?v=1783205472","","Men's wide-leg streetwear jeans","ready_for_review","Identity is based on the product title; verify the visible color, view, and details before approval."
"gid://shopify/Product/8379407696061","Men's Korean Streetwear Wide Leg Jeans","https://cdn.shopify.com/s/files/1/0778/3278/2013/files/S321e2a81ce134ea09c45b451237aff2aS.webp?v=1783205471","","Men's wide-leg streetwear jeans","ready_for_review","Identity is based on the product title; verify the visible color, view, and details before approval."
"gid://shopify/Product/8379407696061","Men's Korean Streetwear Wide Leg Jeans","https://cdn.shopify.com/s/files/1/0778/3278/2013/files/S3cd892237fb349bd815e2face2640797N.webp?v=1783205472","","Men's wide-leg streetwear jeans","ready_for_review","Identity is based on the product title; verify the visible color, view, and details before approval."
"gid://shopify/Product/8379407696061","Men's Korean Streetwear Wide Leg Jeans","https://cdn.shopify.com/s/files/1/0778/3278/2013/files/S33b08ec0ccd24bf6878f82580c1e6900p.webp?v=1783205472","","Men's wide-leg streetwear jeans","ready_for_review","Identity is based on the product title; verify the visible color, view, and details before approval."
"gid://shopify/Product/8379407696061","Men's Korean Streetwear Wide Leg Jeans","https://cdn.shopify.com/s/files/1/0778/3278/2013/files/S4725783833a34f47b350cec987a06f07v.webp?v=1783205471","","Men's wide-leg streetwear jeans","ready_for_review","Identity is based on the product title; verify the visible color, view, and details before approval."
"gid://shopify/Product/8379407696061","Men's Korean Streetwear Wide Leg Jeans","https://cdn.shopify.com/s/files/1/0778/3278/2013/files/S3d148923788a42c6b3a39d2ed214bb1bv.webp?v=1783205472","","Men's wide-leg streetwear jeans","ready_for_review","Identity is based on the product title; verify the visible color, view, and details before approval."
"gid://shopify/Product/8379407696061","Men's Korean Streetwear Wide Leg Jeans","https://cdn.shopify.com/s/files/1/0778/3278/2013/files/Sb761e93ab275414d8ba2780555d35750I.webp?v=1783205472","","Men's wide-leg streetwear jeans","ready_for_review","Identity is based on the product title; verify the visible color, view, and details before approval."
"gid://shopify/Product/8379407696061","Men's Korean Streetwear Wide Leg Jeans","https://cdn.shopify.com/s/files/1/0778/3278/2013/files/S7138620545224b9896230327f651c081a.webp?v=1783205472","","Men's wide-leg streetwear jeans","ready_for_review","Identity is based on the product title; verify the visible color, view, and details before approval."
"gid://shopify/Product/8379407696061","Men's Korean Streetwear Wide Leg Jeans","https://cdn.shopify.com/s/files/1/0778/3278/2013/files/S7dbf11e29b1d474ca1ae3a8c6d43e2e2x.webp?v=1783205472","","Men's wide-leg streetwear jeans","ready_for_review","Identity is based on the product title; verify the visible color, view, and details before approval."
"gid://shopify/Product/8379407696061","Men's Korean Streetwear Wide Leg Jeans","https://cdn.shopify.com/s/files/1/0778/3278/2013/files/Sd72017c9a0634e399677d28f09477373E.webp?v=1783205472","","Men's wide-leg streetwear jeans","ready_for_review","Identity is based on the product title; verify the visible color, view, and details before approval."
"gid://shopify/Product/8379407696061","Men's Korean Streetwear Wide Leg Jeans","https://cdn.shopify.com/s/files/1/0778/3278/2013/files/S2ce112854f1b4d00a4371de6c67f8437W.webp?v=1783205472","","Men's wide-leg streetwear jeans","ready_for_review","Identity is based on the product title; verify the visible color, view, and details before approval."
"gid://shopify/Product/8379407696061","Men's Korean Streetwear Wide Leg Jeans","https://cdn.shopify.com/s/files/1/0778/3278/2013/files/S495317fe873d4e61956b4aa9ce7e202cN.webp?v=1783205472","","Men's wide-leg streetwear jeans","ready_for_review","Identity is based on the product title; verify the visible color, view, and details before approval."
"gid://shopify/Product/8379407696061","Men's Korean Streetwear Wide Leg Jeans","https://cdn.shopify.com/s/files/1/0778/3278/2013/files/S5b8ab7bc2e7545a0aa1c48aecd62f6eeD.webp?v=1783205472","","Men's wide-leg streetwear jeans","ready_for_review","Identity is based on the product title; verify the visible color, view, and details before approval."
"gid://shopify/Product/8379407696061","Men's Korean Streetwear Wide Leg Jeans","https://cdn.shopify.com/s/files/1/0778/3278/2013/files/S9405abdcdfd5469d85cd1c3b6123abc4m.webp?v=1783205472","","Men's wide-leg streetwear jeans","ready_for_review","Identity is based on the product title; verify the visible color, view, and details before approval."
"gid://shopify/Product/8379407696061","Men's Korean Streetwear Wide Leg Jeans","https://cdn.shopify.com/s/files/1/0778/3278/2013/files/Sd4fcf0d011ba41b8b73e93859faa942aN.webp?v=1783205472","","Men's wide-leg streetwear jeans","ready_for_review","Identity is based on the product title; verify the visible color, view, and details before approval."
"gid://shopify/Product/8379407696061","Men's Korean Streetwear Wide Leg Jeans","https://cdn.shopify.com/s/files/1/0778/3278/2013/files/S915d72939f80412ca34fd218451579251.webp?v=1783205472","","Men's wide-leg streetwear jeans","ready_for_review","Identity is based on the product title; verify the visible color, view, and details before approval."
"gid://shopify/Product/8379407696061","Men's Korean Streetwear Wide Leg Jeans","https://cdn.shopify.com/s/files/1/0778/3278/2013/files/S8be5f3b512d64afc9a9716e1d8ec38399.webp?v=1783205472","","Men's wide-leg streetwear jeans","ready_for_review","Identity is based on the product title; verify the visible color, view, and details before approval."
"gid://shopify/Product/8379407696061","Men's Korean Streetwear Wide Leg Jeans","https://cdn.shopify.com/s/files/1/0778/3278/2013/files/S50dfd7e93d16495e804adefaafc9cd73B.webp?v=1783205471","","Men's wide-leg streetwear jeans","ready_for_review","Identity is based on the product title; verify the visible color, view, and details before approval."
"gid://shopify/Product/8379407696061","Men's Korean Streetwear Wide Leg Jeans","https://cdn.shopify.com/s/files/1/0778/3278/2013/files/Sca35f54cd6504bedaaa7b56b028a0f66v.webp?v=1783205472","","Men's wide-leg streetwear jeans","ready_for_review","Identity is based on the product title; verify the visible color, view, and details before approval."
"gid://shopify/Product/8379407696061","Men's Korean Streetwear Wide Leg Jeans","https://cdn.shopify.com/s/files/1/0778/3278/2013/files/S0b5733d578c142b094a67eb7b40cfa9aH.webp?v=1783205472","","Men's wide-leg streetwear jeans","ready_for_review","Identity is based on the product title; verify the visible color, view, and details before approval."
"gid://shopify/Product/8379407696061","Men's Korean Streetwear Wide Leg Jeans","https://cdn.shopify.com/s/files/1/0778/3278/2013/files/S95ebec307b1947f1af911d8d2d66b5a4h.webp?v=1783205472","","Men's wide-leg streetwear jeans","ready_for_review","Identity is based on the product title; verify the visible color, view, and details before approval."
"gid://shopify/Product/8379407696061","Men's Korean Streetwear Wide Leg Jeans","https://cdn.shopify.com/s/files/1/0778/3278/2013/files/Sd831df208cbe40b8b90649ac52eb572dD.webp?v=1783205472","","Men's wide-leg streetwear jeans","ready_for_review","Identity is based on the product title; verify the visible color, view, and details before approval."
"gid://shopify/Product/8379407728829","Men's Slim-Fit Elastic Waist Jogger Pants","https://cdn.shopify.com/s/files/1/0778/3278/2013/files/S298a9e271b5347b8a9855b84f0166a42y.webp?v=1783205473","","Men's slim-fit jogger pants","ready_for_review","Identity is based on the product title; verify the visible color, view, and details before approval."
"gid://shopify/Product/8379407728829","Men's Slim-Fit Elastic Waist Jogger Pants","https://cdn.shopify.com/s/files/1/0778/3278/2013/files/Sf7933ada9e79485089d8d078bf8ce6bbC.webp?v=1783205473","","Men's slim-fit jogger pants","ready_for_review","Identity is based on the product title; verify the visible color, view, and details before approval."
"gid://shopify/Product/8379407728829","Men's Slim-Fit Elastic Waist Jogger Pants","https://cdn.shopify.com/s/files/1/0778/3278/2013/files/S71d18ec14337409ab2807f5f0e155613f.webp?v=1783205473","","Men's slim-fit jogger pants","ready_for_review","Identity is based on the product title; verify the visible color, view, and details before approval."
"gid://shopify/Product/8379407728829","Men's Slim-Fit Elastic Waist Jogger Pants","https://cdn.shopify.com/s/files/1/0778/3278/2013/files/S72e0064cdab94d41af30f55f5a8a9090j.webp?v=1783205473","","Men's slim-fit jogger pants","ready_for_review","Identity is based on the product title; verify the visible color, view, and details before approval."
"gid://shopify/Product/8379407728829","Men's Slim-Fit Elastic Waist Jogger Pants","https://cdn.shopify.com/s/files/1/0778/3278/2013/files/S83d60815f48145078cce5caaeecb0f59i.webp?v=1783205473","","Men's slim-fit jogger pants","ready_for_review","Identity is based on the product title; verify the visible color, view, and details before approval."
"gid://shopify/Product/8379407728829","Men's Slim-Fit Elastic Waist Jogger Pants","https://cdn.shopify.com/s/files/1/0778/3278/2013/files/S0a49cf2707bf47478f0b446330a73bc86.webp?v=1783205473","","Men's slim-fit jogger pants","ready_for_review","Identity is based on the product title; verify the visible color, view, and details before approval."
"gid://shopify/Product/8379407728829","Men's Slim-Fit Elastic Waist Jogger Pants","https://cdn.shopify.com/s/files/1/0778/3278/2013/files/S45738967d42945689be42b8c672092e0f.webp?v=1783205473","","Men's slim-fit jogger pants","ready_for_review","Identity is based on the product title; verify the visible color, view, and details before approval."
"gid://shopify/Product/8379407728829","Men's Slim-Fit Elastic Waist Jogger Pants","https://cdn.shopify.com/s/files/1/0778/3278/2013/files/S0e294da98b494fdb8989ca0d0b7b29ecf.webp?v=1783205473","","Men's slim-fit jogger pants","ready_for_review","Identity is based on the product title; verify the visible color, view, and details before approval."
"gid://shopify/Product/8379407728829","Men's Slim-Fit Elastic Waist Jogger Pants","https://cdn.shopify.com/s/files/1/0778/3278/2013/files/S44b985c9c8a246a698722df056e3f261c.webp?v=1783205473","","Men's slim-fit jogger pants","ready_for_review","Identity is based on the product title; verify the visible color, view, and details before approval."
"gid://shopify/Product/8379407728829","Men's Slim-Fit Elastic Waist Jogger Pants","https://cdn.shopify.com/s/files/1/0778/3278/2013/files/S2172da29a4114b7caa7d33894bbaeca7r.webp?v=1783205473","","Men's slim-fit jogger pants","ready_for_review","Identity is based on the product title; verify the visible color, view, and details before approval."
"gid://shopify/Product/8379407728829","Men's Slim-Fit Elastic Waist Jogger Pants","https://cdn.shopify.com/s/files/1/0778/3278/2013/files/S3cada3f5342b4e6f8ade1401c31c2b60x.webp?v=1783205473","","Men's slim-fit jogger pants","ready_for_review","Identity is based on the product title; verify the visible color, view, and details before approval."
"gid://shopify/Product/8379407728829","Men's Slim-Fit Elastic Waist Jogger Pants","https://cdn.shopify.com/s/files/1/0778/3278/2013/files/Sa76144b0416040bca29cd6e9e48f0852V.webp?v=1783205473","","Men's slim-fit jogger pants","ready_for_review","Identity is based on the product title; verify the visible color, view, and details before approval."
"gid://shopify/Product/8447131582653","Elegant Women's V-Neck Ruffle Blouse with Tie Waist, Lantern Sleeves Long Sleeve Top","https://cdn.shopify.com/s/files/1/0778/3278/2013/files/D9763F5741E969C44235C64104C4B1AB.jpg?v=1786572954","","Women's V-neck ruffle tie-waist blouse","ready_for_review","Identity is based on the product title; verify the visible color, view, and details before approval."
"gid://shopify/Product/8447131582653","Elegant Women's V-Neck Ruffle Blouse with Tie Waist, Lantern Sleeves Long Sleeve Top","https://cdn.shopify.com/s/files/1/0778/3278/2013/files/33FA9314E280BD7980D189CBE5370EA4.jpg?v=1786572957","","Women's V-neck ruffle tie-waist blouse","ready_for_review","Identity is based on the product title; verify the visible color, view, and details before approval."
"gid://shopify/Product/8447131582653","Elegant Women's V-Neck Ruffle Blouse with Tie Waist, Lantern Sleeves Long Sleeve Top","https://cdn.shopify.com/s/files/1/0778/3278/2013/files/6BEA771EE93110665E3DFE891230781E.jpg?v=1786572960","","Women's V-neck ruffle tie-waist blouse","ready_for_review","Identity is based on the product title; verify the visible color, view, and details before approval."
"gid://shopify/Product/8447131582653","Elegant Women's V-Neck Ruffle Blouse with Tie Waist, Lantern Sleeves Long Sleeve Top","https://cdn.shopify.com/s/files/1/0778/3278/2013/files/B24035047CF294746DFC11231A2C38AD.jpg?v=1786572963","","Women's V-neck ruffle tie-waist blouse","ready_for_review","Identity is based on the product title; verify the visible color, view, and details before approval."
"gid://shopify/Product/8447131582653","Elegant Women's V-Neck Ruffle Blouse with Tie Waist, Lantern Sleeves Long Sleeve Top","https://cdn.shopify.com/s/files/1/0778/3278/2013/files/ADCDE0C121252FDC87C593559115C4CF.jpg?v=1786572967","","Women's V-neck ruffle tie-waist blouse","ready_for_review","Identity is based on the product title; verify the visible color, view, and details before approval."
"gid://shopify/Product/8447131582653","Elegant Women's V-Neck Ruffle Blouse with Tie Waist, Lantern Sleeves Long Sleeve Top","https://cdn.shopify.com/s/files/1/0778/3278/2013/files/D697ADA0BD4BEF938E6DB0AB32B60DBA.jpg?v=1786572969","","Women's V-neck ruffle tie-waist blouse","ready_for_review","Identity is based on the product title; verify the visible color, view, and details before approval."
"gid://shopify/Product/8447131582653","Elegant Women's V-Neck Ruffle Blouse with Tie Waist, Lantern Sleeves Long Sleeve Top","https://cdn.shopify.com/s/files/1/0778/3278/2013/files/133C10E50E8EA21E2FFC1090636FD032.jpg?v=1786572972","","Women's V-neck ruffle tie-waist blouse","ready_for_review","Identity is based on the product title; verify the visible color, view, and details before approval."
"gid://shopify/Product/8447131582653","Elegant Women's V-Neck Ruffle Blouse with Tie Waist, Lantern Sleeves Long Sleeve Top","https://cdn.shopify.com/s/files/1/0778/3278/2013/files/B203746CDF059A0A85B13C21D054535A.jpg?v=1786572975","","Women's V-neck ruffle tie-waist blouse","ready_for_review","Identity is based on the product title; verify the visible color, view, and details before approval."
"gid://shopify/Product/8447131582653","Elegant Women's V-Neck Ruffle Blouse with Tie Waist, Lantern Sleeves Long Sleeve Top","https://cdn.shopify.com/s/files/1/0778/3278/2013/files/BEB41020B39E6E1A02EF15B017A85518.jpg?v=1786572979","","Women's V-neck ruffle tie-waist blouse","ready_for_review","Identity is based on the product title; verify the visible color, view, and details before approval."
"gid://shopify/Product/8447131582653","Elegant Women's V-Neck Ruffle Blouse with Tie Waist, Lantern Sleeves Long Sleeve Top","https://cdn.shopify.com/s/files/1/0778/3278/2013/files/260A656D266512B5DD8CAE3845D4CF1A.jpg?v=1786572982","","Women's V-neck ruffle tie-waist blouse","ready_for_review","Identity is based on the product title; verify the visible color, view, and details before approval."
"gid://shopify/Product/8447131582653","Elegant Women's V-Neck Ruffle Blouse with Tie Waist, Lantern Sleeves Long Sleeve Top","https://cdn.shopify.com/s/files/1/0778/3278/2013/files/CBCD001F0933AE679BB6A79980E512DA.jpg?v=1786572984","","Women's V-neck ruffle tie-waist blouse","ready_for_review","Identity is based on the product title; verify the visible color, view, and details before approval."
"gid://shopify/Product/8447155830973","Fashionable Pink Floral Round Neck Sleeveless Vest Dress for Women Casual Summer Style","https://cdn.shopify.com/s/files/1/0778/3278/2013/files/0D7F44254350A7C7C10ADEAA9FF89D35.jpg?v=1786573634","","Pink floral sleeveless vest dress","ready_for_review","Identity is based on the product title; verify the visible color, view, and details before approval."
"gid://shopify/Product/8447155830973","Fashionable Pink Floral Round Neck Sleeveless Vest Dress for Women Casual Summer Style","https://cdn.shopify.com/s/files/1/0778/3278/2013/files/184313275B49E01F1692F2F0DC2D1418.jpg?v=1786573638","","Pink floral sleeveless vest dress","ready_for_review","Identity is based on the product title; verify the visible color, view, and details before approval."
"gid://shopify/Product/8447155830973","Fashionable Pink Floral Round Neck Sleeveless Vest Dress for Women Casual Summer Style","https://cdn.shopify.com/s/files/1/0778/3278/2013/files/1D54492C28E3FC0BC9D3BA20376473FE.jpg?v=1786573641","","Pink floral sleeveless vest dress","ready_for_review","Identity is based on the product title; verify the visible color, view, and details before approval."
"gid://shopify/Product/8447155830973","Fashionable Pink Floral Round Neck Sleeveless Vest Dress for Women Casual Summer Style","https://cdn.shopify.com/s/files/1/0778/3278/2013/files/BF3811687BA5743ED799424D08446210.jpg?v=1786573643","","Pink floral sleeveless vest dress","ready_for_review","Identity is based on the product title; verify the visible color, view, and details before approval."
"gid://shopify/Product/8447155830973","Fashionable Pink Floral Round Neck Sleeveless Vest Dress for Women Casual Summer Style","https://cdn.shopify.com/s/files/1/0778/3278/2013/files/B46F60607F5EC0587D9642FCA3752479.jpg?v=1786573646","","Pink floral sleeveless vest dress","ready_for_review","Identity is based on the product title; verify the visible color, view, and details before approval."
"gid://shopify/Product/8447155830973","Fashionable Pink Floral Round Neck Sleeveless Vest Dress for Women Casual Summer Style","https://cdn.shopify.com/s/files/1/0778/3278/2013/files/F79128E71D0F2DC27909F16B42CC3FA4.jpg?v=1786573648","","Pink floral sleeveless vest dress","ready_for_review","Identity is based on the product title; verify the visible color, view, and details before approval."
"gid://shopify/Product/8447155830973","Fashionable Pink Floral Round Neck Sleeveless Vest Dress for Women Casual Summer Style","https://cdn.shopify.com/s/files/1/0778/3278/2013/files/D8F597623226448356BC393CA207514C.jpg?v=1786573650","","Pink floral sleeveless vest dress","ready_for_review","Identity is based on the product title; verify the visible color, view, and details before approval."
"gid://shopify/Product/8447155830973","Fashionable Pink Floral Round Neck Sleeveless Vest Dress for Women Casual Summer Style","https://cdn.shopify.com/s/files/1/0778/3278/2013/files/624FB837F106FDBA4169F896F380F5CD.jpg?v=1786573657","","Pink floral sleeveless vest dress","ready_for_review","Identity is based on the product title; verify the visible color, view, and details before approval."
"gid://shopify/Product/8447160942781","Motorcycle Balaclava Full Face Mask Skull Print Motorbike Full Face Mask Windproof Skiing Head Neck Warmer Bicycle Helmet Liner","https://cdn.shopify.com/s/files/1/0778/3278/2013/files/EEEECB764054BEA8DBC4863BE4F2DC25.png?v=1786573785","","Skull-print motorcycle balaclava","ready_for_review","Identity is based on the product title; verify the visible color, view, and details before approval."
"gid://shopify/Product/8447160942781","Motorcycle Balaclava Full Face Mask Skull Print Motorbike Full Face Mask Windproof Skiing Head Neck Warmer Bicycle Helmet Liner","https://cdn.shopify.com/s/files/1/0778/3278/2013/files/7448B26E9BEFD12ECE0EEBC79B9633B2.png?v=1786573787","","Skull-print motorcycle balaclava","ready_for_review","Identity is based on the product title; verify the visible color, view, and details before approval."
"gid://shopify/Product/8447160942781","Motorcycle Balaclava Full Face Mask Skull Print Motorbike Full Face Mask Windproof Skiing Head Neck Warmer Bicycle Helmet Liner","https://cdn.shopify.com/s/files/1/0778/3278/2013/files/DF6CDC36CAE68DD05F7425E69AE09AAC.png?v=1786573789","","Skull-print motorcycle balaclava","ready_for_review","Identity is based on the product title; verify the visible color, view, and details before approval."
"gid://shopify/Product/8447160942781","Motorcycle Balaclava Full Face Mask Skull Print Motorbike Full Face Mask Windproof Skiing Head Neck Warmer Bicycle Helmet Liner","https://cdn.shopify.com/s/files/1/0778/3278/2013/files/35645CBC00996B065E1FD2F7745975F2.png?v=1786573791","","Skull-print motorcycle balaclava","ready_for_review","Identity is based on the product title; verify the visible color, view, and details before approval."
"gid://shopify/Product/8447160942781","Motorcycle Balaclava Full Face Mask Skull Print Motorbike Full Face Mask Windproof Skiing Head Neck Warmer Bicycle Helmet Liner","https://cdn.shopify.com/s/files/1/0778/3278/2013/files/53498D7BF199C4FA58F74A4A66DDE009.png?v=1786573792","","Skull-print motorcycle balaclava","ready_for_review","Identity is based on the product title; verify the visible color, view, and details before approval."
"gid://shopify/Product/8447160942781","Motorcycle Balaclava Full Face Mask Skull Print Motorbike Full Face Mask Windproof Skiing Head Neck Warmer Bicycle Helmet Liner","https://cdn.shopify.com/s/files/1/0778/3278/2013/files/03C5813029BCEF86A8A6E867C0E15325.png?v=1786573794","","Skull-print motorcycle balaclava","ready_for_review","Identity is based on the product title; verify the visible color, view, and details before approval."
"gid://shopify/Product/8447161041085","Original Fluffy Cat Ear Hat Lolita Spiky Star Braided Hair Hat Autumn Winter Warmth Subculture Y2K Headwear","https://cdn.shopify.com/s/files/1/0778/3278/2013/files/8408E9579B464FED5097729892E4D2F6.jpg?v=1786573789","","Fluffy cat-ear braided fashion hat","ready_for_review","Identity is based on the product title; verify the visible color, view, and details before approval."
"gid://shopify/Product/8447161041085","Original Fluffy Cat Ear Hat Lolita Spiky Star Braided Hair Hat Autumn Winter Warmth Subculture Y2K Headwear","https://cdn.shopify.com/s/files/1/0778/3278/2013/files/DE102B71DCD2C4C5B8E4E21CCE35B34D.jpg?v=1786573791","","Fluffy cat-ear braided fashion hat","ready_for_review","Identity is based on the product title; verify the visible color, view, and details before approval."
"gid://shopify/Product/8447161041085","Original Fluffy Cat Ear Hat Lolita Spiky Star Braided Hair Hat Autumn Winter Warmth Subculture Y2K Headwear","https://cdn.shopify.com/s/files/1/0778/3278/2013/files/7220C4B7C034B275FABB38F18914F849.jpg?v=1786573793","","Fluffy cat-ear braided fashion hat","ready_for_review","Identity is based on the product title; verify the visible color, view, and details before approval."
"gid://shopify/Product/8447161041085","Original Fluffy Cat Ear Hat Lolita Spiky Star Braided Hair Hat Autumn Winter Warmth Subculture Y2K Headwear","https://cdn.shopify.com/s/files/1/0778/3278/2013/files/24E9FE2E93C91DA1146FFA4688713CD1.jpg?v=1786573795","","Fluffy cat-ear braided fashion hat","ready_for_review","Identity is based on the product title; verify the visible color, view, and details before approval."
"gid://shopify/Product/8447161041085","Original Fluffy Cat Ear Hat Lolita Spiky Star Braided Hair Hat Autumn Winter Warmth Subculture Y2K Headwear","https://cdn.shopify.com/s/files/1/0778/3278/2013/files/A23EC503B7F09B51AFF89A60921389F7.jpg?v=1786573797","","Fluffy cat-ear braided fashion hat","ready_for_review","Identity is based on the product title; verify the visible color, view, and details before approval."
"gid://shopify/Product/8447161041085","Original Fluffy Cat Ear Hat Lolita Spiky Star Braided Hair Hat Autumn Winter Warmth Subculture Y2K Headwear","https://cdn.shopify.com/s/files/1/0778/3278/2013/files/E8BE132AB8A5D994AAD5EFD5979C8E29.jpg?v=1786573800","","Fluffy cat-ear braided fashion hat","ready_for_review","Identity is based on the product title; verify the visible color, view, and details before approval."
"gid://shopify/Product/8447161041085","Original Fluffy Cat Ear Hat Lolita Spiky Star Braided Hair Hat Autumn Winter Warmth Subculture Y2K Headwear","https://cdn.shopify.com/s/files/1/0778/3278/2013/files/B50F5A924860890A183B62A9C3909F0D.jpg?v=1786573803","","Fluffy cat-ear braided fashion hat","ready_for_review","Identity is based on the product title; verify the visible color, view, and details before approval."
"gid://shopify/Product/8447161041085","Original Fluffy Cat Ear Hat Lolita Spiky Star Braided Hair Hat Autumn Winter Warmth Subculture Y2K Headwear","https://cdn.shopify.com/s/files/1/0778/3278/2013/files/D0243A1DBD557E938BD9B4A18548B4D0.jpg?v=1786573805","","Fluffy cat-ear braided fashion hat","ready_for_review","Identity is based on the product title; verify the visible color, view, and details before approval."
"gid://shopify/Product/8447296110781","Cream Textured Tie-Front Crop Top & Mini Skirt Set","https://cdn.shopify.com/s/files/1/0778/3278/2013/files/5181493579086499038_120_9a69c6a8-8a73-4f6a-8217-5e64298559d1.jpg?v=1786576773","","Cream textured tie-front skirt set","ready_for_review","Identity is based on the product title; verify the visible color, view, and details before approval."
"gid://shopify/Product/8447296110781","Cream Textured Tie-Front Crop Top & Mini Skirt Set","https://cdn.shopify.com/s/files/1/0778/3278/2013/files/5181493579086499039_120_c4f8bc78-cc21-4a3c-a1f2-e8080d3416f0.jpg?v=1786576745","","Cream textured tie-front skirt set","ready_for_review","Identity is based on the product title; verify the visible color, view, and details before approval."
"gid://shopify/Product/8447296110781","Cream Textured Tie-Front Crop Top & Mini Skirt Set","https://cdn.shopify.com/s/files/1/0778/3278/2013/files/5181493579086499033_120_b7acf015-d29c-45a3-8dad-a378c18a4931.jpg?v=1786576772","","Cream textured tie-front skirt set","ready_for_review","Identity is based on the product title; verify the visible color, view, and details before approval."
"gid://shopify/Product/8447296110781","Cream Textured Tie-Front Crop Top & Mini Skirt Set","https://cdn.shopify.com/s/files/1/0778/3278/2013/files/5181493579086499037_120_d9cee0bd-26f6-4fe0-a166-a35402c8c27a.jpg?v=1786576772","","Cream textured tie-front skirt set","ready_for_review","Identity is based on the product title; verify the visible color, view, and details before approval."
