"productId","productTitle","imageUrl","currentAltText","status"
"gid://shopify/Product/8379054915773","Hanes Men's Cool Cotton Boxer Briefs Pack | VennixStore","https://cdn.shopify.com/s/files/1/0778/3278/2013/files/719HHpFm6EL._AC_SL1500.jpg?v=1783126233","Hanes Mens Cool Cotton Boxer Briefs - 6-Pack Moisture-Wicking Underwear","good"
"gid://shopify/Product/8379054915773","Hanes Men's Cool Cotton Boxer Briefs Pack | VennixStore","https://cdn.shopify.com/s/files/1/0778/3278/2013/files/71gH8zHAt2L._AC_SL1500_ef362a18-0a2e-4701-bef5-4e1fbf58bfe8.jpg?v=1783126233","Hanes mens Underwear Boxer Briefs Pack, Cool & Breathable Cotton Moisture-wicking Underwear for Men, No Ride Up - Vennix","good"
"gid://shopify/Product/8379054915773","Hanes Men's Cool Cotton Boxer Briefs Pack | VennixStore","https://cdn.shopify.com/s/files/1/0778/3278/2013/files/61TiVu4gKPL._AC_SL1500_9776b5f8-d8e5-4089-93c5-5934c16477c9.jpg?v=1783126233","Hanes Mens Cool Cotton Boxer Briefs - 6-Pack Moisture-Wicking Underwear","good"
"gid://shopify/Product/8379054915773","Hanes Men's Cool Cotton Boxer Briefs Pack | VennixStore","https://cdn.shopify.com/s/files/1/0778/3278/2013/files/81QNveOozZL._AC_SL1500_87d71e97-7f55-492f-9fc9-bd248da8e794.jpg?v=1783126233","Hanes mens Underwear Boxer Briefs Pack, Cool & Breathable Cotton Moisture-wicking Underwear for Men, No Ride Up - Vennix","good"
"gid://shopify/Product/8379054915773","Hanes Men's Cool Cotton Boxer Briefs Pack | VennixStore","https://cdn.shopify.com/s/files/1/0778/3278/2013/files/81C5dMaxWkL._AC_SL1500_c962e39a-2fc4-4658-9c13-8c61a8fafe66.jpg?v=1783126233","Hanes mens Underwear Boxer Briefs Pack, Cool & Breathable Cotton Moisture-wicking Underwear for Men, No Ride Up - Vennix","good"
"gid://shopify/Product/8379054915773","Hanes Men's Cool Cotton Boxer Briefs Pack | VennixStore","https://cdn.shopify.com/s/files/1/0778/3278/2013/files/717JLxTsPKL._AC_SL1500.jpg?v=1783126232","Hanes mens Underwear Boxer Briefs Pack, Cool & Breathable Cotton Moisture-wicking Underwear for Men, No Ride Up - Vennix","good"
"gid://shopify/Product/8379054915773","Hanes Men's Cool Cotton Boxer Briefs Pack | VennixStore","https://cdn.shopify.com/s/files/1/0778/3278/2013/files/81Fzjzf0knL._AC_SL1500_402b879f-db82-47f8-bda2-1e7a05371154.jpg?v=1783126232","Hanes mens Underwear Boxer Briefs Pack, Cool & Breathable Cotton Moisture-wicking Underwear for Men, No Ride Up - Vennix","good"
"gid://shopify/Product/8379054915773","Hanes Men's Cool Cotton Boxer Briefs Pack | VennixStore","https://cdn.shopify.com/s/files/1/0778/3278/2013/files/91ZGBmJaWVL._AC_SL1500_44583fd4-c582-4c22-8485-41c2893272bc.jpg?v=1783126233","Hanes mens Underwear Boxer Briefs Pack, Cool & Breathable Cotton Moisture-wicking Underwear for Men, No Ride Up - Vennix","good"
"gid://shopify/Product/8379054915773","Hanes Men's Cool Cotton Boxer Briefs Pack | VennixStore","https://cdn.shopify.com/s/files/1/0778/3278/2013/files/71vXxwECnFL._AC_SL1500_af40d993-82e4-4bc5-88f6-8f220b79e72d.jpg?v=1783126233","Hanes mens Underwear Boxer Briefs Pack, Cool & Breathable Cotton Moisture-wicking Underwear for Men, No Ride Up - Vennix","good"
"gid://shopify/Product/8379054915773","Hanes Men's Cool Cotton Boxer Briefs Pack | VennixStore","https://cdn.shopify.com/s/files/1/0778/3278/2013/files/81p0a0CNhZL._AC_SL1500_f98f4b1e-5fe5-46f0-993c-2d9c327af585.jpg?v=1783126233","Hanes mens Underwear Boxer Briefs Pack, Cool & Breathable Cotton Moisture-wicking Underwear for Men, No Ride Up - Vennix","good"
"gid://shopify/Product/8379054915773","Hanes Men's Cool Cotton Boxer Briefs Pack | VennixStore","https://cdn.shopify.com/s/files/1/0778/3278/2013/files/71gH8zHAt2L._AC_SL1500_79af3130-d228-429d-a29f-0e130b4fc97c.jpg?v=1783126232","Hanes mens Underwear Boxer Briefs Pack, Cool & Breathable Cotton Moisture-wicking Underwear for Men, No Ride Up - Vennix","good"
"gid://shopify/Product/8379054915773","Hanes Men's Cool Cotton Boxer Briefs Pack | VennixStore","https://cdn.shopify.com/s/files/1/0778/3278/2013/files/81p0a0CNhZL._AC_SL1500_8302a710-114b-4d6c-b839-888d5649d6e3.jpg?v=1783126233","Hanes mens Underwear Boxer Briefs Pack, Cool & Breathable Cotton Moisture-wicking Underwear for Men, No Ride Up - Vennix","good"
"gid://shopify/Product/8379054915773","Hanes Men's Cool Cotton Boxer Briefs Pack | VennixStore","https://cdn.shopify.com/s/files/1/0778/3278/2013/files/71gH8zHAt2L._AC_SL1500_f5f7ff67-6d49-48cf-b5fa-9525e23270ca.jpg?v=1783126233","Hanes mens Underwear Boxer Briefs Pack, Cool & Breathable Cotton Moisture-wicking Underwear for Men, No Ride Up - Vennix","good"
"gid://shopify/Product/8379054915773","Hanes Men's Cool Cotton Boxer Briefs Pack | VennixStore","https://cdn.shopify.com/s/files/1/0778/3278/2013/files/81QNveOozZL._AC_SL1500.jpg?v=1783126233","Hanes mens Underwear Boxer Briefs Pack, Cool & Breathable Cotton Moisture-wicking Underwear for Men, No Ride Up - Vennix","good"
"gid://shopify/Product/8379054915773","Hanes Men's Cool Cotton Boxer Briefs Pack | VennixStore","https://cdn.shopify.com/s/files/1/0778/3278/2013/files/81C5dMaxWkL._AC_SL1500_a0f00592-08cb-43f7-a127-862223a106be.jpg?v=1783126233","Hanes mens Underwear Boxer Briefs Pack, Cool & Breathable Cotton Moisture-wicking Underwear for Men, No Ride Up - Vennix","good"
"gid://shopify/Product/8379054915773","Hanes Men's Cool Cotton Boxer Briefs Pack | VennixStore","https://cdn.shopify.com/s/files/1/0778/3278/2013/files/81ZBOce1WwL._AC_SL1500_fbffe5d8-138d-4f5e-b499-f17e5b50faea.jpg?v=1783126233","Hanes mens Underwear Boxer Briefs Pack, Cool & Breathable Cotton Moisture-wicking Underwear for Men, No Ride Up - Vennix","good"
"gid://shopify/Product/8379054915773","Hanes Men's Cool Cotton Boxer Briefs Pack | VennixStore","https://cdn.shopify.com/s/files/1/0778/3278/2013/files/81QNveOozZL._AC_SL1500_4bebd0e6-9a71-40a1-b352-20e226be1421.jpg?v=1783126233","Hanes mens Underwear Boxer Briefs Pack, Cool & Breathable Cotton Moisture-wicking Underwear for Men, No Ride Up - Vennix","good"
"gid://shopify/Product/8379054915773","Hanes Men's Cool Cotton Boxer Briefs Pack | VennixStore","https://cdn.shopify.com/s/files/1/0778/3278/2013/files/81ZBOce1WwL._AC_SL1500_bdf5b0b5-89e4-4704-9087-4409949ceb0f.jpg?v=1783126233","Hanes mens Underwear Boxer Briefs Pack, Cool & Breathable Cotton Moisture-wicking Underwear for Men, No Ride Up - Vennix","good"
"gid://shopify/Product/8379054915773","Hanes Men's Cool Cotton Boxer Briefs Pack | VennixStore","https://cdn.shopify.com/s/files/1/0778/3278/2013/files/71vXxwECnFL._AC_SL1500_74b13507-0dd5-4a81-ba3a-47017b98612c.jpg?v=1783126233","Hanes mens Underwear Boxer Briefs Pack, Cool & Breathable Cotton Moisture-wicking Underwear for Men, No Ride Up - Vennix","good"
"gid://shopify/Product/8379054915773","Hanes Men's Cool Cotton Boxer Briefs Pack | VennixStore","https://cdn.shopify.com/s/files/1/0778/3278/2013/files/81p0a0CNhZL._AC_SL1500_97bc96e2-8389-45a9-929e-eb906a5bbb2f.jpg?v=1783126233","Hanes mens Underwear Boxer Briefs Pack, Cool & Breathable Cotton Moisture-wicking Underwear for Men, No Ride Up - Vennix","good"
"gid://shopify/Product/8379054915773","Hanes Men's Cool Cotton Boxer Briefs Pack | VennixStore","https://cdn.shopify.com/s/files/1/0778/3278/2013/files/717JLxTsPKL._AC_SL1500_7df0996b-2481-4997-b4aa-6d35ae25336c.jpg?v=1783126233","Hanes mens Underwear Boxer Briefs Pack, Cool & Breathable Cotton Moisture-wicking Underwear for Men, No Ride Up - Vennix","good"
"gid://shopify/Product/8379054915773","Hanes Men's Cool Cotton Boxer Briefs Pack | VennixStore","https://cdn.shopify.com/s/files/1/0778/3278/2013/files/717JLxTsPKL._AC_SL1500_fa7a5dba-18b3-4410-9d88-3ea8201674f9.jpg?v=1783126233","Hanes mens Underwear Boxer Briefs Pack, Cool & Breathable Cotton Moisture-wicking Underwear for Men, No Ride Up - Vennix","good"
"gid://shopify/Product/8379054915773","Hanes Men's Cool Cotton Boxer Briefs Pack | VennixStore","https://cdn.shopify.com/s/files/1/0778/3278/2013/files/91ZGBmJaWVL._AC_SL1500_dce16829-8e39-4a7a-9a4b-b0ca40507d7a.jpg?v=1783126233","Hanes mens Underwear Boxer Briefs Pack, Cool & Breathable Cotton Moisture-wicking Underwear for Men, No Ride Up - Vennix","good"
"gid://shopify/Product/8379054915773","Hanes Men's Cool Cotton Boxer Briefs Pack | VennixStore","https://cdn.shopify.com/s/files/1/0778/3278/2013/files/81p0a0CNhZL._AC_SL1500.jpg?v=1783126233","","missing"
"gid://shopify/Product/8379054915773","Hanes Men's Cool Cotton Boxer Briefs Pack | VennixStore","https://cdn.shopify.com/s/files/1/0778/3278/2013/files/81ZBOce1WwL._AC_SL1500.jpg?v=1783126232","","missing"
"gid://shopify/Product/8379054915773","Hanes Men's Cool Cotton Boxer Briefs Pack | VennixStore","https://cdn.shopify.com/s/files/1/0778/3278/2013/files/81QNveOozZL._AC_SL1500_1f55ace7-80e0-4091-bb56-962cafb4abdf.jpg?v=1783126233","","missing"
"gid://shopify/Product/8379054915773","Hanes Men's Cool Cotton Boxer Briefs Pack | VennixStore","https://cdn.shopify.com/s/files/1/0778/3278/2013/files/81p0a0CNhZL._AC_SL1500_05c621ff-d114-4154-a979-425ff985eb52.jpg?v=1783126233","","missing"
"gid://shopify/Product/8379054915773","Hanes Men's Cool Cotton Boxer Briefs Pack | VennixStore","https://cdn.shopify.com/s/files/1/0778/3278/2013/files/81p0a0CNhZL._AC_SL1500_6995cdc5-6a5f-4a76-97a4-15659474be83.jpg?v=1783126233","","missing"
"gid://shopify/Product/8379054915773","Hanes Men's Cool Cotton Boxer Briefs Pack | VennixStore","https://cdn.shopify.com/s/files/1/0778/3278/2013/files/81C5dMaxWkL._AC_SL1500_cfe9afd1-43f1-43ec-9d65-873086b76037.jpg?v=1783126233","","missing"
"gid://shopify/Product/8379054915773","Hanes Men's Cool Cotton Boxer Briefs Pack | VennixStore","https://cdn.shopify.com/s/files/1/0778/3278/2013/files/717JLxTsPKL._AC_SL1500_3c7d00c0-a6c6-44c7-8526-e11985e1e3b7.jpg?v=1783126233","","missing"
"gid://shopify/Product/8379054915773","Hanes Men's Cool Cotton Boxer Briefs Pack | VennixStore","https://cdn.shopify.com/s/files/1/0778/3278/2013/files/71b0-qOiiNL._AC_SL1500_62ef00be-1226-414e-8b19-9730b779ee22.jpg?v=1783126233","","missing"
"gid://shopify/Product/8379054915773","Hanes Men's Cool Cotton Boxer Briefs Pack | VennixStore","https://cdn.shopify.com/s/files/1/0778/3278/2013/files/71b0-qOiiNL._AC_SL1500_04366e03-031f-4af0-a396-dfb6767d8259.jpg?v=1783126233","","missing"
"gid://shopify/Product/8379054915773","Hanes Men's Cool Cotton Boxer Briefs Pack | VennixStore","https://cdn.shopify.com/s/files/1/0778/3278/2013/files/91ZGBmJaWVL._AC_SL1500_393aefe9-2e6b-4a37-8162-db5ee23cac87.jpg?v=1783126233","","missing"
"gid://shopify/Product/8379054915773","Hanes Men's Cool Cotton Boxer Briefs Pack | VennixStore","https://cdn.shopify.com/s/files/1/0778/3278/2013/files/81uH5jrHzYL._AC_SL1500.jpg?v=1783126233","","missing"
"gid://shopify/Product/8379054915773","Hanes Men's Cool Cotton Boxer Briefs Pack | VennixStore","https://cdn.shopify.com/s/files/1/0778/3278/2013/files/81hlsHtacSL._AC_SL1500.jpg?v=1783126233","","missing"
"gid://shopify/Product/8379054915773","Hanes Men's Cool Cotton Boxer Briefs Pack | VennixStore","https://cdn.shopify.com/s/files/1/0778/3278/2013/files/71zJIRaz1uL._AC_SL1500.jpg?v=1783126233","","missing"
"gid://shopify/Product/8379054915773","Hanes Men's Cool Cotton Boxer Briefs Pack | VennixStore","https://cdn.shopify.com/s/files/1/0778/3278/2013/files/81biD6fXk_L._AC_SL1500.jpg?v=1783126233","","missing"
"gid://shopify/Product/8379054915773","Hanes Men's Cool Cotton Boxer Briefs Pack | VennixStore","https://cdn.shopify.com/s/files/1/0778/3278/2013/files/813163K43EL._AC_SL1500.jpg?v=1783126233","","missing"
"gid://shopify/Product/8379054915773","Hanes Men's Cool Cotton Boxer Briefs Pack | VennixStore","https://cdn.shopify.com/s/files/1/0778/3278/2013/files/81vm_Y3TaLL._AC_SL1500.jpg?v=1783126233","","missing"
"gid://shopify/Product/8379054915773","Hanes Men's Cool Cotton Boxer Briefs Pack | VennixStore","https://cdn.shopify.com/s/files/1/0778/3278/2013/files/91dV9EzEwvL._AC_SL1500.jpg?v=1783126233","","missing"
"gid://shopify/Product/8379054915773","Hanes Men's Cool Cotton Boxer Briefs Pack | VennixStore","https://cdn.shopify.com/s/files/1/0778/3278/2013/files/813163K43EL._AC_SL1500_0c44f832-74c2-407d-b812-ecc93a2ea00e.jpg?v=1783126233","","missing"
"gid://shopify/Product/8379054915773","Hanes Men's Cool Cotton Boxer Briefs Pack | VennixStore","https://cdn.shopify.com/s/files/1/0778/3278/2013/files/71PbQpb2eML._AC_SL1500.jpg?v=1783126233","","missing"
"gid://shopify/Product/8379054915773","Hanes Men's Cool Cotton Boxer Briefs Pack | VennixStore","https://cdn.shopify.com/s/files/1/0778/3278/2013/files/81vm_Y3TaLL._AC_SL1500_801ef495-0223-4412-a426-27e0a54d36e0.jpg?v=1783126233","","missing"
"gid://shopify/Product/8379054915773","Hanes Men's Cool Cotton Boxer Briefs Pack | VennixStore","https://cdn.shopify.com/s/files/1/0778/3278/2013/files/91dV9EzEwvL._AC_SL1500_e81415b3-2b01-47e4-929d-59f35e4e9240.jpg?v=1783126233","","missing"
"gid://shopify/Product/8379054915773","Hanes Men's Cool Cotton Boxer Briefs Pack | VennixStore","https://cdn.shopify.com/s/files/1/0778/3278/2013/files/71BOy9hbHSL._AC_SL1500.jpg?v=1783126233","","missing"
"gid://shopify/Product/8379054915773","Hanes Men's Cool Cotton Boxer Briefs Pack | VennixStore","https://cdn.shopify.com/s/files/1/0778/3278/2013/files/71PbQpb2eML._AC_SL1500_c5566e79-b79a-4442-a78e-459fc71c02d5.jpg?v=1783126233","","missing"
"gid://shopify/Product/8379054915773","Hanes Men's Cool Cotton Boxer Briefs Pack | VennixStore","https://cdn.shopify.com/s/files/1/0778/3278/2013/files/81jZSzK7YXL._AC_SL1500.jpg?v=1783126233","","missing"
"gid://shopify/Product/8379054915773","Hanes Men's Cool Cotton Boxer Briefs Pack | VennixStore","https://cdn.shopify.com/s/files/1/0778/3278/2013/files/816Zy9wT-bL._AC_SL1500.jpg?v=1783126233","","missing"
"gid://shopify/Product/8379054915773","Hanes Men's Cool Cotton Boxer Briefs Pack | VennixStore","https://cdn.shopify.com/s/files/1/0778/3278/2013/files/81pAbqGuA-L._AC_SL1500.jpg?v=1783126233","","missing"
"gid://shopify/Product/8379054915773","Hanes Men's Cool Cotton Boxer Briefs Pack | VennixStore","https://cdn.shopify.com/s/files/1/0778/3278/2013/files/81nOqWfzNaL._AC_SL1500.jpg?v=1783126233","","missing"
"gid://shopify/Product/8379407040701","Wirefree Maternity Nursing Bra","https://cdn.shopify.com/s/files/1/0778/3278/2013/files/Sc106a2fff03247bd945650c413302587D.webp?v=1783205164","Wirefree Maternity Nursing Bra - Adjustable Wire-Free Support","good"
"gid://shopify/Product/8379407040701","Wirefree Maternity Nursing Bra","https://cdn.shopify.com/s/files/1/0778/3278/2013/files/S24e8336a6cc943e594a31a69fdfa491cz.webp?v=1783205164","Wirefree Maternity Nursing Bra - Adjustable Wire-Free Support","good"
"gid://shopify/Product/8379407040701","Wirefree Maternity Nursing Bra","https://cdn.shopify.com/s/files/1/0778/3278/2013/files/S7cd3fd5b8a6d44a99c87df2a66a80b82e.webp?v=1783205164","Wirefree Maternity Nursing Bra - Adjustable Wire-Free Support","good"
"gid://shopify/Product/8379407040701","Wirefree Maternity Nursing Bra","https://cdn.shopify.com/s/files/1/0778/3278/2013/files/S12b74db6c62a4f08ae267dd14a6d2693H.webp?v=1783205164","Wirefree Maternity Nursing Bra - Adjustable Wire-Free Support","good"
"gid://shopify/Product/8379407040701","Wirefree Maternity Nursing Bra","https://cdn.shopify.com/s/files/1/0778/3278/2013/files/Se4d94742727948b7b18cb63b5de11dacx.webp?v=1783205164","Wirefree Maternity Nursing Bra - Adjustable Wire-Free Support","good"
"gid://shopify/Product/8379407040701","Wirefree Maternity Nursing Bra","https://cdn.shopify.com/s/files/1/0778/3278/2013/files/S57525c7163f34dbe8fa917043a308404j.webp?v=1783205164","Wirefree Maternity Nursing Bra - Adjustable Wire-Free Support","good"
"gid://shopify/Product/8379407040701","Wirefree Maternity Nursing Bra","https://cdn.shopify.com/s/files/1/0778/3278/2013/files/S47f29ae7df5746cdadafeabebd40c978i.webp?v=1783205164","","missing"
"gid://shopify/Product/8379407040701","Wirefree Maternity Nursing Bra","https://cdn.shopify.com/s/files/1/0778/3278/2013/files/S7e24a91adfbf4624bbf9c7fa1f321229Z.webp?v=1783205164","","missing"
"gid://shopify/Product/8379407040701","Wirefree Maternity Nursing Bra","https://cdn.shopify.com/s/files/1/0778/3278/2013/files/S7f6c5dbcd3474cb4a1c46e12a070da71q.webp?v=1783205164","","missing"
"gid://shopify/Product/8379407040701","Wirefree Maternity Nursing Bra","https://cdn.shopify.com/s/files/1/0778/3278/2013/files/S17e5925a14964c04b77fbda49c7496f25.webp?v=1783205164","","missing"
"gid://shopify/Product/8379407040701","Wirefree Maternity Nursing Bra","https://cdn.shopify.com/s/files/1/0778/3278/2013/files/Se10bf72ca48643f287845c468e74a607H.webp?v=1783205164","","missing"
"gid://shopify/Product/8379407040701","Wirefree Maternity Nursing Bra","https://cdn.shopify.com/s/files/1/0778/3278/2013/files/S3da7f965b33d4b05be0372c644b6c43cj.webp?v=1783205164","","missing"
"gid://shopify/Product/8379407040701","Wirefree Maternity Nursing Bra","https://cdn.shopify.com/s/files/1/0778/3278/2013/files/Sc15380326e1c4bf4a1bb5a4449c7fa43E.webp?v=1783205164","","missing"
"gid://shopify/Product/8379407040701","Wirefree Maternity Nursing Bra","https://cdn.shopify.com/s/files/1/0778/3278/2013/files/S2fdb8a615f384b9a9fdf181347ac6825n.webp?v=1783205164","","missing"
"gid://shopify/Product/8379407040701","Wirefree Maternity Nursing Bra","https://cdn.shopify.com/s/files/1/0778/3278/2013/files/S1b7c068e95254eb2893bfa1756d1cb5b9.webp?v=1783205164","","missing"
"gid://shopify/Product/8379407040701","Wirefree Maternity Nursing Bra","https://cdn.shopify.com/s/files/1/0778/3278/2013/files/S4364e9712fb94c409239414ad879a1e5x.webp?v=1783205164","","missing"
"gid://shopify/Product/8379407040701","Wirefree Maternity Nursing Bra","https://cdn.shopify.com/s/files/1/0778/3278/2013/files/S29cebae0fc9748d291d0ec639b711385y.webp?v=1783205164","","missing"
"gid://shopify/Product/8379407040701","Wirefree Maternity Nursing Bra","https://cdn.shopify.com/s/files/1/0778/3278/2013/files/Sff5329b5447a4900970681a049a51af0i.webp?v=1783205164","","missing"
"gid://shopify/Product/8379407040701","Wirefree Maternity Nursing Bra","https://cdn.shopify.com/s/files/1/0778/3278/2013/files/Sdc64e7a03fd2482f8874a70ae0b35888L.webp?v=1783205164","","missing"
"gid://shopify/Product/8379407040701","Wirefree Maternity Nursing Bra","https://cdn.shopify.com/s/files/1/0778/3278/2013/files/S3fb1eace698048348dc36384dc8bbf5b5.webp?v=1783205164","","missing"
"gid://shopify/Product/8379407040701","Wirefree Maternity Nursing Bra","https://cdn.shopify.com/s/files/1/0778/3278/2013/files/Sa754167413c34c148073bafd7e0562b06.webp?v=1783205164","","missing"
"gid://shopify/Product/8379407040701","Wirefree Maternity Nursing Bra","https://cdn.shopify.com/s/files/1/0778/3278/2013/files/S14fc94f055724224aa0164a2b770e48f0.webp?v=1783205164","","missing"
"gid://shopify/Product/8379407040701","Wirefree Maternity Nursing Bra","https://cdn.shopify.com/s/files/1/0778/3278/2013/files/S4539bb1ef682449c9f13484279f97527U.webp?v=1783205164","","missing"
"gid://shopify/Product/8379407040701","Wirefree Maternity Nursing Bra","https://cdn.shopify.com/s/files/1/0778/3278/2013/files/Sde24a668ae9a4deb8e50f1826010979fX.webp?v=1783205164","","missing"
"gid://shopify/Product/8379407073469","Gathered Lift Full-Cup Bra — Wire-Free Support","https://cdn.shopify.com/s/files/1/0778/3278/2013/files/S6c05f375d96b4218817c8a1bb6473755w.webp?v=1783205165","","missing"
"gid://shopify/Product/8379407073469","Gathered Lift Full-Cup Bra — Wire-Free Support","https://cdn.shopify.com/s/files/1/0778/3278/2013/files/S54dcaef07e27402083fc399fcde02d62F.webp?v=1783205165","","missing"
"gid://shopify/Product/8379407073469","Gathered Lift Full-Cup Bra — Wire-Free Support","https://cdn.shopify.com/s/files/1/0778/3278/2013/files/Sd3adc8cbf8ab4421b4db00b4e6269f9ed.webp?v=1783205165","","missing"
"gid://shopify/Product/8379407073469","Gathered Lift Full-Cup Bra — Wire-Free Support","https://cdn.shopify.com/s/files/1/0778/3278/2013/files/See90d187d48645ee91e17d7a07c75733e.webp?v=1783205165","","missing"
"gid://shopify/Product/8379407073469","Gathered Lift Full-Cup Bra — Wire-Free Support","https://cdn.shopify.com/s/files/1/0778/3278/2013/files/Sb1a3f5b59ba540cf8461f181b2bd91b6Q.webp?v=1783205165","","missing"
"gid://shopify/Product/8379407073469","Gathered Lift Full-Cup Bra — Wire-Free Support","https://cdn.shopify.com/s/files/1/0778/3278/2013/files/Sd1ce09db03a14f3a8d047538aa10126dO.webp?v=1783205164","","missing"
"gid://shopify/Product/8379407073469","Gathered Lift Full-Cup Bra — Wire-Free Support","https://cdn.shopify.com/s/files/1/0778/3278/2013/files/Sda826bd3514d4ffdb6bf64ea0f5663f6L.webp?v=1783205165","","missing"
"gid://shopify/Product/8379407073469","Gathered Lift Full-Cup Bra — Wire-Free Support","https://cdn.shopify.com/s/files/1/0778/3278/2013/files/S647b1d30647f413a9796d32d146f8503p.webp?v=1783205164","","missing"
"gid://shopify/Product/8379407073469","Gathered Lift Full-Cup Bra — Wire-Free Support","https://cdn.shopify.com/s/files/1/0778/3278/2013/files/S79e26d0e19364904b0921b46721e99a7C.webp?v=1783205165","","missing"
"gid://shopify/Product/8379407073469","Gathered Lift Full-Cup Bra — Wire-Free Support","https://cdn.shopify.com/s/files/1/0778/3278/2013/files/Sdc22e160afe34f1d8b2ec473d378dce1n.webp?v=1783205164","","missing"
"gid://shopify/Product/8379407073469","Gathered Lift Full-Cup Bra — Wire-Free Support","https://cdn.shopify.com/s/files/1/0778/3278/2013/files/S6de372c6620f467f8e8dbed50454650f7.webp?v=1783205165","","missing"
"gid://shopify/Product/8379407073469","Gathered Lift Full-Cup Bra — Wire-Free Support","https://cdn.shopify.com/s/files/1/0778/3278/2013/files/S286f69b919754facbd80fa5df8518e09N.webp?v=1783205164","","missing"
"gid://shopify/Product/8379407073469","Gathered Lift Full-Cup Bra — Wire-Free Support","https://cdn.shopify.com/s/files/1/0778/3278/2013/files/S6c91dbe10b3e4fedbfc824f833fb5638M.webp?v=1783205164","","missing"
"gid://shopify/Product/8379407073469","Gathered Lift Full-Cup Bra — Wire-Free Support","https://cdn.shopify.com/s/files/1/0778/3278/2013/files/Sf0a81107c5f3495496566a595014d27dq.webp?v=1783205165","","missing"
"gid://shopify/Product/8379407073469","Gathered Lift Full-Cup Bra — Wire-Free Support","https://cdn.shopify.com/s/files/1/0778/3278/2013/files/S40ee411bb2ae4a55aef9931c0af37ecdh.webp?v=1783205165","","missing"
"gid://shopify/Product/8379407073469","Gathered Lift Full-Cup Bra — Wire-Free Support","https://cdn.shopify.com/s/files/1/0778/3278/2013/files/Sd5427ca9742447648f0d056091e5a945C.webp?v=1783205164","","missing"
"gid://shopify/Product/8379407073469","Gathered Lift Full-Cup Bra — Wire-Free Support","https://cdn.shopify.com/s/files/1/0778/3278/2013/files/Sf83638ed379243c08f54e0b90d326aecW.webp?v=1783205164","","missing"
"gid://shopify/Product/8379407073469","Gathered Lift Full-Cup Bra — Wire-Free Support","https://cdn.shopify.com/s/files/1/0778/3278/2013/files/S66627a6c393f4aaf848fbdcf1dcf71bbo.webp?v=1783205165","","missing"
"gid://shopify/Product/8379407073469","Gathered Lift Full-Cup Bra — Wire-Free Support","https://cdn.shopify.com/s/files/1/0778/3278/2013/files/Saaac47492b644aa5bc7074c9f8b58cf7T.webp?v=1783205165","","missing"
"gid://shopify/Product/8379407073469","Gathered Lift Full-Cup Bra — Wire-Free Support","https://cdn.shopify.com/s/files/1/0778/3278/2013/files/Sc1b65fe9da7e4d9da1a1774370e082628.webp?v=1783205165","","missing"
"gid://shopify/Product/8379407073469","Gathered Lift Full-Cup Bra — Wire-Free Support","https://cdn.shopify.com/s/files/1/0778/3278/2013/files/S6e16d494eb1b43f0909227802fbb1553R.webp?v=1783205165","","missing"
"gid://shopify/Product/8379407073469","Gathered Lift Full-Cup Bra — Wire-Free Support","https://cdn.shopify.com/s/files/1/0778/3278/2013/files/S47cf091928824584b70dba2bd6a4413at.webp?v=1783205164","","missing"
"gid://shopify/Product/8379407073469","Gathered Lift Full-Cup Bra — Wire-Free Support","https://cdn.shopify.com/s/files/1/0778/3278/2013/files/S807ea1bed6594115a63817cc32c68df3q.webp?v=1783205165","","missing"
"gid://shopify/Product/8379407073469","Gathered Lift Full-Cup Bra — Wire-Free Support","https://cdn.shopify.com/s/files/1/0778/3278/2013/files/Sd5296755bdee467dafd8a40531f9395cB.webp?v=1783205165","","missing"
"gid://shopify/Product/8379407073469","Gathered Lift Full-Cup Bra — Wire-Free Support","https://cdn.shopify.com/s/files/1/0778/3278/2013/files/S0a554e84ec98470eb21c33699fe3c29fY.webp?v=1783205164","","missing"
"gid://shopify/Product/8379407073469","Gathered Lift Full-Cup Bra — Wire-Free Support","https://cdn.shopify.com/s/files/1/0778/3278/2013/files/S2124f200264b4984853265f67819e623b.webp?v=1783205164","","missing"
"gid://shopify/Product/8379407073469","Gathered Lift Full-Cup Bra — Wire-Free Support","https://cdn.shopify.com/s/files/1/0778/3278/2013/files/S131bbf93901c4e51ac3e57c0674eb9df5.webp?v=1783205165","","missing"
"gid://shopify/Product/8379407073469","Gathered Lift Full-Cup Bra — Wire-Free Support","https://cdn.shopify.com/s/files/1/0778/3278/2013/files/Sad46b95d14d04eb79e81396ee109ff4f9.webp?v=1783205165","","missing"
"gid://shopify/Product/8379407073469","Gathered Lift Full-Cup Bra — Wire-Free Support","https://cdn.shopify.com/s/files/1/0778/3278/2013/files/S4852e3213fc645b9aa961e318d05f195E.webp?v=1783205165","","missing"
"gid://shopify/Product/8379407073469","Gathered Lift Full-Cup Bra — Wire-Free Support","https://cdn.shopify.com/s/files/1/0778/3278/2013/files/Sbff9f1e8a5d348cfa5cb6ee89e1542412.webp?v=1783205165","","missing"
"gid://shopify/Product/8379407073469","Gathered Lift Full-Cup Bra — Wire-Free Support","https://cdn.shopify.com/s/files/1/0778/3278/2013/files/Sb518b38ebe87479e835cbe9a2cd1b154J.webp?v=1783205165","","missing"
"gid://shopify/Product/8379407204541","Night Reflective Windbreaker Jacket","https://cdn.shopify.com/s/files/1/0778/3278/2013/files/S45f77bf60b0a4d9ab7a686a3e815d63ch.webp?v=1783205444","","missing"
"gid://shopify/Product/8379407204541","Night Reflective Windbreaker Jacket","https://cdn.shopify.com/s/files/1/0778/3278/2013/files/S38fb563bc4e449418184d65526f64edeF.webp?v=1783205443","","missing"
"gid://shopify/Product/8379407204541","Night Reflective Windbreaker Jacket","https://cdn.shopify.com/s/files/1/0778/3278/2013/files/Sebe36b55e5c444d69dac79fa90a24934b.webp?v=1783205443","","missing"
"gid://shopify/Product/8379407204541","Night Reflective Windbreaker Jacket","https://cdn.shopify.com/s/files/1/0778/3278/2013/files/S0fb482d342784719a17fc4d01e92efd5B.webp?v=1783205443","","missing"
"gid://shopify/Product/8379407204541","Night Reflective Windbreaker Jacket","https://cdn.shopify.com/s/files/1/0778/3278/2013/files/S0e029d41290f42b38ed82370a24e7424E.webp?v=1783205444","","missing"
"gid://shopify/Product/8379407204541","Night Reflective Windbreaker Jacket","https://cdn.shopify.com/s/files/1/0778/3278/2013/files/Sbaca289389874e7992a0538198f2e843L.webp?v=1783205444","","missing"
"gid://shopify/Product/8379407204541","Night Reflective Windbreaker Jacket","https://cdn.shopify.com/s/files/1/0778/3278/2013/files/S046e2bf2757544bf9a3aa5566eabf81bG.webp?v=1783205444","","missing"
"gid://shopify/Product/8379407204541","Night Reflective Windbreaker Jacket","https://cdn.shopify.com/s/files/1/0778/3278/2013/files/Se2a9e710b00341339e64c9fd715bcbe6H.webp?v=1783205444","","missing"
"gid://shopify/Product/8379407204541","Night Reflective Windbreaker Jacket","https://cdn.shopify.com/s/files/1/0778/3278/2013/files/Sa0febf92f80a420b9615637be1744ff8v.webp?v=1783205445","","missing"
"gid://shopify/Product/8379407204541","Night Reflective Windbreaker Jacket","https://cdn.shopify.com/s/files/1/0778/3278/2013/files/Sc192519315c3484388bffa53bc0892fdP.webp?v=1783205444","","missing"
"gid://shopify/Product/8379407204541","Night Reflective Windbreaker Jacket","https://cdn.shopify.com/s/files/1/0778/3278/2013/files/Sefef96188af04c1c80e54e4e70b80001b.webp?v=1783205443","","missing"
"gid://shopify/Product/8379407204541","Night Reflective Windbreaker Jacket","https://cdn.shopify.com/s/files/1/0778/3278/2013/files/Sce498e38df454066b863b819da5aedf4w.webp?v=1783205443","","missing"
"gid://shopify/Product/8379407204541","Night Reflective Windbreaker Jacket","https://cdn.shopify.com/s/files/1/0778/3278/2013/files/Sc09349e3c9e14ab696785acb8ee326a9s.webp?v=1783205443","","missing"
"gid://shopify/Product/8379407204541","Night Reflective Windbreaker Jacket","https://cdn.shopify.com/s/files/1/0778/3278/2013/files/S18777428d06a4c0e8800ca06352b3e0dY.webp?v=1783205444","","missing"
"gid://shopify/Product/8379407204541","Night Reflective Windbreaker Jacket","https://cdn.shopify.com/s/files/1/0778/3278/2013/files/S3996270360b24685b452238bdf2f1563M.webp?v=1783205443","","missing"
"gid://shopify/Product/8379407204541","Night Reflective Windbreaker Jacket","https://cdn.shopify.com/s/files/1/0778/3278/2013/files/Sf7510bc0e6da4e0ea55d4170d47d7b9cM.webp?v=1783205444","","missing"
"gid://shopify/Product/8379407204541","Night Reflective Windbreaker Jacket","https://cdn.shopify.com/s/files/1/0778/3278/2013/files/Sd4862b12b6064b4aa025ec4f2fb36f21U.webp?v=1783205444","","missing"
"gid://shopify/Product/8379407204541","Night Reflective Windbreaker Jacket","https://cdn.shopify.com/s/files/1/0778/3278/2013/files/S26b6272504df4588b9d5bcff21659c23R.webp?v=1783205443","","missing"
"gid://shopify/Product/8379407204541","Night Reflective Windbreaker Jacket","https://cdn.shopify.com/s/files/1/0778/3278/2013/files/S9fd8e8b64a924168bb59ee68e4f7f661Q.webp?v=1783205443","","missing"
"gid://shopify/Product/8379407237309","Men's Heavy Cotton Vintage Washed Tee","https://cdn.shopify.com/s/files/1/0778/3278/2013/files/S3ffd2726f26f4b459c2bd17b970039bex.webp?v=1783205444","","missing"
"gid://shopify/Product/8379407237309","Men's Heavy Cotton Vintage Washed Tee","https://cdn.shopify.com/s/files/1/0778/3278/2013/files/S16cf72b8b34841a6b5b42355cfc9f087B.webp?v=1783205444","","missing"
"gid://shopify/Product/8379407237309","Men's Heavy Cotton Vintage Washed Tee","https://cdn.shopify.com/s/files/1/0778/3278/2013/files/Sb764c941c8464f259bb1d9484e396f20d.webp?v=1783205444","","missing"
"gid://shopify/Product/8379407237309","Men's Heavy Cotton Vintage Washed Tee","https://cdn.shopify.com/s/files/1/0778/3278/2013/files/S75d1df491d294cc3a07f3cbae1fc71941.webp?v=1783205444","","missing"
"gid://shopify/Product/8379407237309","Men's Heavy Cotton Vintage Washed Tee","https://cdn.shopify.com/s/files/1/0778/3278/2013/files/Sb7c7b171a0ca496d8db1df78d1bc6c2cd.webp?v=1783205444","","missing"
"gid://shopify/Product/8379407237309","Men's Heavy Cotton Vintage Washed Tee","https://cdn.shopify.com/s/files/1/0778/3278/2013/files/S488aef67ad1d44c2a4e59ae1f9061b5eR.webp?v=1783205445","","missing"
"gid://shopify/Product/8379407237309","Men's Heavy Cotton Vintage Washed Tee","https://cdn.shopify.com/s/files/1/0778/3278/2013/files/Scde7d1adfdc949478b6f6736f0ebd1694.webp?v=1783205444","","missing"
"gid://shopify/Product/8379407237309","Men's Heavy Cotton Vintage Washed Tee","https://cdn.shopify.com/s/files/1/0778/3278/2013/files/S1dbac47eaeb8410d8e99904c12e9f15cP.webp?v=1783205444","","missing"
"gid://shopify/Product/8379407237309","Men's Heavy Cotton Vintage Washed Tee","https://cdn.shopify.com/s/files/1/0778/3278/2013/files/S3a4d4802adab43a0ad2ed9c0948f4d4fw.webp?v=1783205444","","missing"
"gid://shopify/Product/8379407237309","Men's Heavy Cotton Vintage Washed Tee","https://cdn.shopify.com/s/files/1/0778/3278/2013/files/S07b92f30d7374b2d98071b6bb5795594y.webp?v=1783205444","","missing"
"gid://shopify/Product/8379407237309","Men's Heavy Cotton Vintage Washed Tee","https://cdn.shopify.com/s/files/1/0778/3278/2013/files/Sce0fbd7bb3f44c99bc9ffa8ceb908ae6T.webp?v=1783205444","","missing"
"gid://shopify/Product/8379407237309","Men's Heavy Cotton Vintage Washed Tee","https://cdn.shopify.com/s/files/1/0778/3278/2013/files/S075d09fbcf47460d9d6bc39f6b008947Y.webp?v=1783205444","","missing"
"gid://shopify/Product/8379407270077","Men's Waffle Knit Round Neck T-Shirt","https://cdn.shopify.com/s/files/1/0778/3278/2013/files/Sbd4e0d6421514b90aa113d700ef888e8u.webp?v=1783205445","","missing"
"gid://shopify/Product/8379407270077","Men's Waffle Knit Round Neck T-Shirt","https://cdn.shopify.com/s/files/1/0778/3278/2013/files/Sfbc25d8d8132422fabe74a82ca99f6e3S.webp?v=1783205445","","missing"
"gid://shopify/Product/8379407270077","Men's Waffle Knit Round Neck T-Shirt","https://cdn.shopify.com/s/files/1/0778/3278/2013/files/S7b9cd2fda8ce48baa651bcf107c8e832x.webp?v=1783205445","","missing"
"gid://shopify/Product/8379407270077","Men's Waffle Knit Round Neck T-Shirt","https://cdn.shopify.com/s/files/1/0778/3278/2013/files/S5fa43ef5c0f745b38eadec3442cb79ebz.webp?v=1783205445","","missing"
"gid://shopify/Product/8379407270077","Men's Waffle Knit Round Neck T-Shirt","https://cdn.shopify.com/s/files/1/0778/3278/2013/files/Sb1341b481dff42fbaa538cfa5804ff39Y.webp?v=1783205445","","missing"
"gid://shopify/Product/8379407270077","Men's Waffle Knit Round Neck T-Shirt","https://cdn.shopify.com/s/files/1/0778/3278/2013/files/Sa96b966a09344ee99750e2309a834bfdE.webp?v=1783205445","","missing"
"gid://shopify/Product/8379407270077","Men's Waffle Knit Round Neck T-Shirt","https://cdn.shopify.com/s/files/1/0778/3278/2013/files/Sfc27569b59cf4b6cb3748fb8ed827678P.webp?v=1783205445","","missing"
"gid://shopify/Product/8379407270077","Men's Waffle Knit Round Neck T-Shirt","https://cdn.shopify.com/s/files/1/0778/3278/2013/files/S8ea2d9bec2074f33bcd35e5e08c0d78bB.webp?v=1783205447","","missing"
"gid://shopify/Product/8379407270077","Men's Waffle Knit Round Neck T-Shirt","https://cdn.shopify.com/s/files/1/0778/3278/2013/files/Sae116d50ec0849ec8530c77b1d459ba7d.webp?v=1783205445","","missing"
"gid://shopify/Product/8379407270077","Men's Waffle Knit Round Neck T-Shirt","https://cdn.shopify.com/s/files/1/0778/3278/2013/files/S6a63bc2244c74b4f8381c518f7e28a046.webp?v=1783205445","","missing"
"gid://shopify/Product/8379407270077","Men's Waffle Knit Round Neck T-Shirt","https://cdn.shopify.com/s/files/1/0778/3278/2013/files/S697646c406a64a2d8bf05582817126c2o.webp?v=1783205445","","missing"
"gid://shopify/Product/8379407270077","Men's Waffle Knit Round Neck T-Shirt","https://cdn.shopify.com/s/files/1/0778/3278/2013/files/S1fc7608b8f3441ff9a3306b1d36387acq.webp?v=1783205445","","missing"
"gid://shopify/Product/8379407270077","Men's Waffle Knit Round Neck T-Shirt","https://cdn.shopify.com/s/files/1/0778/3278/2013/files/Sd45b5330096d422e80492b4470e4e5f3i.webp?v=1783205445","","missing"
"gid://shopify/Product/8379407270077","Men's Waffle Knit Round Neck T-Shirt","https://cdn.shopify.com/s/files/1/0778/3278/2013/files/S3ea290c805494e329ca7ecd1854cb5b8u.webp?v=1783205445","","missing"
"gid://shopify/Product/8379407270077","Men's Waffle Knit Round Neck T-Shirt","https://cdn.shopify.com/s/files/1/0778/3278/2013/files/S4e01f831e021451292c2d0289a48022ef.webp?v=1783205445","","missing"
"gid://shopify/Product/8379407302845","Men's Baseball Collar Casual Jacket","https://cdn.shopify.com/s/files/1/0778/3278/2013/files/S57dcf03b59a04f27a85c03d4bb0bb4db8.webp?v=1783205446","","missing"
"gid://shopify/Product/8379407302845","Men's Baseball Collar Casual Jacket","https://cdn.shopify.com/s/files/1/0778/3278/2013/files/Se8e6981290e342e98c05f117d4ef01edM.webp?v=1783205446","","missing"
"gid://shopify/Product/8379407302845","Men's Baseball Collar Casual Jacket","https://cdn.shopify.com/s/files/1/0778/3278/2013/files/S24e59c43410b404eb18b0df9f05770171.webp?v=1783205446","","missing"
"gid://shopify/Product/8379407302845","Men's Baseball Collar Casual Jacket","https://cdn.shopify.com/s/files/1/0778/3278/2013/files/Sa070da4590f64213b6f214070aa114a6z.webp?v=1783205446","","missing"
"gid://shopify/Product/8379407302845","Men's Baseball Collar Casual Jacket","https://cdn.shopify.com/s/files/1/0778/3278/2013/files/Scf367ce17f36412c9947bf95eceb4558L.webp?v=1783205446","","missing"
"gid://shopify/Product/8379407302845","Men's Baseball Collar Casual Jacket","https://cdn.shopify.com/s/files/1/0778/3278/2013/files/S8252d7a80ad34486ae6c70e2f3701af8n.webp?v=1783205446","","missing"
"gid://shopify/Product/8379407302845","Men's Baseball Collar Casual Jacket","https://cdn.shopify.com/s/files/1/0778/3278/2013/files/S89ad4136744a4ca484de9fd215bea0a5D.webp?v=1783205446","","missing"
"gid://shopify/Product/8379407302845","Men's Baseball Collar Casual Jacket","https://cdn.shopify.com/s/files/1/0778/3278/2013/files/S48017535118a44d9998e72927909daa45.webp?v=1783205446","","missing"
"gid://shopify/Product/8379407302845","Men's Baseball Collar Casual Jacket","https://cdn.shopify.com/s/files/1/0778/3278/2013/files/S27b6adeaa44e4b18830535febe07e30cW.webp?v=1783205446","","missing"
"gid://shopify/Product/8379407302845","Men's Baseball Collar Casual Jacket","https://cdn.shopify.com/s/files/1/0778/3278/2013/files/S73159a2bb70b49e19e05487e9469133cw.webp?v=1783205446","","missing"
"gid://shopify/Product/8379407302845","Men's Baseball Collar Casual Jacket","https://cdn.shopify.com/s/files/1/0778/3278/2013/files/Sd70cc9dc7b28493692de21747fdb55077.webp?v=1783205447","","missing"
"gid://shopify/Product/8379407302845","Men's Baseball Collar Casual Jacket","https://cdn.shopify.com/s/files/1/0778/3278/2013/files/S27f26151c73849afa74c0fcd46b6e4a49.webp?v=1783205446","","missing"
"gid://shopify/Product/8379407302845","Men's Baseball Collar Casual Jacket","https://cdn.shopify.com/s/files/1/0778/3278/2013/files/S191e7dc081cf4a679600f8c497388759t.webp?v=1783205446","","missing"
"gid://shopify/Product/8379407302845","Men's Baseball Collar Casual Jacket","https://cdn.shopify.com/s/files/1/0778/3278/2013/files/S29c1dfff8e644d92b13ac69e783aaa49G.webp?v=1783205446","","missing"
"gid://shopify/Product/8379407302845","Men's Baseball Collar Casual Jacket","https://cdn.shopify.com/s/files/1/0778/3278/2013/files/S36e2a2ccf86245218068ffa5d5127e31M.webp?v=1783205446","","missing"
"gid://shopify/Product/8379407302845","Men's Baseball Collar Casual Jacket","https://cdn.shopify.com/s/files/1/0778/3278/2013/files/S2a8a2eb8aa3d40edbaa3d2e9fa734652g.webp?v=1783205446","","missing"
"gid://shopify/Product/8379407302845","Men's Baseball Collar Casual Jacket","https://cdn.shopify.com/s/files/1/0778/3278/2013/files/Sc1756c3d000b4ca4879f471462c8ec13W.webp?v=1783205446","","missing"
"gid://shopify/Product/8379407302845","Men's Baseball Collar Casual Jacket","https://cdn.shopify.com/s/files/1/0778/3278/2013/files/S0e124b11f4534ee485eb448193296f0cT.webp?v=1783205446","","missing"
"gid://shopify/Product/8379407302845","Men's Baseball Collar Casual Jacket","https://cdn.shopify.com/s/files/1/0778/3278/2013/files/S5400d757333a4bbc9367e4eae1f456d8r.webp?v=1783205446","","missing"
"gid://shopify/Product/8379407302845","Men's Baseball Collar Casual Jacket","https://cdn.shopify.com/s/files/1/0778/3278/2013/files/Sfdf74c361bfe4de09e30719a00eef3d4B.webp?v=1783205448","","missing"
"gid://shopify/Product/8379407302845","Men's Baseball Collar Casual Jacket","https://cdn.shopify.com/s/files/1/0778/3278/2013/files/S06ac987899fb459f91c11123a649ef94y.webp?v=1783205446","","missing"
"gid://shopify/Product/8379407302845","Men's Baseball Collar Casual Jacket","https://cdn.shopify.com/s/files/1/0778/3278/2013/files/Sd813a465f09d45468683ffd8cb478d60h.webp?v=1783205446","","missing"
"gid://shopify/Product/8379407302845","Men's Baseball Collar Casual Jacket","https://cdn.shopify.com/s/files/1/0778/3278/2013/files/Sb3bcf0316b5945e18bb5431c9b101ec6D.webp?v=1783205446","","missing"
"gid://shopify/Product/8379407302845","Men's Baseball Collar Casual Jacket","https://cdn.shopify.com/s/files/1/0778/3278/2013/files/S9826013b6e3349c7af24f74cc8f29550k.webp?v=1783205446","","missing"
"gid://shopify/Product/8379407302845","Men's Baseball Collar Casual Jacket","https://cdn.shopify.com/s/files/1/0778/3278/2013/files/S4187d4a8fcb342279850c2507dbce0c9q.webp?v=1783205446","","missing"
"gid://shopify/Product/8379407302845","Men's Baseball Collar Casual Jacket","https://cdn.shopify.com/s/files/1/0778/3278/2013/files/Scd82bb9facea41e0ad4e3dba4df53c43z.webp?v=1783205446","","missing"
"gid://shopify/Product/8379407302845","Men's Baseball Collar Casual Jacket","https://cdn.shopify.com/s/files/1/0778/3278/2013/files/S471c563097244e708d8584d8afabbdeen.webp?v=1783205447","","missing"
"gid://shopify/Product/8379407302845","Men's Baseball Collar Casual Jacket","https://cdn.shopify.com/s/files/1/0778/3278/2013/files/Se019cde6a2bb40c29f2f42d54f04006aN.webp?v=1783205446","","missing"
"gid://shopify/Product/8379407302845","Men's Baseball Collar Casual Jacket","https://cdn.shopify.com/s/files/1/0778/3278/2013/files/Sd717dbceb8454540a92acc1dc52b9c556.webp?v=1783205446","","missing"
"gid://shopify/Product/8379407302845","Men's Baseball Collar Casual Jacket","https://cdn.shopify.com/s/files/1/0778/3278/2013/files/S1421f4e1121d4bcc808011e498317822h.webp?v=1783205446","","missing"
"gid://shopify/Product/8379407302845","Men's Baseball Collar Casual Jacket","https://cdn.shopify.com/s/files/1/0778/3278/2013/files/S92ffafd05017400abf6ea97b9486a60cE.webp?v=1783205446","","missing"
"gid://shopify/Product/8379407302845","Men's Baseball Collar Casual Jacket","https://cdn.shopify.com/s/files/1/0778/3278/2013/files/Se725463014a74e4f88d8eb759c6e6eb5Q.webp?v=1783205446","","missing"
"gid://shopify/Product/8379407335613","Men's Turtleneck Knit Pullover Sweater","https://cdn.shopify.com/s/files/1/0778/3278/2013/files/Sbfe7ba7521344ac18420bd67913b862ey.webp?v=1783205445","","missing"
"gid://shopify/Product/8379407335613","Men's Turtleneck Knit Pullover Sweater","https://cdn.shopify.com/s/files/1/0778/3278/2013/files/S530900862ccd476abb5c30e84a17f683K.webp?v=1783205445","","missing"
"gid://shopify/Product/8379407335613","Men's Turtleneck Knit Pullover Sweater","https://cdn.shopify.com/s/files/1/0778/3278/2013/files/S4749327a9c0b4267b7f10185a69d2b8bF.webp?v=1783205445","","missing"
"gid://shopify/Product/8379407335613","Men's Turtleneck Knit Pullover Sweater","https://cdn.shopify.com/s/files/1/0778/3278/2013/files/S4fbe14395a8f4cdaa491233ae95e7684A.webp?v=1783205445","","missing"
"gid://shopify/Product/8379407335613","Men's Turtleneck Knit Pullover Sweater","https://cdn.shopify.com/s/files/1/0778/3278/2013/files/S4244503e2e034a23876f599755eb2f1cc.webp?v=1783205445","","missing"
"gid://shopify/Product/8379407335613","Men's Turtleneck Knit Pullover Sweater","https://cdn.shopify.com/s/files/1/0778/3278/2013/files/S1a10075f07a748469c2762c6310556540.webp?v=1783205445","","missing"
"gid://shopify/Product/8379407335613","Men's Turtleneck Knit Pullover Sweater","https://cdn.shopify.com/s/files/1/0778/3278/2013/files/S87e3c90fb3994a37998e153c6d49d58c9.webp?v=1783205445","","missing"
"gid://shopify/Product/8379407335613","Men's Turtleneck Knit Pullover Sweater","https://cdn.shopify.com/s/files/1/0778/3278/2013/files/S46da9fcb26ec4585822e43660b57a7663.webp?v=1783205445","","missing"
"gid://shopify/Product/8379407335613","Men's Turtleneck Knit Pullover Sweater","https://cdn.shopify.com/s/files/1/0778/3278/2013/files/Sbf53009c6b5242d0bad8cbf923c24939H.webp?v=1783205445","","missing"
"gid://shopify/Product/8379407335613","Men's Turtleneck Knit Pullover Sweater","https://cdn.shopify.com/s/files/1/0778/3278/2013/files/S6396cb9d29d245debd89ced05368d4cdj.webp?v=1783205445","","missing"
"gid://shopify/Product/8379407335613","Men's Turtleneck Knit Pullover Sweater","https://cdn.shopify.com/s/files/1/0778/3278/2013/files/S2922b734181a45a4b813f9c22c2cfc74B.webp?v=1783205445","","missing"
"gid://shopify/Product/8379407335613","Men's Turtleneck Knit Pullover Sweater","https://cdn.shopify.com/s/files/1/0778/3278/2013/files/S84f2e3d4920e46c7922e95b22ee404a8P.webp?v=1783205445","","missing"
"gid://shopify/Product/8379407335613","Men's Turtleneck Knit Pullover Sweater","https://cdn.shopify.com/s/files/1/0778/3278/2013/files/S7d9a5ebe4b884ffa8fe7019ddd4d5c45N.webp?v=1783205445","","missing"
"gid://shopify/Product/8379407335613","Men's Turtleneck Knit Pullover Sweater","https://cdn.shopify.com/s/files/1/0778/3278/2013/files/S018025741c654e76b0d4d5801474c5d2l.webp?v=1783205445","","missing"
"gid://shopify/Product/8379407335613","Men's Turtleneck Knit Pullover Sweater","https://cdn.shopify.com/s/files/1/0778/3278/2013/files/S8f21bc90a30a41bb946add59ec60fe7do.webp?v=1783205445","","missing"
"gid://shopify/Product/8379407335613","Men's Turtleneck Knit Pullover Sweater","https://cdn.shopify.com/s/files/1/0778/3278/2013/files/S7acbc49c30714967b4131ccfca80d283j.webp?v=1783205445","","missing"
"gid://shopify/Product/8379407335613","Men's Turtleneck Knit Pullover Sweater","https://cdn.shopify.com/s/files/1/0778/3278/2013/files/S546cd91fe849404582f975c9c89444413.webp?v=1783205445","","missing"
"gid://shopify/Product/8379407335613","Men's Turtleneck Knit Pullover Sweater","https://cdn.shopify.com/s/files/1/0778/3278/2013/files/S4d562e039c7c46e28021b8c50ba4df58m.webp?v=1783205445","","missing"
"gid://shopify/Product/8379407335613","Men's Turtleneck Knit Pullover Sweater","https://cdn.shopify.com/s/files/1/0778/3278/2013/files/S5429b860e60e4ba18569ee09ff4d781d0.webp?v=1783205445","","missing"
"gid://shopify/Product/8379407335613","Men's Turtleneck Knit Pullover Sweater","https://cdn.shopify.com/s/files/1/0778/3278/2013/files/Sbd42fa6702d847f092a558c44aeb6da6G.webp?v=1783205445","","missing"
"gid://shopify/Product/8379407335613","Men's Turtleneck Knit Pullover Sweater","https://cdn.shopify.com/s/files/1/0778/3278/2013/files/Sd06cd1ca06224520bcd85cc9bde04f66s.webp?v=1783205445","","missing"
"gid://shopify/Product/8379407335613","Men's Turtleneck Knit Pullover Sweater","https://cdn.shopify.com/s/files/1/0778/3278/2013/files/S257fbe2e49464b17bb9809978c6a6ea5Q.webp?v=1783205445","","missing"
"gid://shopify/Product/8379407335613","Men's Turtleneck Knit Pullover Sweater","https://cdn.shopify.com/s/files/1/0778/3278/2013/files/S1c5d5ffdd37a45b9b3c19e6d6b9363a2S.webp?v=1783205445","","missing"
"gid://shopify/Product/8379407335613","Men's Turtleneck Knit Pullover Sweater","https://cdn.shopify.com/s/files/1/0778/3278/2013/files/Sc7e309d7996a4ce098cc1fc39704f9b7M.webp?v=1783205445","","missing"
"gid://shopify/Product/8379407335613","Men's Turtleneck Knit Pullover Sweater","https://cdn.shopify.com/s/files/1/0778/3278/2013/files/S056ce1d01a8644af918a368a20bf1f82u.webp?v=1783205445","","missing"
"gid://shopify/Product/8379407335613","Men's Turtleneck Knit Pullover Sweater","https://cdn.shopify.com/s/files/1/0778/3278/2013/files/Sc2a9d779ab2c491faf5049323f9d2bc4h.webp?v=1783205445","","missing"
"gid://shopify/Product/8379407335613","Men's Turtleneck Knit Pullover Sweater","https://cdn.shopify.com/s/files/1/0778/3278/2013/files/S8fa3c87540eb436e98b7460198fd3311k.webp?v=1783205445","","missing"
"gid://shopify/Product/8379407335613","Men's Turtleneck Knit Pullover Sweater","https://cdn.shopify.com/s/files/1/0778/3278/2013/files/Sef74b5f377164fa7a9a82e40f65586ccC.webp?v=1783205445","","missing"
"gid://shopify/Product/8379407335613","Men's Turtleneck Knit Pullover Sweater","https://cdn.shopify.com/s/files/1/0778/3278/2013/files/S3f46ede1c3a949dd9cf40a8a76bc909d2.webp?v=1783205445","","missing"
"gid://shopify/Product/8379407368381","Men's Elastic Waist Sports Shorts - Comfortable & Stylish for Summer Adventures","https://cdn.shopify.com/s/files/1/0778/3278/2013/files/Sb73646d1d166433494e7b1b4950bdbcdm.webp?v=1783205446","","missing"
"gid://shopify/Product/8379407368381","Men's Elastic Waist Sports Shorts - Comfortable & Stylish for Summer Adventures","https://cdn.shopify.com/s/files/1/0778/3278/2013/files/Sf9eefe97dc1c45bf9b27c78e1efed88dn.webp?v=1783205446","","missing"
"gid://shopify/Product/8379407368381","Men's Elastic Waist Sports Shorts - Comfortable & Stylish for Summer Adventures","https://cdn.shopify.com/s/files/1/0778/3278/2013/files/S73b3ce7454444d099f496133ffdc8fa9Q.webp?v=1783205446","","missing"
"gid://shopify/Product/8379407368381","Men's Elastic Waist Sports Shorts - Comfortable & Stylish for Summer Adventures","https://cdn.shopify.com/s/files/1/0778/3278/2013/files/S05060d6a08b3486cb4b86b70502f235cM.webp?v=1783205446","","missing"
"gid://shopify/Product/8379407368381","Men's Elastic Waist Sports Shorts - Comfortable & Stylish for Summer Adventures","https://cdn.shopify.com/s/files/1/0778/3278/2013/files/Sd1fa0cbe7e394cbea61875c21d0ffcc0U.webp?v=1783205446","","missing"
"gid://shopify/Product/8379407368381","Men's Elastic Waist Sports Shorts - Comfortable & Stylish for Summer Adventures","https://cdn.shopify.com/s/files/1/0778/3278/2013/files/S9a67b9fb4a4d4853a43017922fee46ddz.webp?v=1783205446","","missing"
"gid://shopify/Product/8379407368381","Men's Elastic Waist Sports Shorts - Comfortable & Stylish for Summer Adventures","https://cdn.shopify.com/s/files/1/0778/3278/2013/files/Sfd65067dc5584e7c9759b7eed773bad8C.webp?v=1783205446","","missing"
"gid://shopify/Product/8379407368381","Men's Elastic Waist Sports Shorts - Comfortable & Stylish for Summer Adventures","https://cdn.shopify.com/s/files/1/0778/3278/2013/files/Se7e48e45b4c649fb8d63f4e7e7ee1384r.webp?v=1783205446","","missing"
"gid://shopify/Product/8379407368381","Men's Elastic Waist Sports Shorts - Comfortable & Stylish for Summer Adventures","https://cdn.shopify.com/s/files/1/0778/3278/2013/files/S77f2dcb6791548efbe919c69fc906ffeA.webp?v=1783205447","","missing"
"gid://shopify/Product/8379407368381","Men's Elastic Waist Sports Shorts - Comfortable & Stylish for Summer Adventures","https://cdn.shopify.com/s/files/1/0778/3278/2013/files/Se7ac13447d644ee0bee0dbdac370aa72e.webp?v=1783205446","","missing"
"gid://shopify/Product/8379407368381","Men's Elastic Waist Sports Shorts - Comfortable & Stylish for Summer Adventures","https://cdn.shopify.com/s/files/1/0778/3278/2013/files/S6492a31203064eb5bcf854c4d90a8a97M.webp?v=1783205446","","missing"
"gid://shopify/Product/8379407368381","Men's Elastic Waist Sports Shorts - Comfortable & Stylish for Summer Adventures","https://cdn.shopify.com/s/files/1/0778/3278/2013/files/Se58848e8f45f4b43913a9e01588558193.webp?v=1783205446","","missing"
"gid://shopify/Product/8379407368381","Men's Elastic Waist Sports Shorts - Comfortable & Stylish for Summer Adventures","https://cdn.shopify.com/s/files/1/0778/3278/2013/files/Sf9d07a092a574bb7903d806b9c3ed97aA.webp?v=1783205446","","missing"
"gid://shopify/Product/8379407368381","Men's Elastic Waist Sports Shorts - Comfortable & Stylish for Summer Adventures","https://cdn.shopify.com/s/files/1/0778/3278/2013/files/S4b39700ce0294b37958715aff8eeede3o.webp?v=1783205446","","missing"
"gid://shopify/Product/8379407368381","Men's Elastic Waist Sports Shorts - Comfortable & Stylish for Summer Adventures","https://cdn.shopify.com/s/files/1/0778/3278/2013/files/Se5d6225e1c48451b8dd0252369d1e5e57.webp?v=1783205446","","missing"
"gid://shopify/Product/8379407368381","Men's Elastic Waist Sports Shorts - Comfortable & Stylish for Summer Adventures","https://cdn.shopify.com/s/files/1/0778/3278/2013/files/S977a01349bf14a9eaef76ac5f3e6322ej.webp?v=1783205446","","missing"
"gid://shopify/Product/8379407368381","Men's Elastic Waist Sports Shorts - Comfortable & Stylish for Summer Adventures","https://cdn.shopify.com/s/files/1/0778/3278/2013/files/S198d1efbb132420aba4af5e2298f8dafm.webp?v=1783205446","","missing"
"gid://shopify/Product/8379407368381","Men's Elastic Waist Sports Shorts - Comfortable & Stylish for Summer Adventures","https://cdn.shopify.com/s/files/1/0778/3278/2013/files/S26a9624ca2e549dab49a32d8f13f1418m.webp?v=1783205447","","missing"
"gid://shopify/Product/8379407368381","Men's Elastic Waist Sports Shorts - Comfortable & Stylish for Summer Adventures","https://cdn.shopify.com/s/files/1/0778/3278/2013/files/S4f2bbf8ae17e446a99adeec156df9200K.webp?v=1783205446","","missing"
"gid://shopify/Product/8379407368381","Men's Elastic Waist Sports Shorts - Comfortable & Stylish for Summer Adventures","https://cdn.shopify.com/s/files/1/0778/3278/2013/files/S3eb35eea2dd14cf2b637b77967fd7957w.webp?v=1783205446","","missing"
"gid://shopify/Product/8379407368381","Men's Elastic Waist Sports Shorts - Comfortable & Stylish for Summer Adventures","https://cdn.shopify.com/s/files/1/0778/3278/2013/files/S0559cf18137749ab977137b19f1d30fek.webp?v=1783205446","","missing"
"gid://shopify/Product/8379407368381","Men's Elastic Waist Sports Shorts - Comfortable & Stylish for Summer Adventures","https://cdn.shopify.com/s/files/1/0778/3278/2013/files/Sd17bbb4c194b4a26a58f33c68cc3f4e71.webp?v=1783205446","","missing"
"gid://shopify/Product/8379407368381","Men's Elastic Waist Sports Shorts - Comfortable & Stylish for Summer Adventures","https://cdn.shopify.com/s/files/1/0778/3278/2013/files/Sb90f722e687944949164a507c0e2bf55A.webp?v=1783205447","","missing"
"gid://shopify/Product/8379407368381","Men's Elastic Waist Sports Shorts - Comfortable & Stylish for Summer Adventures","https://cdn.shopify.com/s/files/1/0778/3278/2013/files/S6aca4624b028443f8758fc3dea0f783cu.webp?v=1783205446","","missing"
"gid://shopify/Product/8379407368381","Men's Elastic Waist Sports Shorts - Comfortable & Stylish for Summer Adventures","https://cdn.shopify.com/s/files/1/0778/3278/2013/files/S9189c9e3b1ba41d3a47609f3d33186dfV.webp?v=1783205446","","missing"
"gid://shopify/Product/8379407368381","Men's Elastic Waist Sports Shorts - Comfortable & Stylish for Summer Adventures","https://cdn.shopify.com/s/files/1/0778/3278/2013/files/S26431ab5f04548e2855f8b2b3c3e2727U.webp?v=1783205446","","missing"
"gid://shopify/Product/8379407368381","Men's Elastic Waist Sports Shorts - Comfortable & Stylish for Summer Adventures","https://cdn.shopify.com/s/files/1/0778/3278/2013/files/S5d2bc325e63e45fc9946be10a174dedaZ.webp?v=1783205446","","missing"
"gid://shopify/Product/8379407401149","Men's Linen Wide Leg Pants — Breathable All-Season","https://cdn.shopify.com/s/files/1/0778/3278/2013/files/Sac69978809474bc2af3275813e53b90cJ.webp?v=1783205448","","missing"
"gid://shopify/Product/8379407401149","Men's Linen Wide Leg Pants — Breathable All-Season","https://cdn.shopify.com/s/files/1/0778/3278/2013/files/Sdfdcc28a60f74f4992b0a17c421217daS.webp?v=1783205448","","missing"
"gid://shopify/Product/8379407401149","Men's Linen Wide Leg Pants — Breathable All-Season","https://cdn.shopify.com/s/files/1/0778/3278/2013/files/S7a1496736a204aef82f0fe19dc02009cw.webp?v=1783205448","","missing"
"gid://shopify/Product/8379407401149","Men's Linen Wide Leg Pants — Breathable All-Season","https://cdn.shopify.com/s/files/1/0778/3278/2013/files/Sbf0c769484344699b76ad87e2cd1f74dT.webp?v=1783205448","","missing"
"gid://shopify/Product/8379407401149","Men's Linen Wide Leg Pants — Breathable All-Season","https://cdn.shopify.com/s/files/1/0778/3278/2013/files/S23719726d13246f1b4978c47a7d62677U.webp?v=1783205448","","missing"
"gid://shopify/Product/8379407401149","Men's Linen Wide Leg Pants — Breathable All-Season","https://cdn.shopify.com/s/files/1/0778/3278/2013/files/Sa426bb24f1244907b449c14ca85fe2f5z.webp?v=1783205448","","missing"
"gid://shopify/Product/8379407401149","Men's Linen Wide Leg Pants — Breathable All-Season","https://cdn.shopify.com/s/files/1/0778/3278/2013/files/Se43a7e66478b44428658b6d90fc21281y.webp?v=1783205448","","missing"
"gid://shopify/Product/8379407401149","Men's Linen Wide Leg Pants — Breathable All-Season","https://cdn.shopify.com/s/files/1/0778/3278/2013/files/Sd4e92d7930da40f9882874b62fa4d8a8O.webp?v=1783205448","","missing"
"gid://shopify/Product/8379407401149","Men's Linen Wide Leg Pants — Breathable All-Season","https://cdn.shopify.com/s/files/1/0778/3278/2013/files/S94cae1e539d440539ab16a94aeada5e70.webp?v=1783205448","","missing"
"gid://shopify/Product/8379407401149","Men's Linen Wide Leg Pants — Breathable All-Season","https://cdn.shopify.com/s/files/1/0778/3278/2013/files/S64bc36a2b60a40cf88dccd1319a4268bO.webp?v=1783205448","","missing"
"gid://shopify/Product/8379407401149","Men's Linen Wide Leg Pants — Breathable All-Season","https://cdn.shopify.com/s/files/1/0778/3278/2013/files/S2fa3335f14f747579c12efab87718a132.webp?v=1783205448","","missing"
"gid://shopify/Product/8379407401149","Men's Linen Wide Leg Pants — Breathable All-Season","https://cdn.shopify.com/s/files/1/0778/3278/2013/files/Sfb3cbb2b5903478aae372f6c3ad1f1c3v.webp?v=1783205448","","missing"
"gid://shopify/Product/8379407401149","Men's Linen Wide Leg Pants — Breathable All-Season","https://cdn.shopify.com/s/files/1/0778/3278/2013/files/Sb9d4f43a144a4a8a828d5c009591fc38q.webp?v=1783205448","","missing"
"gid://shopify/Product/8379407401149","Men's Linen Wide Leg Pants — Breathable All-Season","https://cdn.shopify.com/s/files/1/0778/3278/2013/files/S99a10e5707ec485d86d0b44ea5709abaa.webp?v=1783205448","","missing"
"gid://shopify/Product/8379407401149","Men's Linen Wide Leg Pants — Breathable All-Season","https://cdn.shopify.com/s/files/1/0778/3278/2013/files/S2dc70fd62f5944159cd4376ab73c1549R.webp?v=1783205448","","missing"
"gid://shopify/Product/8379407401149","Men's Linen Wide Leg Pants — Breathable All-Season","https://cdn.shopify.com/s/files/1/0778/3278/2013/files/S94371b03f6024d16a14cfd3821cf46810.webp?v=1783205448","","missing"
"gid://shopify/Product/8379407401149","Men's Linen Wide Leg Pants — Breathable All-Season","https://cdn.shopify.com/s/files/1/0778/3278/2013/files/Sbc982d6b8c714ee89358b7d7c6174f4cN.webp?v=1783205448","","missing"
"gid://shopify/Product/8379407401149","Men's Linen Wide Leg Pants — Breathable All-Season","https://cdn.shopify.com/s/files/1/0778/3278/2013/files/S6e5d71d2039345b28749e0f608bc86ecU.webp?v=1783205448","","missing"
"gid://shopify/Product/8379407401149","Men's Linen Wide Leg Pants — Breathable All-Season","https://cdn.shopify.com/s/files/1/0778/3278/2013/files/S5d3155459ac74c1197f5c5998f42d231z.webp?v=1783205448","","missing"
"gid://shopify/Product/8379407401149","Men's Linen Wide Leg Pants — Breathable All-Season","https://cdn.shopify.com/s/files/1/0778/3278/2013/files/S2d06c09f323a4d4a8f597de01b39dd14I.webp?v=1783205448","","missing"
"gid://shopify/Product/8379407401149","Men's Linen Wide Leg Pants — Breathable All-Season","https://cdn.shopify.com/s/files/1/0778/3278/2013/files/S9588366dba154ac6b898662b883c8e46X.webp?v=1783205448","","missing"
"gid://shopify/Product/8379407401149","Men's Linen Wide Leg Pants — Breathable All-Season","https://cdn.shopify.com/s/files/1/0778/3278/2013/files/S5720d2c5197e4cd682633fdbb39c9a12q.webp?v=1783205448","","missing"
"gid://shopify/Product/8379407401149","Men's Linen Wide Leg Pants — Breathable All-Season","https://cdn.shopify.com/s/files/1/0778/3278/2013/files/S917b009d68c241c7b78ed158d02f5ccev.webp?v=1783205448","","missing"
"gid://shopify/Product/8379407401149","Men's Linen Wide Leg Pants — Breathable All-Season","https://cdn.shopify.com/s/files/1/0778/3278/2013/files/S990a53a27d2e4dbd9411d27e1dff87a0F.webp?v=1783205448","","missing"
"gid://shopify/Product/8379407401149","Men's Linen Wide Leg Pants — Breathable All-Season","https://cdn.shopify.com/s/files/1/0778/3278/2013/files/Sdb53575102cd47ee97e399a64e295263c.webp?v=1783205448","","missing"
"gid://shopify/Product/8379407401149","Men's Linen Wide Leg Pants — Breathable All-Season","https://cdn.shopify.com/s/files/1/0778/3278/2013/files/Seb34cc6327854dcf837f7afa48318d8a8.webp?v=1783205448","","missing"
"gid://shopify/Product/8379407401149","Men's Linen Wide Leg Pants — Breathable All-Season","https://cdn.shopify.com/s/files/1/0778/3278/2013/files/S1967baef171042a48583f83bd1c110371.webp?v=1783205448","","missing"
"gid://shopify/Product/8379407401149","Men's Linen Wide Leg Pants — Breathable All-Season","https://cdn.shopify.com/s/files/1/0778/3278/2013/files/Sadd0655c52dc4f3c9639927941ceec25X.webp?v=1783205448","","missing"
"gid://shopify/Product/8379407401149","Men's Linen Wide Leg Pants — Breathable All-Season","https://cdn.shopify.com/s/files/1/0778/3278/2013/files/Sf6d5bb5e5fac4a3cb15564c889ac1836S.webp?v=1783205448","","missing"
"gid://shopify/Product/8379407401149","Men's Linen Wide Leg Pants — Breathable All-Season","https://cdn.shopify.com/s/files/1/0778/3278/2013/files/Sfcdd9f5eead644e7a58beb828e2b2878Y.webp?v=1783205448","","missing"
"gid://shopify/Product/8379407401149","Men's Linen Wide Leg Pants — Breathable All-Season","https://cdn.shopify.com/s/files/1/0778/3278/2013/files/S796ba0fdd8984506aa77e4d49e7011e36.webp?v=1783205448","","missing"
"gid://shopify/Product/8379407401149","Men's Linen Wide Leg Pants — Breathable All-Season","https://cdn.shopify.com/s/files/1/0778/3278/2013/files/Se2d9a5ff79064736ad88c08a619f06c30.webp?v=1783205448","","missing"
"gid://shopify/Product/8379407401149","Men's Linen Wide Leg Pants — Breathable All-Season","https://cdn.shopify.com/s/files/1/0778/3278/2013/files/S1d333c8ae6ce4813bd5610dfac53822fR.webp?v=1783205448","","missing"
"gid://shopify/Product/8379407401149","Men's Linen Wide Leg Pants — Breathable All-Season","https://cdn.shopify.com/s/files/1/0778/3278/2013/files/S278d9fd4705341dbb9a90dfac68d9e9cj.webp?v=1783205448","","missing"
"gid://shopify/Product/8379407401149","Men's Linen Wide Leg Pants — Breathable All-Season","https://cdn.shopify.com/s/files/1/0778/3278/2013/files/S7b6b2c102f204208b4de51111febd005T.webp?v=1783205448","","missing"
"gid://shopify/Product/8379407401149","Men's Linen Wide Leg Pants — Breathable All-Season","https://cdn.shopify.com/s/files/1/0778/3278/2013/files/Se0dff579137b4733a185507001944348L.webp?v=1783205448","","missing"
"gid://shopify/Product/8379407401149","Men's Linen Wide Leg Pants — Breathable All-Season","https://cdn.shopify.com/s/files/1/0778/3278/2013/files/Sac6ee2fb0fdb497e9f0096a1637ebb92M.webp?v=1783205448","","missing"
"gid://shopify/Product/8379407401149","Men's Linen Wide Leg Pants — Breathable All-Season","https://cdn.shopify.com/s/files/1/0778/3278/2013/files/Sf51d722444b148c4a1f0a2ecb198fb78H.webp?v=1783205448","","missing"
"gid://shopify/Product/8379407401149","Men's Linen Wide Leg Pants — Breathable All-Season","https://cdn.shopify.com/s/files/1/0778/3278/2013/files/S662f003917df4fe5b3d5567508374545W.webp?v=1783205448","","missing"
"gid://shopify/Product/8379407401149","Men's Linen Wide Leg Pants — Breathable All-Season","https://cdn.shopify.com/s/files/1/0778/3278/2013/files/S0f77216754a444ba9b94752271eff687m.webp?v=1783205448","","missing"
"gid://shopify/Product/8379407401149","Men's Linen Wide Leg Pants — Breathable All-Season","https://cdn.shopify.com/s/files/1/0778/3278/2013/files/Sce9a6f227b684abf9163a262518ec953K.webp?v=1783205448","","missing"
"gid://shopify/Product/8379407401149","Men's Linen Wide Leg Pants — Breathable All-Season","https://cdn.shopify.com/s/files/1/0778/3278/2013/files/S8162afd53a7546efabe7704596166d16S.webp?v=1783205448","","missing"
"gid://shopify/Product/8379407401149","Men's Linen Wide Leg Pants — Breathable All-Season","https://cdn.shopify.com/s/files/1/0778/3278/2013/files/Sd87f7231636049b69e7a7e6b2644f282p.webp?v=1783205447","","missing"
"gid://shopify/Product/8379407401149","Men's Linen Wide Leg Pants — Breathable All-Season","https://cdn.shopify.com/s/files/1/0778/3278/2013/files/S3449b6a95a7b4648a21efc1921ad06aeH.webp?v=1783205448","","missing"
"gid://shopify/Product/8379407401149","Men's Linen Wide Leg Pants — Breathable All-Season","https://cdn.shopify.com/s/files/1/0778/3278/2013/files/Sbaf2cd4c5f5a4b42a8212797cc8a6cf0m.webp?v=1783205448","","missing"
"gid://shopify/Product/8379407401149","Men's Linen Wide Leg Pants — Breathable All-Season","https://cdn.shopify.com/s/files/1/0778/3278/2013/files/S111297974f89424293c8fb75cb678fe9Y.webp?v=1783205448","","missing"
"gid://shopify/Product/8379407401149","Men's Linen Wide Leg Pants — Breathable All-Season","https://cdn.shopify.com/s/files/1/0778/3278/2013/files/Sbc4249c8a0e74c3980c2b9ecb744f326u.webp?v=1783205447","","missing"
"gid://shopify/Product/8379407401149","Men's Linen Wide Leg Pants — Breathable All-Season","https://cdn.shopify.com/s/files/1/0778/3278/2013/files/Sd3690a14b87d4ec0a7c725840f8274c50.webp?v=1783205448","","missing"
"gid://shopify/Product/8379407433917","Men's Wrinkle-Resistant Long Sleeve Business Shirt","https://cdn.shopify.com/s/files/1/0778/3278/2013/files/S03b843472cf446779510ad4bf582e625l.webp?v=1783205448","","missing"
"gid://shopify/Product/8379407433917","Men's Wrinkle-Resistant Long Sleeve Business Shirt","https://cdn.shopify.com/s/files/1/0778/3278/2013/files/S1fc06c6ff6aa43289863a8293c7208e1P.webp?v=1783205448","","missing"
"gid://shopify/Product/8379407433917","Men's Wrinkle-Resistant Long Sleeve Business Shirt","https://cdn.shopify.com/s/files/1/0778/3278/2013/files/Se55a2d4bb57548c899f28d1d7f1fe60dv.webp?v=1783205448","","missing"
"gid://shopify/Product/8379407433917","Men's Wrinkle-Resistant Long Sleeve Business Shirt","https://cdn.shopify.com/s/files/1/0778/3278/2013/files/Sf310396a82fa41eeb922b118a2dc83abZ.webp?v=1783205448","","missing"
"gid://shopify/Product/8379407433917","Men's Wrinkle-Resistant Long Sleeve Business Shirt","https://cdn.shopify.com/s/files/1/0778/3278/2013/files/Sad1878b4afb64bea86727f5d93decbf9L.webp?v=1783205448","","missing"
"gid://shopify/Product/8379407433917","Men's Wrinkle-Resistant Long Sleeve Business Shirt","https://cdn.shopify.com/s/files/1/0778/3278/2013/files/S539d81ff7a5a47c783c7be8b1517c31dX.webp?v=1783205448","","missing"
"gid://shopify/Product/8379407433917","Men's Wrinkle-Resistant Long Sleeve Business Shirt","https://cdn.shopify.com/s/files/1/0778/3278/2013/files/Sc474910223b74adea3cc9dad3017be7bs.webp?v=1783205448","","missing"
"gid://shopify/Product/8379407433917","Men's Wrinkle-Resistant Long Sleeve Business Shirt","https://cdn.shopify.com/s/files/1/0778/3278/2013/files/S67614d2e5f784d8590cfa02e5842f2889.webp?v=1783205448","","missing"
"gid://shopify/Product/8379407433917","Men's Wrinkle-Resistant Long Sleeve Business Shirt","https://cdn.shopify.com/s/files/1/0778/3278/2013/files/S65d8dc53564c4945b07d7f7dc5b76813e.webp?v=1783205448","","missing"
"gid://shopify/Product/8379407433917","Men's Wrinkle-Resistant Long Sleeve Business Shirt","https://cdn.shopify.com/s/files/1/0778/3278/2013/files/Sd64bce03cce54ef790f5c11a1c0e67dfl.webp?v=1783205448","","missing"
"gid://shopify/Product/8379407433917","Men's Wrinkle-Resistant Long Sleeve Business Shirt","https://cdn.shopify.com/s/files/1/0778/3278/2013/files/Sc343ce6f5bd748fbb081e01272d5521ej.webp?v=1783205448","","missing"
"gid://shopify/Product/8379407433917","Men's Wrinkle-Resistant Long Sleeve Business Shirt","https://cdn.shopify.com/s/files/1/0778/3278/2013/files/S65663bbf8ad347d48d16afc30a326de7f.webp?v=1783205448","","missing"
"gid://shopify/Product/8379407433917","Men's Wrinkle-Resistant Long Sleeve Business Shirt","https://cdn.shopify.com/s/files/1/0778/3278/2013/files/S143b979de0bd45d69609fa38f0fe12d2y.webp?v=1783205448","","missing"
"gid://shopify/Product/8379407433917","Men's Wrinkle-Resistant Long Sleeve Business Shirt","https://cdn.shopify.com/s/files/1/0778/3278/2013/files/S1bb9a21c4abd48c8bb3ca69f1127788c7.webp?v=1783205448","","missing"
"gid://shopify/Product/8379407433917","Men's Wrinkle-Resistant Long Sleeve Business Shirt","https://cdn.shopify.com/s/files/1/0778/3278/2013/files/Sbb11f9b3c16048ecb8c72592bbb3585c4.webp?v=1783205448","","missing"
"gid://shopify/Product/8379407433917","Men's Wrinkle-Resistant Long Sleeve Business Shirt","https://cdn.shopify.com/s/files/1/0778/3278/2013/files/S75fe74e27fe848e88750ce08445bc96ce.webp?v=1783205448","","missing"
"gid://shopify/Product/8379407433917","Men's Wrinkle-Resistant Long Sleeve Business Shirt","https://cdn.shopify.com/s/files/1/0778/3278/2013/files/S7e87aa5fa30a42f79e1d82425ba119a5I.webp?v=1783205448","","missing"
"gid://shopify/Product/8379407433917","Men's Wrinkle-Resistant Long Sleeve Business Shirt","https://cdn.shopify.com/s/files/1/0778/3278/2013/files/Sfec5bcb6690c432ea38f9af2558483dfG.webp?v=1783205448","","missing"
"gid://shopify/Product/8379407433917","Men's Wrinkle-Resistant Long Sleeve Business Shirt","https://cdn.shopify.com/s/files/1/0778/3278/2013/files/S338aa570bd1d4c9ba144484bcd86a1afC.webp?v=1783205448","","missing"
"gid://shopify/Product/8379407433917","Men's Wrinkle-Resistant Long Sleeve Business Shirt","https://cdn.shopify.com/s/files/1/0778/3278/2013/files/S2f1d542dfbe94c408cbf089e4c93f382b.webp?v=1783205448","","missing"
"gid://shopify/Product/8379407433917","Men's Wrinkle-Resistant Long Sleeve Business Shirt","https://cdn.shopify.com/s/files/1/0778/3278/2013/files/Sd1b25f399ebc4bdf98fb9eb584b21bbe9.webp?v=1783205448","","missing"
"gid://shopify/Product/8379407433917","Men's Wrinkle-Resistant Long Sleeve Business Shirt","https://cdn.shopify.com/s/files/1/0778/3278/2013/files/S4711f7f5556f41ada2b90ea5d3b03c2d2.webp?v=1783205448","","missing"
"gid://shopify/Product/8379407466685","Men's Moisture-Wicking Crew Neck T-Shirt 6-Pack","https://cdn.shopify.com/s/files/1/0778/3278/2013/files/S66d0f9c906a9475096941ee5177bac5aD.webp?v=1783205447","","missing"
"gid://shopify/Product/8379407466685","Men's Moisture-Wicking Crew Neck T-Shirt 6-Pack","https://cdn.shopify.com/s/files/1/0778/3278/2013/files/Sfb3286bc410c4b5fbf6cd3c953e957bfM.webp?v=1783205447","","missing"
"gid://shopify/Product/8379407466685","Men's Moisture-Wicking Crew Neck T-Shirt 6-Pack","https://cdn.shopify.com/s/files/1/0778/3278/2013/files/Sb8ab723faea346d9862dd13ac0f1e2f6n.webp?v=1783205447","","missing"
"gid://shopify/Product/8379407466685","Men's Moisture-Wicking Crew Neck T-Shirt 6-Pack","https://cdn.shopify.com/s/files/1/0778/3278/2013/files/Se07e9c8d15fa435a80fd7ca4a19ac6cew.webp?v=1783205447","","missing"
"gid://shopify/Product/8379407466685","Men's Moisture-Wicking Crew Neck T-Shirt 6-Pack","https://cdn.shopify.com/s/files/1/0778/3278/2013/files/S2933c8aa36044d529a1bc698fd45cd40m.webp?v=1783205447","","missing"
"gid://shopify/Product/8379407466685","Men's Moisture-Wicking Crew Neck T-Shirt 6-Pack","https://cdn.shopify.com/s/files/1/0778/3278/2013/files/S343d6245add1470c9342e0394ce65c24O.webp?v=1783205447","","missing"
"gid://shopify/Product/8379407466685","Men's Moisture-Wicking Crew Neck T-Shirt 6-Pack","https://cdn.shopify.com/s/files/1/0778/3278/2013/files/S10b4d2fad92943088f914d1d1e166b08K.webp?v=1783205447","","missing"
"gid://shopify/Product/8379407466685","Men's Moisture-Wicking Crew Neck T-Shirt 6-Pack","https://cdn.shopify.com/s/files/1/0778/3278/2013/files/Sa316584a14674384af0b8df5d6abcb3aS.webp?v=1783205447","","missing"
"gid://shopify/Product/8379407466685","Men's Moisture-Wicking Crew Neck T-Shirt 6-Pack","https://cdn.shopify.com/s/files/1/0778/3278/2013/files/S62fa165af05740eab5d9349bc9de1a19E.webp?v=1783205447","","missing"
"gid://shopify/Product/8379407466685","Men's Moisture-Wicking Crew Neck T-Shirt 6-Pack","https://cdn.shopify.com/s/files/1/0778/3278/2013/files/Sb6ac8191314d419da2b516e17b828aeag.webp?v=1783205447","","missing"
"gid://shopify/Product/8379407466685","Men's Moisture-Wicking Crew Neck T-Shirt 6-Pack","https://cdn.shopify.com/s/files/1/0778/3278/2013/files/S60ee51bdf86442db917a0500b608512ep.webp?v=1783205447","","missing"
"gid://shopify/Product/8379407466685","Men's Moisture-Wicking Crew Neck T-Shirt 6-Pack","https://cdn.shopify.com/s/files/1/0778/3278/2013/files/Sc27b938115f9413daaa3f406eed5c899z.webp?v=1783205447","","missing"
"gid://shopify/Product/8379407466685","Men's Moisture-Wicking Crew Neck T-Shirt 6-Pack","https://cdn.shopify.com/s/files/1/0778/3278/2013/files/S5b52058e866b4bf6bb8fd479907288f9l.webp?v=1783205448","","missing"
"gid://shopify/Product/8379407466685","Men's Moisture-Wicking Crew Neck T-Shirt 6-Pack","https://cdn.shopify.com/s/files/1/0778/3278/2013/files/S3795d296cca042698677ec466427db72s.webp?v=1783205447","","missing"
"gid://shopify/Product/8379407499453","Men's Ice Silk Mesh Vest Lightweight Sports Summer Wear","https://cdn.shopify.com/s/files/1/0778/3278/2013/files/S8551e87356a046abb6dbb3a829f011e8m.webp?v=1783205458","Collection of sleeveless shirts on hangers with text highlighting quick-drying mesh and real ice silk properties against a blue background.","good"
"gid://shopify/Product/8379407499453","Men's Ice Silk Mesh Vest Lightweight Sports Summer Wear","https://cdn.shopify.com/s/files/1/0778/3278/2013/files/S9708578934174ceda4cdeec3a418d8b6r.webp?v=1783205458","Blue sleeveless shirt on a hanger against a dark background","good"
"gid://shopify/Product/8379407499453","Men's Ice Silk Mesh Vest Lightweight Sports Summer Wear","https://cdn.shopify.com/s/files/1/0778/3278/2013/files/Sb0e3c20f087540a68054e45149bee73aB.webp?v=1783205458","Blue sleeveless shirt on a hanger against a dark background","good"
"gid://shopify/Product/8379407499453","Men's Ice Silk Mesh Vest Lightweight Sports Summer Wear","https://cdn.shopify.com/s/files/1/0778/3278/2013/files/S6666a530c4cc4bc6b1283b93981e90ebp.webp?v=1783205458","Blue sleeveless shirt on a hanger against a gray background","good"
"gid://shopify/Product/8379407499453","Men's Ice Silk Mesh Vest Lightweight Sports Summer Wear","https://cdn.shopify.com/s/files/1/0778/3278/2013/files/S8ca6d3b43a1a4f5b8fc11b3bf9da62bfU.webp?v=1783205458","Black sleeveless shirt on a hanger against a dark background","good"
"gid://shopify/Product/8379407499453","Men's Ice Silk Mesh Vest Lightweight Sports Summer Wear","https://cdn.shopify.com/s/files/1/0778/3278/2013/files/S4eab1c2f2ca8436dbef3df43251d2c65x.webp?v=1783205458","White sleeveless shirt on a hanger against a black background","good"
"gid://shopify/Product/8379407499453","Men's Ice Silk Mesh Vest Lightweight Sports Summer Wear","https://cdn.shopify.com/s/files/1/0778/3278/2013/files/See404ac6c9de4a44aa12975f14135700l.webp?v=1783731540","White sleeveless shirt on a wooden hanger against a black background","good"
"gid://shopify/Product/8379407499453","Men's Ice Silk Mesh Vest Lightweight Sports Summer Wear","https://cdn.shopify.com/s/files/1/0778/3278/2013/files/S72cbaa42a09144bfaf715ceb676a1ea0b.webp?v=1783205458","Blue sleeveless top on a hanger against a dark background","good"
"gid://shopify/Product/8379407499453","Men's Ice Silk Mesh Vest Lightweight Sports Summer Wear","https://cdn.shopify.com/s/files/1/0778/3278/2013/files/S002d9b70a7654cb49204dc1fb212e949s.webp?v=1783205458","Black sleeveless shirt on a hanger against a dark background","good"
"gid://shopify/Product/8379407499453","Men's Ice Silk Mesh Vest Lightweight Sports Summer Wear","https://cdn.shopify.com/s/files/1/0778/3278/2013/files/S2c7afcf30424413b8feb054f08c6a335e.webp?v=1783205458","Light green sleeveless shirt on a hanger against a dark background","good"
"gid://shopify/Product/8379407532221","Men's Multi-Pocket Regular Fit Street Jeans","https://cdn.shopify.com/s/files/1/0778/3278/2013/files/S78b5da3079f647cdaf297c71e2a28a87r.webp?v=1783205458","","missing"
"gid://shopify/Product/8379407532221","Men's Multi-Pocket Regular Fit Street Jeans","https://cdn.shopify.com/s/files/1/0778/3278/2013/files/Sebccc6be4f1042bc914795254257e45bc.webp?v=1783205458","","missing"
"gid://shopify/Product/8379407532221","Men's Multi-Pocket Regular Fit Street Jeans","https://cdn.shopify.com/s/files/1/0778/3278/2013/files/S162ae1496f2445a3add7471dd41d63c09.webp?v=1783205458","","missing"
"gid://shopify/Product/8379407532221","Men's Multi-Pocket Regular Fit Street Jeans","https://cdn.shopify.com/s/files/1/0778/3278/2013/files/S032d77f15526407a9b7e6b506f0c3b0eC.webp?v=1783205459","","missing"
"gid://shopify/Product/8379407532221","Men's Multi-Pocket Regular Fit Street Jeans","https://cdn.shopify.com/s/files/1/0778/3278/2013/files/S2e376cfc70854ca48e7bd6bd86f0df5c2.webp?v=1783205458","","missing"
"gid://shopify/Product/8379407532221","Men's Multi-Pocket Regular Fit Street Jeans","https://cdn.shopify.com/s/files/1/0778/3278/2013/files/S09440565e7984531a015f3cac00996d6X.webp?v=1783205458","","missing"
"gid://shopify/Product/8379407564989","Men's Summer Polo Shirt - Elevate Your Casual Look with Breathable Comfort","https://cdn.shopify.com/s/files/1/0778/3278/2013/files/S10ecada7985947269a882fabbd5db2e8E.webp?v=1783205459","","missing"
"gid://shopify/Product/8379407564989","Men's Summer Polo Shirt - Elevate Your Casual Look with Breathable Comfort","https://cdn.shopify.com/s/files/1/0778/3278/2013/files/S8d6c59b59e424d16af52e4b012820802R_7aa354ef-9df7-4a95-84cf-d75441b4ab9e.webp?v=1783205459","","missing"
"gid://shopify/Product/8379407564989","Men's Summer Polo Shirt - Elevate Your Casual Look with Breathable Comfort","https://cdn.shopify.com/s/files/1/0778/3278/2013/files/Sae780e084cb544d08430ff929f8c298e1.webp?v=1783205459","","missing"
"gid://shopify/Product/8379407564989","Men's Summer Polo Shirt - Elevate Your Casual Look with Breathable Comfort","https://cdn.shopify.com/s/files/1/0778/3278/2013/files/S9d4d170710e8432cbde1799629e83683o.webp?v=1783205459","","missing"
"gid://shopify/Product/8379407564989","Men's Summer Polo Shirt - Elevate Your Casual Look with Breathable Comfort","https://cdn.shopify.com/s/files/1/0778/3278/2013/files/S8d6c59b59e424d16af52e4b012820802R.webp?v=1783205459","","missing"
"gid://shopify/Product/8379407564989","Men's Summer Polo Shirt - Elevate Your Casual Look with Breathable Comfort","https://cdn.shopify.com/s/files/1/0778/3278/2013/files/S06e231cbc1c84720867544f47857349eV.webp?v=1783205459","","missing"
"gid://shopify/Product/8379407564989","Men's Summer Polo Shirt - Elevate Your Casual Look with Breathable Comfort","https://cdn.shopify.com/s/files/1/0778/3278/2013/files/S9390175ac9b847e2b46306a0d5172b73k.webp?v=1783205459","","missing"
"gid://shopify/Product/8379407564989","Men's Summer Polo Shirt - Elevate Your Casual Look with Breathable Comfort","https://cdn.shopify.com/s/files/1/0778/3278/2013/files/Sdb5e5badc6994db88dd29a982c5b22b50.webp?v=1783205459","","missing"
"gid://shopify/Product/8379407564989","Men's Summer Polo Shirt - Elevate Your Casual Look with Breathable Comfort","https://cdn.shopify.com/s/files/1/0778/3278/2013/files/S57f3cef78ce94d32b72d1bc6e7925685L.webp?v=1783205459","","missing"
"gid://shopify/Product/8379407564989","Men's Summer Polo Shirt - Elevate Your Casual Look with Breathable Comfort","https://cdn.shopify.com/s/files/1/0778/3278/2013/files/Sc8b85a54ec9b49dda28bbdadc42934756.webp?v=1783205459","","missing"
"gid://shopify/Product/8379407564989","Men's Summer Polo Shirt - Elevate Your Casual Look with Breathable Comfort","https://cdn.shopify.com/s/files/1/0778/3278/2013/files/S1ed45dad7bf94ba59d462898c4252259Z.webp?v=1783205459","","missing"
"gid://shopify/Product/8379407564989","Men's Summer Polo Shirt - Elevate Your Casual Look with Breathable Comfort","https://cdn.shopify.com/s/files/1/0778/3278/2013/files/S9550f458883245d79829583451fcc247x.webp?v=1783205459","","missing"
"gid://shopify/Product/8379407564989","Men's Summer Polo Shirt - Elevate Your Casual Look with Breathable Comfort","https://cdn.shopify.com/s/files/1/0778/3278/2013/files/S2de77b218d2b434d9c8219f24319d3b37.webp?v=1783205459","","missing"
"gid://shopify/Product/8379407564989","Men's Summer Polo Shirt - Elevate Your Casual Look with Breathable Comfort","https://cdn.shopify.com/s/files/1/0778/3278/2013/files/S0611a0bd163f493da597b3165b59e418Q.webp?v=1783205459","","missing"
"gid://shopify/Product/8379407564989","Men's Summer Polo Shirt - Elevate Your Casual Look with Breathable Comfort","https://cdn.shopify.com/s/files/1/0778/3278/2013/files/S612387fd0c704969b0a047de3ba566fer.webp?v=1783205459","","missing"
"gid://shopify/Product/8379407564989","Men's Summer Polo Shirt - Elevate Your Casual Look with Breathable Comfort","https://cdn.shopify.com/s/files/1/0778/3278/2013/files/S994b293ec4474135a01bba2fac5be2b40.webp?v=1783205459","","missing"
"gid://shopify/Product/8379407564989","Men's Summer Polo Shirt - Elevate Your Casual Look with Breathable Comfort","https://cdn.shopify.com/s/files/1/0778/3278/2013/files/Saf6798512ca64e90b5758e526a58eb09F.webp?v=1783205459","","missing"
"gid://shopify/Product/8379407564989","Men's Summer Polo Shirt - Elevate Your Casual Look with Breathable Comfort","https://cdn.shopify.com/s/files/1/0778/3278/2013/files/S1562003362ec4508ae4ef2eaef106abf6.webp?v=1783205459","","missing"
"gid://shopify/Product/8379407564989","Men's Summer Polo Shirt - Elevate Your Casual Look with Breathable Comfort","https://cdn.shopify.com/s/files/1/0778/3278/2013/files/Sd658ad6390cb4b20a66637d10d543be19.webp?v=1783205459","","missing"
"gid://shopify/Product/8379407564989","Men's Summer Polo Shirt - Elevate Your Casual Look with Breathable Comfort","https://cdn.shopify.com/s/files/1/0778/3278/2013/files/S1d17b10c031146188aa239a345ea3111B.webp?v=1783205459","","missing"
"gid://shopify/Product/8379407564989","Men's Summer Polo Shirt - Elevate Your Casual Look with Breathable Comfort","https://cdn.shopify.com/s/files/1/0778/3278/2013/files/S029c211032f34450b1504a8d50093febN.webp?v=1783205459","","missing"
"gid://shopify/Product/8379407564989","Men's Summer Polo Shirt - Elevate Your Casual Look with Breathable Comfort","https://cdn.shopify.com/s/files/1/0778/3278/2013/files/Sb94d49255d804c8c96c1abf12ee25bd9H.webp?v=1783205459","","missing"
"gid://shopify/Product/8379407564989","Men's Summer Polo Shirt - Elevate Your Casual Look with Breathable Comfort","https://cdn.shopify.com/s/files/1/0778/3278/2013/files/Sd76f70a0f9b44a06b6ccdbe27671a773G.webp?v=1783205459","","missing"
"gid://shopify/Product/8379407564989","Men's Summer Polo Shirt - Elevate Your Casual Look with Breathable Comfort","https://cdn.shopify.com/s/files/1/0778/3278/2013/files/S92cec1e39298460ba5bc918c115d78e2V.webp?v=1783205459","","missing"
"gid://shopify/Product/8379407564989","Men's Summer Polo Shirt - Elevate Your Casual Look with Breathable Comfort","https://cdn.shopify.com/s/files/1/0778/3278/2013/files/S1a1fdc9e319d4f3abb232ca82525dc28C.webp?v=1783205459","","missing"
"gid://shopify/Product/8379407564989","Men's Summer Polo Shirt - Elevate Your Casual Look with Breathable Comfort","https://cdn.shopify.com/s/files/1/0778/3278/2013/files/Saeb4c9f43c1b4b43915e2c9a425efc3do.webp?v=1783205459","","missing"
"gid://shopify/Product/8379407564989","Men's Summer Polo Shirt - Elevate Your Casual Look with Breathable Comfort","https://cdn.shopify.com/s/files/1/0778/3278/2013/files/Sf5c72068f4d54cf0b9e1354f211366a56.webp?v=1783205459","","missing"
"gid://shopify/Product/8379407564989","Men's Summer Polo Shirt - Elevate Your Casual Look with Breathable Comfort","https://cdn.shopify.com/s/files/1/0778/3278/2013/files/S33c5d8b4c1234fa3bdf60bc2fafc2032H.webp?v=1783205459","","missing"
"gid://shopify/Product/8379407564989","Men's Summer Polo Shirt - Elevate Your Casual Look with Breathable Comfort","https://cdn.shopify.com/s/files/1/0778/3278/2013/files/Se1f1588ec4bf462ab8cf5f1c2927b2acC.webp?v=1783205459","","missing"
"gid://shopify/Product/8379407564989","Men's Summer Polo Shirt - Elevate Your Casual Look with Breathable Comfort","https://cdn.shopify.com/s/files/1/0778/3278/2013/files/S4741ee92149848a981ba4378f03262fbx.webp?v=1783205459","","missing"
"gid://shopify/Product/8379407564989","Men's Summer Polo Shirt - Elevate Your Casual Look with Breathable Comfort","https://cdn.shopify.com/s/files/1/0778/3278/2013/files/S17876a1ad172478b905f93cc270856bei.webp?v=1783205459","","missing"
"gid://shopify/Product/8379407564989","Men's Summer Polo Shirt - Elevate Your Casual Look with Breathable Comfort","https://cdn.shopify.com/s/files/1/0778/3278/2013/files/Scdaf755999d940beb3af27241d4009e2v.webp?v=1783205459","","missing"
"gid://shopify/Product/8379407597757","Men's Ice Silk Fast-Dry Stretch Casual Pants","https://cdn.shopify.com/s/files/1/0778/3278/2013/files/Sb37433cdf3b14e5d848b0b563ce998fdc.webp?v=1783205459","","missing"
"gid://shopify/Product/8379407597757","Men's Ice Silk Fast-Dry Stretch Casual Pants","https://cdn.shopify.com/s/files/1/0778/3278/2013/files/S32dec57f11414e599a6c7a02b00e60e3l.webp?v=1783205459","","missing"
"gid://shopify/Product/8379407597757","Men's Ice Silk Fast-Dry Stretch Casual Pants","https://cdn.shopify.com/s/files/1/0778/3278/2013/files/Sc8a250079ef1490fa9c5881c94f7daed8.webp?v=1783205459","","missing"
"gid://shopify/Product/8379407597757","Men's Ice Silk Fast-Dry Stretch Casual Pants","https://cdn.shopify.com/s/files/1/0778/3278/2013/files/S75de6e42041c40939f1fd5aaa635c3adT.webp?v=1783205459","","missing"
"gid://shopify/Product/8379407597757","Men's Ice Silk Fast-Dry Stretch Casual Pants","https://cdn.shopify.com/s/files/1/0778/3278/2013/files/Sbd08c7f20db54725a08a8e66ddd4b11aW.webp?v=1783205459","","missing"
"gid://shopify/Product/8379407597757","Men's Ice Silk Fast-Dry Stretch Casual Pants","https://cdn.shopify.com/s/files/1/0778/3278/2013/files/S4776f5958604489a867ae88f0c30b682U.webp?v=1783205459","","missing"
"gid://shopify/Product/8379407597757","Men's Ice Silk Fast-Dry Stretch Casual Pants","https://cdn.shopify.com/s/files/1/0778/3278/2013/files/S12d748df024e48d2a7c6f70735208292c.webp?v=1783205460","","missing"
"gid://shopify/Product/8379407597757","Men's Ice Silk Fast-Dry Stretch Casual Pants","https://cdn.shopify.com/s/files/1/0778/3278/2013/files/S842345986e304ba8bc9d226e4cb079f1P.webp?v=1783205460","","missing"
"gid://shopify/Product/8379407597757","Men's Ice Silk Fast-Dry Stretch Casual Pants","https://cdn.shopify.com/s/files/1/0778/3278/2013/files/Sf7681bc0b9644efaa4cb08d8fb673241f.webp?v=1783205459","","missing"
"gid://shopify/Product/8379407597757","Men's Ice Silk Fast-Dry Stretch Casual Pants","https://cdn.shopify.com/s/files/1/0778/3278/2013/files/Sa1eb34c508f24bfeab33edd50ffa1adev.webp?v=1783205459","","missing"
"gid://shopify/Product/8379407597757","Men's Ice Silk Fast-Dry Stretch Casual Pants","https://cdn.shopify.com/s/files/1/0778/3278/2013/files/Se83faf16cb204dbb8234f99ee91930a5i.webp?v=1783205460","","missing"
"gid://shopify/Product/8379407597757","Men's Ice Silk Fast-Dry Stretch Casual Pants","https://cdn.shopify.com/s/files/1/0778/3278/2013/files/S78f7ac1001224657ba4e319a2257feeau.webp?v=1783205460","","missing"
"gid://shopify/Product/8379407597757","Men's Ice Silk Fast-Dry Stretch Casual Pants","https://cdn.shopify.com/s/files/1/0778/3278/2013/files/S7b61822662e644149df28e6fa1e1325dF.webp?v=1783205460","","missing"
"gid://shopify/Product/8379407597757","Men's Ice Silk Fast-Dry Stretch Casual Pants","https://cdn.shopify.com/s/files/1/0778/3278/2013/files/Se9c2539598ff4583b338e8d44b7c379al.webp?v=1783205460","","missing"
"gid://shopify/Product/8379407597757","Men's Ice Silk Fast-Dry Stretch Casual Pants","https://cdn.shopify.com/s/files/1/0778/3278/2013/files/S0a4574661910483bb18e49f2ee71761cc.webp?v=1783205460","","missing"
"gid://shopify/Product/8379407597757","Men's Ice Silk Fast-Dry Stretch Casual Pants","https://cdn.shopify.com/s/files/1/0778/3278/2013/files/S835997517e7f4ff58fb8c98970fca2f78.webp?v=1783205459","","missing"
"gid://shopify/Product/8379407597757","Men's Ice Silk Fast-Dry Stretch Casual Pants","https://cdn.shopify.com/s/files/1/0778/3278/2013/files/S21242a4924be4533a021aa54576a2c681.webp?v=1783205459","","missing"
"gid://shopify/Product/8379407597757","Men's Ice Silk Fast-Dry Stretch Casual Pants","https://cdn.shopify.com/s/files/1/0778/3278/2013/files/S39d5c96ad1994d3e8af0871629bf1909i.webp?v=1783205460","","missing"
"gid://shopify/Product/8379407597757","Men's Ice Silk Fast-Dry Stretch Casual Pants","https://cdn.shopify.com/s/files/1/0778/3278/2013/files/Sd6f64777dd574cdcb7c6e3a6dbcf49feq.webp?v=1783205460","","missing"
"gid://shopify/Product/8379407597757","Men's Ice Silk Fast-Dry Stretch Casual Pants","https://cdn.shopify.com/s/files/1/0778/3278/2013/files/Sd776a040538f4d8eb1166f828433c6d1e.webp?v=1783205460","","missing"
"gid://shopify/Product/8379407597757","Men's Ice Silk Fast-Dry Stretch Casual Pants","https://cdn.shopify.com/s/files/1/0778/3278/2013/files/S68ab0e71f18b4bb5b7287fceb7379057X.webp?v=1783205459","","missing"
"gid://shopify/Product/8379407597757","Men's Ice Silk Fast-Dry Stretch Casual Pants","https://cdn.shopify.com/s/files/1/0778/3278/2013/files/S715955aaf71f468c8c25c0bbe0aba723T.webp?v=1783205460","","missing"
"gid://shopify/Product/8379407597757","Men's Ice Silk Fast-Dry Stretch Casual Pants","https://cdn.shopify.com/s/files/1/0778/3278/2013/files/Sf5517bee0777462a80df4b743f6fa04bu.webp?v=1783205459","","missing"
"gid://shopify/Product/8379407597757","Men's Ice Silk Fast-Dry Stretch Casual Pants","https://cdn.shopify.com/s/files/1/0778/3278/2013/files/S17dd969d41a94ca6ba33a67f6857580f0.webp?v=1783205459","","missing"
"gid://shopify/Product/8379407597757","Men's Ice Silk Fast-Dry Stretch Casual Pants","https://cdn.shopify.com/s/files/1/0778/3278/2013/files/S800282c9e031433da78f02efb50fadf1G.webp?v=1783205459","","missing"
"gid://shopify/Product/8379407597757","Men's Ice Silk Fast-Dry Stretch Casual Pants","https://cdn.shopify.com/s/files/1/0778/3278/2013/files/S213b421b1c464e9bb8c19fa2fd7d7b8dY.webp?v=1783205459","","missing"
"gid://shopify/Product/8379407597757","Men's Ice Silk Fast-Dry Stretch Casual Pants","https://cdn.shopify.com/s/files/1/0778/3278/2013/files/S8cc47de56dfc4c44aa138e2c30af0b50v.webp?v=1783205459","","missing"
"gid://shopify/Product/8379407597757","Men's Ice Silk Fast-Dry Stretch Casual Pants","https://cdn.shopify.com/s/files/1/0778/3278/2013/files/S00cf49f9ff28496cb781936691703e3aa.webp?v=1783205459","","missing"
"gid://shopify/Product/8379407630525","Men's 3-Piece Slim Fit Business & Wedding Suit","https://cdn.shopify.com/s/files/1/0778/3278/2013/files/Sc8157981f1b74d8aaadd7f97ed937e67r.webp?v=1783205461","","missing"
"gid://shopify/Product/8379407630525","Men's 3-Piece Slim Fit Business & Wedding Suit","https://cdn.shopify.com/s/files/1/0778/3278/2013/files/S1e449636725741a3a7d96647e8b73a5dm.webp?v=1783205461","","missing"
"gid://shopify/Product/8379407630525","Men's 3-Piece Slim Fit Business & Wedding Suit","https://cdn.shopify.com/s/files/1/0778/3278/2013/files/S91ac6e6d13184aa0bfbbfe06f4f7b29dl.webp?v=1783205461","","missing"
"gid://shopify/Product/8379407630525","Men's 3-Piece Slim Fit Business & Wedding Suit","https://cdn.shopify.com/s/files/1/0778/3278/2013/files/Sf8a58a05684f4bb2aef863f8e70ca22dT.webp?v=1783205461","","missing"
"gid://shopify/Product/8379407630525","Men's 3-Piece Slim Fit Business & Wedding Suit","https://cdn.shopify.com/s/files/1/0778/3278/2013/files/S841c4df09eba419f94ebc8d3321efdc97.webp?v=1783205460","","missing"
"gid://shopify/Product/8379407630525","Men's 3-Piece Slim Fit Business & Wedding Suit","https://cdn.shopify.com/s/files/1/0778/3278/2013/files/Sf09de5a2b4f04b6cab319cacf7c9523fl.webp?v=1783205461","","missing"
"gid://shopify/Product/8379407630525","Men's 3-Piece Slim Fit Business & Wedding Suit","https://cdn.shopify.com/s/files/1/0778/3278/2013/files/S5e7267191d20483da0a67b28d2fe2644U.webp?v=1783205461","","missing"
"gid://shopify/Product/8379407630525","Men's 3-Piece Slim Fit Business & Wedding Suit","https://cdn.shopify.com/s/files/1/0778/3278/2013/files/S80a2f0a851a649a194385c370792ea93b.webp?v=1783205461","","missing"
"gid://shopify/Product/8379407630525","Men's 3-Piece Slim Fit Business & Wedding Suit","https://cdn.shopify.com/s/files/1/0778/3278/2013/files/S6cdf3ed33b8c47dd9645ffe55cabd9bdH.webp?v=1783205461","","missing"
"gid://shopify/Product/8379407630525","Men's 3-Piece Slim Fit Business & Wedding Suit","https://cdn.shopify.com/s/files/1/0778/3278/2013/files/S3832a8a7cdc14c67b734cb21a33303e7c.webp?v=1783205461","","missing"
"gid://shopify/Product/8379407630525","Men's 3-Piece Slim Fit Business & Wedding Suit","https://cdn.shopify.com/s/files/1/0778/3278/2013/files/S099f655a92b1428b832bb7bf3608b3223.webp?v=1783205460","","missing"
"gid://shopify/Product/8379407630525","Men's 3-Piece Slim Fit Business & Wedding Suit","https://cdn.shopify.com/s/files/1/0778/3278/2013/files/S99a50ad96dc643b981fc0161c3d7be71u.webp?v=1783205461","","missing"
"gid://shopify/Product/8379407630525","Men's 3-Piece Slim Fit Business & Wedding Suit","https://cdn.shopify.com/s/files/1/0778/3278/2013/files/S0341c17c27f147a48736596e0bedd8e31.webp?v=1783205460","","missing"
"gid://shopify/Product/8379407630525","Men's 3-Piece Slim Fit Business & Wedding Suit","https://cdn.shopify.com/s/files/1/0778/3278/2013/files/Sc3cf37bbb0cd49deb597dbacabaa91f1c.webp?v=1783205460","","missing"
"gid://shopify/Product/8379407630525","Men's 3-Piece Slim Fit Business & Wedding Suit","https://cdn.shopify.com/s/files/1/0778/3278/2013/files/S6e7d3247a12542e4b87fd3675a8f0079j.webp?v=1783205460","","missing"
"gid://shopify/Product/8379407630525","Men's 3-Piece Slim Fit Business & Wedding Suit","https://cdn.shopify.com/s/files/1/0778/3278/2013/files/S5f4682d3e5db481f9f291fa5025bc1a3l.webp?v=1783205461","","missing"
"gid://shopify/Product/8379407663293","Men's Loose Fit Streetwear Jogger Trousers","https://cdn.shopify.com/s/files/1/0778/3278/2013/files/S183a4a9d2ae440179c68988201fd22f7e.webp?v=1783205461","","missing"
"gid://shopify/Product/8379407663293","Men's Loose Fit Streetwear Jogger Trousers","https://cdn.shopify.com/s/files/1/0778/3278/2013/files/Sc381f995b1ee4075b3bd276df61ccbc6R.webp?v=1783205461","","missing"
"gid://shopify/Product/8379407663293","Men's Loose Fit Streetwear Jogger Trousers","https://cdn.shopify.com/s/files/1/0778/3278/2013/files/Sb01cc102e53e4754907f8b0a1dbac1411.webp?v=1783205461","","missing"
"gid://shopify/Product/8379407663293","Men's Loose Fit Streetwear Jogger Trousers","https://cdn.shopify.com/s/files/1/0778/3278/2013/files/S768b2224830c4afd8f037c2573df04ccX.webp?v=1783205461","","missing"
"gid://shopify/Product/8379407663293","Men's Loose Fit Streetwear Jogger Trousers","https://cdn.shopify.com/s/files/1/0778/3278/2013/files/S5dea253a768c46bbb8d23962bfc5bbca8.webp?v=1783205461","","missing"
"gid://shopify/Product/8379407663293","Men's Loose Fit Streetwear Jogger Trousers","https://cdn.shopify.com/s/files/1/0778/3278/2013/files/Se2a07d4429504c22a64631ab41119e442.webp?v=1783205461","","missing"
"gid://shopify/Product/8379407663293","Men's Loose Fit Streetwear Jogger Trousers","https://cdn.shopify.com/s/files/1/0778/3278/2013/files/Se3fe6389c0c44910998caff2f57e5c5cz.webp?v=1783205461","","missing"
"gid://shopify/Product/8379407663293","Men's Loose Fit Streetwear Jogger Trousers","https://cdn.shopify.com/s/files/1/0778/3278/2013/files/S32fa374ce52a44458ed19bd51f33126cx.webp?v=1783205461","","missing"
"gid://shopify/Product/8379407663293","Men's Loose Fit Streetwear Jogger Trousers","https://cdn.shopify.com/s/files/1/0778/3278/2013/files/S98c04cf3468343cbb6e35633a203c81aC.webp?v=1783205460","","missing"
"gid://shopify/Product/8379407663293","Men's Loose Fit Streetwear Jogger Trousers","https://cdn.shopify.com/s/files/1/0778/3278/2013/files/S98f9ca00873e46a393c21c91f8017320J.webp?v=1783205460","","missing"
"gid://shopify/Product/8379407663293","Men's Loose Fit Streetwear Jogger Trousers","https://cdn.shopify.com/s/files/1/0778/3278/2013/files/Se9aeeb26b8ff4987930a4158125a5f45Y.webp?v=1783205461","","missing"
"gid://shopify/Product/8379407663293","Men's Loose Fit Streetwear Jogger Trousers","https://cdn.shopify.com/s/files/1/0778/3278/2013/files/S6540bc185a3947c8b6e23c70cf0ea6f79.webp?v=1783205461","","missing"
"gid://shopify/Product/8379407663293","Men's Loose Fit Streetwear Jogger Trousers","https://cdn.shopify.com/s/files/1/0778/3278/2013/files/Sd5dd74fb5be947fa9ee8d7386f3e13a34.webp?v=1783205461","","missing"
"gid://shopify/Product/8379407663293","Men's Loose Fit Streetwear Jogger Trousers","https://cdn.shopify.com/s/files/1/0778/3278/2013/files/S9f5183b8af864652806df32f66c043eb4.webp?v=1783205461","","missing"
"gid://shopify/Product/8379407663293","Men's Loose Fit Streetwear Jogger Trousers","https://cdn.shopify.com/s/files/1/0778/3278/2013/files/S98ab4175dc134ba9b51d30b6d054d33cE.webp?v=1783205461","","missing"
"gid://shopify/Product/8379407663293","Men's Loose Fit Streetwear Jogger Trousers","https://cdn.shopify.com/s/files/1/0778/3278/2013/files/S0e2817970d344ed1a86ec9cfe972a4a5A.webp?v=1783205461","","missing"
"gid://shopify/Product/8379407696061","Men's Korean Streetwear Wide Leg Jeans","https://cdn.shopify.com/s/files/1/0778/3278/2013/files/S3e6acbf691724d3d92621851f352b23eN.webp?v=1783205471","","missing"
"gid://shopify/Product/8379407696061","Men's Korean Streetwear Wide Leg Jeans","https://cdn.shopify.com/s/files/1/0778/3278/2013/files/S304e7c1090e5412895502e3019a9a592q.webp?v=1783205472","","missing"
"gid://shopify/Product/8379407696061","Men's Korean Streetwear Wide Leg Jeans","https://cdn.shopify.com/s/files/1/0778/3278/2013/files/Sf9f235c718f944778f1468eaae9d3da7Z.webp?v=1783205472","","missing"
"gid://shopify/Product/8379407696061","Men's Korean Streetwear Wide Leg Jeans","https://cdn.shopify.com/s/files/1/0778/3278/2013/files/Sac9c7eedb2e94e9cb0fcf267e4f0ec56i.webp?v=1783205472","","missing"
"gid://shopify/Product/8379407696061","Men's Korean Streetwear Wide Leg Jeans","https://cdn.shopify.com/s/files/1/0778/3278/2013/files/S509d22593c4c4af486351cc147339320u.webp?v=1783205472","","missing"
"gid://shopify/Product/8379407696061","Men's Korean Streetwear Wide Leg Jeans","https://cdn.shopify.com/s/files/1/0778/3278/2013/files/S208c9049a48742dba279b5be5c34162bL.webp?v=1783205472","","missing"
"gid://shopify/Product/8379407696061","Men's Korean Streetwear Wide Leg Jeans","https://cdn.shopify.com/s/files/1/0778/3278/2013/files/S321e2a81ce134ea09c45b451237aff2aS.webp?v=1783205471","","missing"
"gid://shopify/Product/8379407696061","Men's Korean Streetwear Wide Leg Jeans","https://cdn.shopify.com/s/files/1/0778/3278/2013/files/S3cd892237fb349bd815e2face2640797N.webp?v=1783205472","","missing"
"gid://shopify/Product/8379407696061","Men's Korean Streetwear Wide Leg Jeans","https://cdn.shopify.com/s/files/1/0778/3278/2013/files/S33b08ec0ccd24bf6878f82580c1e6900p.webp?v=1783205472","","missing"
"gid://shopify/Product/8379407696061","Men's Korean Streetwear Wide Leg Jeans","https://cdn.shopify.com/s/files/1/0778/3278/2013/files/S4725783833a34f47b350cec987a06f07v.webp?v=1783205471","","missing"
"gid://shopify/Product/8379407696061","Men's Korean Streetwear Wide Leg Jeans","https://cdn.shopify.com/s/files/1/0778/3278/2013/files/S3d148923788a42c6b3a39d2ed214bb1bv.webp?v=1783205472","","missing"
"gid://shopify/Product/8379407696061","Men's Korean Streetwear Wide Leg Jeans","https://cdn.shopify.com/s/files/1/0778/3278/2013/files/Sb761e93ab275414d8ba2780555d35750I.webp?v=1783205472","","missing"
"gid://shopify/Product/8379407696061","Men's Korean Streetwear Wide Leg Jeans","https://cdn.shopify.com/s/files/1/0778/3278/2013/files/S7138620545224b9896230327f651c081a.webp?v=1783205472","","missing"
"gid://shopify/Product/8379407696061","Men's Korean Streetwear Wide Leg Jeans","https://cdn.shopify.com/s/files/1/0778/3278/2013/files/S7dbf11e29b1d474ca1ae3a8c6d43e2e2x.webp?v=1783205472","","missing"
"gid://shopify/Product/8379407696061","Men's Korean Streetwear Wide Leg Jeans","https://cdn.shopify.com/s/files/1/0778/3278/2013/files/Sd72017c9a0634e399677d28f09477373E.webp?v=1783205472","","missing"
"gid://shopify/Product/8379407696061","Men's Korean Streetwear Wide Leg Jeans","https://cdn.shopify.com/s/files/1/0778/3278/2013/files/S2ce112854f1b4d00a4371de6c67f8437W.webp?v=1783205472","","missing"
"gid://shopify/Product/8379407696061","Men's Korean Streetwear Wide Leg Jeans","https://cdn.shopify.com/s/files/1/0778/3278/2013/files/S495317fe873d4e61956b4aa9ce7e202cN.webp?v=1783205472","","missing"
"gid://shopify/Product/8379407696061","Men's Korean Streetwear Wide Leg Jeans","https://cdn.shopify.com/s/files/1/0778/3278/2013/files/S5b8ab7bc2e7545a0aa1c48aecd62f6eeD.webp?v=1783205472","","missing"
"gid://shopify/Product/8379407696061","Men's Korean Streetwear Wide Leg Jeans","https://cdn.shopify.com/s/files/1/0778/3278/2013/files/S9405abdcdfd5469d85cd1c3b6123abc4m.webp?v=1783205472","","missing"
"gid://shopify/Product/8379407696061","Men's Korean Streetwear Wide Leg Jeans","https://cdn.shopify.com/s/files/1/0778/3278/2013/files/Sd4fcf0d011ba41b8b73e93859faa942aN.webp?v=1783205472","","missing"
"gid://shopify/Product/8379407696061","Men's Korean Streetwear Wide Leg Jeans","https://cdn.shopify.com/s/files/1/0778/3278/2013/files/S915d72939f80412ca34fd218451579251.webp?v=1783205472","","missing"
"gid://shopify/Product/8379407696061","Men's Korean Streetwear Wide Leg Jeans","https://cdn.shopify.com/s/files/1/0778/3278/2013/files/S8be5f3b512d64afc9a9716e1d8ec38399.webp?v=1783205472","","missing"
"gid://shopify/Product/8379407696061","Men's Korean Streetwear Wide Leg Jeans","https://cdn.shopify.com/s/files/1/0778/3278/2013/files/S50dfd7e93d16495e804adefaafc9cd73B.webp?v=1783205471","","missing"
"gid://shopify/Product/8379407696061","Men's Korean Streetwear Wide Leg Jeans","https://cdn.shopify.com/s/files/1/0778/3278/2013/files/Sca35f54cd6504bedaaa7b56b028a0f66v.webp?v=1783205472","","missing"
"gid://shopify/Product/8379407696061","Men's Korean Streetwear Wide Leg Jeans","https://cdn.shopify.com/s/files/1/0778/3278/2013/files/S0b5733d578c142b094a67eb7b40cfa9aH.webp?v=1783205472","","missing"
"gid://shopify/Product/8379407696061","Men's Korean Streetwear Wide Leg Jeans","https://cdn.shopify.com/s/files/1/0778/3278/2013/files/S95ebec307b1947f1af911d8d2d66b5a4h.webp?v=1783205472","","missing"
"gid://shopify/Product/8379407696061","Men's Korean Streetwear Wide Leg Jeans","https://cdn.shopify.com/s/files/1/0778/3278/2013/files/Sd831df208cbe40b8b90649ac52eb572dD.webp?v=1783205472","","missing"
"gid://shopify/Product/8379407728829","Men's Slim-Fit Elastic Waist Jogger Pants","https://cdn.shopify.com/s/files/1/0778/3278/2013/files/S298a9e271b5347b8a9855b84f0166a42y.webp?v=1783205473","","missing"
"gid://shopify/Product/8379407728829","Men's Slim-Fit Elastic Waist Jogger Pants","https://cdn.shopify.com/s/files/1/0778/3278/2013/files/Sf7933ada9e79485089d8d078bf8ce6bbC.webp?v=1783205473","","missing"
"gid://shopify/Product/8379407728829","Men's Slim-Fit Elastic Waist Jogger Pants","https://cdn.shopify.com/s/files/1/0778/3278/2013/files/S71d18ec14337409ab2807f5f0e155613f.webp?v=1783205473","","missing"
"gid://shopify/Product/8379407728829","Men's Slim-Fit Elastic Waist Jogger Pants","https://cdn.shopify.com/s/files/1/0778/3278/2013/files/S72e0064cdab94d41af30f55f5a8a9090j.webp?v=1783205473","","missing"
"gid://shopify/Product/8379407728829","Men's Slim-Fit Elastic Waist Jogger Pants","https://cdn.shopify.com/s/files/1/0778/3278/2013/files/S83d60815f48145078cce5caaeecb0f59i.webp?v=1783205473","","missing"
"gid://shopify/Product/8379407728829","Men's Slim-Fit Elastic Waist Jogger Pants","https://cdn.shopify.com/s/files/1/0778/3278/2013/files/S0a49cf2707bf47478f0b446330a73bc86.webp?v=1783205473","","missing"
"gid://shopify/Product/8379407728829","Men's Slim-Fit Elastic Waist Jogger Pants","https://cdn.shopify.com/s/files/1/0778/3278/2013/files/S45738967d42945689be42b8c672092e0f.webp?v=1783205473","","missing"
"gid://shopify/Product/8379407728829","Men's Slim-Fit Elastic Waist Jogger Pants","https://cdn.shopify.com/s/files/1/0778/3278/2013/files/S0e294da98b494fdb8989ca0d0b7b29ecf.webp?v=1783205473","","missing"
"gid://shopify/Product/8379407728829","Men's Slim-Fit Elastic Waist Jogger Pants","https://cdn.shopify.com/s/files/1/0778/3278/2013/files/S44b985c9c8a246a698722df056e3f261c.webp?v=1783205473","","missing"
"gid://shopify/Product/8379407728829","Men's Slim-Fit Elastic Waist Jogger Pants","https://cdn.shopify.com/s/files/1/0778/3278/2013/files/S2172da29a4114b7caa7d33894bbaeca7r.webp?v=1783205473","","missing"
"gid://shopify/Product/8379407728829","Men's Slim-Fit Elastic Waist Jogger Pants","https://cdn.shopify.com/s/files/1/0778/3278/2013/files/S3cada3f5342b4e6f8ade1401c31c2b60x.webp?v=1783205473","","missing"
"gid://shopify/Product/8379407728829","Men's Slim-Fit Elastic Waist Jogger Pants","https://cdn.shopify.com/s/files/1/0778/3278/2013/files/Sa76144b0416040bca29cd6e9e48f0852V.webp?v=1783205473","","missing"
"gid://shopify/Product/8447131582653","Elegant Women's V-Neck Ruffle Blouse with Tie Waist, Lantern Sleeves Long Sleeve Top","https://cdn.shopify.com/s/files/1/0778/3278/2013/files/D9763F5741E969C44235C64104C4B1AB.jpg?v=1786572954","","missing"
"gid://shopify/Product/8447131582653","Elegant Women's V-Neck Ruffle Blouse with Tie Waist, Lantern Sleeves Long Sleeve Top","https://cdn.shopify.com/s/files/1/0778/3278/2013/files/33FA9314E280BD7980D189CBE5370EA4.jpg?v=1786572957","","missing"
"gid://shopify/Product/8447131582653","Elegant Women's V-Neck Ruffle Blouse with Tie Waist, Lantern Sleeves Long Sleeve Top","https://cdn.shopify.com/s/files/1/0778/3278/2013/files/6BEA771EE93110665E3DFE891230781E.jpg?v=1786572960","","missing"
"gid://shopify/Product/8447131582653","Elegant Women's V-Neck Ruffle Blouse with Tie Waist, Lantern Sleeves Long Sleeve Top","https://cdn.shopify.com/s/files/1/0778/3278/2013/files/B24035047CF294746DFC11231A2C38AD.jpg?v=1786572963","","missing"
"gid://shopify/Product/8447131582653","Elegant Women's V-Neck Ruffle Blouse with Tie Waist, Lantern Sleeves Long Sleeve Top","https://cdn.shopify.com/s/files/1/0778/3278/2013/files/ADCDE0C121252FDC87C593559115C4CF.jpg?v=1786572967","","missing"
"gid://shopify/Product/8447131582653","Elegant Women's V-Neck Ruffle Blouse with Tie Waist, Lantern Sleeves Long Sleeve Top","https://cdn.shopify.com/s/files/1/0778/3278/2013/files/D697ADA0BD4BEF938E6DB0AB32B60DBA.jpg?v=1786572969","","missing"
"gid://shopify/Product/8447131582653","Elegant Women's V-Neck Ruffle Blouse with Tie Waist, Lantern Sleeves Long Sleeve Top","https://cdn.shopify.com/s/files/1/0778/3278/2013/files/133C10E50E8EA21E2FFC1090636FD032.jpg?v=1786572972","","missing"
"gid://shopify/Product/8447131582653","Elegant Women's V-Neck Ruffle Blouse with Tie Waist, Lantern Sleeves Long Sleeve Top","https://cdn.shopify.com/s/files/1/0778/3278/2013/files/B203746CDF059A0A85B13C21D054535A.jpg?v=1786572975","","missing"
"gid://shopify/Product/8447131582653","Elegant Women's V-Neck Ruffle Blouse with Tie Waist, Lantern Sleeves Long Sleeve Top","https://cdn.shopify.com/s/files/1/0778/3278/2013/files/BEB41020B39E6E1A02EF15B017A85518.jpg?v=1786572979","","missing"
"gid://shopify/Product/8447131582653","Elegant Women's V-Neck Ruffle Blouse with Tie Waist, Lantern Sleeves Long Sleeve Top","https://cdn.shopify.com/s/files/1/0778/3278/2013/files/260A656D266512B5DD8CAE3845D4CF1A.jpg?v=1786572982","","missing"
"gid://shopify/Product/8447131582653","Elegant Women's V-Neck Ruffle Blouse with Tie Waist, Lantern Sleeves Long Sleeve Top","https://cdn.shopify.com/s/files/1/0778/3278/2013/files/CBCD001F0933AE679BB6A79980E512DA.jpg?v=1786572984","","missing"
"gid://shopify/Product/8447155830973","Fashionable Pink Floral Round Neck Sleeveless Vest Dress for Women Casual Summer Style","https://cdn.shopify.com/s/files/1/0778/3278/2013/files/0D7F44254350A7C7C10ADEAA9FF89D35.jpg?v=1786573634","","missing"
"gid://shopify/Product/8447155830973","Fashionable Pink Floral Round Neck Sleeveless Vest Dress for Women Casual Summer Style","https://cdn.shopify.com/s/files/1/0778/3278/2013/files/184313275B49E01F1692F2F0DC2D1418.jpg?v=1786573638","","missing"
"gid://shopify/Product/8447155830973","Fashionable Pink Floral Round Neck Sleeveless Vest Dress for Women Casual Summer Style","https://cdn.shopify.com/s/files/1/0778/3278/2013/files/1D54492C28E3FC0BC9D3BA20376473FE.jpg?v=1786573641","","missing"
"gid://shopify/Product/8447155830973","Fashionable Pink Floral Round Neck Sleeveless Vest Dress for Women Casual Summer Style","https://cdn.shopify.com/s/files/1/0778/3278/2013/files/BF3811687BA5743ED799424D08446210.jpg?v=1786573643","","missing"
"gid://shopify/Product/8447155830973","Fashionable Pink Floral Round Neck Sleeveless Vest Dress for Women Casual Summer Style","https://cdn.shopify.com/s/files/1/0778/3278/2013/files/B46F60607F5EC0587D9642FCA3752479.jpg?v=1786573646","","missing"
"gid://shopify/Product/8447155830973","Fashionable Pink Floral Round Neck Sleeveless Vest Dress for Women Casual Summer Style","https://cdn.shopify.com/s/files/1/0778/3278/2013/files/F79128E71D0F2DC27909F16B42CC3FA4.jpg?v=1786573648","","missing"
"gid://shopify/Product/8447155830973","Fashionable Pink Floral Round Neck Sleeveless Vest Dress for Women Casual Summer Style","https://cdn.shopify.com/s/files/1/0778/3278/2013/files/D8F597623226448356BC393CA207514C.jpg?v=1786573650","","missing"
"gid://shopify/Product/8447155830973","Fashionable Pink Floral Round Neck Sleeveless Vest Dress for Women Casual Summer Style","https://cdn.shopify.com/s/files/1/0778/3278/2013/files/624FB837F106FDBA4169F896F380F5CD.jpg?v=1786573657","","missing"
"gid://shopify/Product/8447160942781","Motorcycle Balaclava Full Face Mask Skull Print Motorbike Full Face Mask Windproof Skiing Head Neck Warmer Bicycle Helmet Liner","https://cdn.shopify.com/s/files/1/0778/3278/2013/files/EEEECB764054BEA8DBC4863BE4F2DC25.png?v=1786573785","","missing"
"gid://shopify/Product/8447160942781","Motorcycle Balaclava Full Face Mask Skull Print Motorbike Full Face Mask Windproof Skiing Head Neck Warmer Bicycle Helmet Liner","https://cdn.shopify.com/s/files/1/0778/3278/2013/files/7448B26E9BEFD12ECE0EEBC79B9633B2.png?v=1786573787","","missing"
"gid://shopify/Product/8447160942781","Motorcycle Balaclava Full Face Mask Skull Print Motorbike Full Face Mask Windproof Skiing Head Neck Warmer Bicycle Helmet Liner","https://cdn.shopify.com/s/files/1/0778/3278/2013/files/DF6CDC36CAE68DD05F7425E69AE09AAC.png?v=1786573789","","missing"
"gid://shopify/Product/8447160942781","Motorcycle Balaclava Full Face Mask Skull Print Motorbike Full Face Mask Windproof Skiing Head Neck Warmer Bicycle Helmet Liner","https://cdn.shopify.com/s/files/1/0778/3278/2013/files/35645CBC00996B065E1FD2F7745975F2.png?v=1786573791","","missing"
"gid://shopify/Product/8447160942781","Motorcycle Balaclava Full Face Mask Skull Print Motorbike Full Face Mask Windproof Skiing Head Neck Warmer Bicycle Helmet Liner","https://cdn.shopify.com/s/files/1/0778/3278/2013/files/53498D7BF199C4FA58F74A4A66DDE009.png?v=1786573792","","missing"
"gid://shopify/Product/8447160942781","Motorcycle Balaclava Full Face Mask Skull Print Motorbike Full Face Mask Windproof Skiing Head Neck Warmer Bicycle Helmet Liner","https://cdn.shopify.com/s/files/1/0778/3278/2013/files/03C5813029BCEF86A8A6E867C0E15325.png?v=1786573794","","missing"
"gid://shopify/Product/8447161041085","Original Fluffy Cat Ear Hat Lolita Spiky Star Braided Hair Hat Autumn Winter Warmth Subculture Y2K Headwear","https://cdn.shopify.com/s/files/1/0778/3278/2013/files/8408E9579B464FED5097729892E4D2F6.jpg?v=1786573789","","missing"
"gid://shopify/Product/8447161041085","Original Fluffy Cat Ear Hat Lolita Spiky Star Braided Hair Hat Autumn Winter Warmth Subculture Y2K Headwear","https://cdn.shopify.com/s/files/1/0778/3278/2013/files/DE102B71DCD2C4C5B8E4E21CCE35B34D.jpg?v=1786573791","","missing"
"gid://shopify/Product/8447161041085","Original Fluffy Cat Ear Hat Lolita Spiky Star Braided Hair Hat Autumn Winter Warmth Subculture Y2K Headwear","https://cdn.shopify.com/s/files/1/0778/3278/2013/files/7220C4B7C034B275FABB38F18914F849.jpg?v=1786573793","","missing"
"gid://shopify/Product/8447161041085","Original Fluffy Cat Ear Hat Lolita Spiky Star Braided Hair Hat Autumn Winter Warmth Subculture Y2K Headwear","https://cdn.shopify.com/s/files/1/0778/3278/2013/files/24E9FE2E93C91DA1146FFA4688713CD1.jpg?v=1786573795","","missing"
"gid://shopify/Product/8447161041085","Original Fluffy Cat Ear Hat Lolita Spiky Star Braided Hair Hat Autumn Winter Warmth Subculture Y2K Headwear","https://cdn.shopify.com/s/files/1/0778/3278/2013/files/A23EC503B7F09B51AFF89A60921389F7.jpg?v=1786573797","","missing"
"gid://shopify/Product/8447161041085","Original Fluffy Cat Ear Hat Lolita Spiky Star Braided Hair Hat Autumn Winter Warmth Subculture Y2K Headwear","https://cdn.shopify.com/s/files/1/0778/3278/2013/files/E8BE132AB8A5D994AAD5EFD5979C8E29.jpg?v=1786573800","","missing"
"gid://shopify/Product/8447161041085","Original Fluffy Cat Ear Hat Lolita Spiky Star Braided Hair Hat Autumn Winter Warmth Subculture Y2K Headwear","https://cdn.shopify.com/s/files/1/0778/3278/2013/files/B50F5A924860890A183B62A9C3909F0D.jpg?v=1786573803","","missing"
"gid://shopify/Product/8447161041085","Original Fluffy Cat Ear Hat Lolita Spiky Star Braided Hair Hat Autumn Winter Warmth Subculture Y2K Headwear","https://cdn.shopify.com/s/files/1/0778/3278/2013/files/D0243A1DBD557E938BD9B4A18548B4D0.jpg?v=1786573805","","missing"
"gid://shopify/Product/8447282905277","Go Love Joy Half-Finger Fitness & Cycling Gloves","https://cdn.shopify.com/s/files/1/0778/3278/2013/files/5181493579086499018_120_026d672d-1db1-4143-8d20-58558105681b.jpg?v=1787182409","Go Love Joy Half-Finger Fitness & Cycling Gloves","good"
"gid://shopify/Product/8447282905277","Go Love Joy Half-Finger Fitness & Cycling Gloves","https://cdn.shopify.com/s/files/1/0778/3278/2013/files/5181493579086499019_120_47450903-7b84-4ec8-a1cd-089c294fb993.jpg?v=1787182413","Go Love Joy Half-Finger Fitness & Cycling Gloves","good"
"gid://shopify/Product/8447282905277","Go Love Joy Half-Finger Fitness & Cycling Gloves","https://cdn.shopify.com/s/files/1/0778/3278/2013/files/5181493579086499018_120_03160101-fb03-47ad-a96a-c3060bb142b1.jpg?v=1787182418","Go Love Joy Half-Finger Fitness & Cycling Gloves","good"
"gid://shopify/Product/8447282905277","Go Love Joy Half-Finger Fitness & Cycling Gloves","https://cdn.shopify.com/s/files/1/0778/3278/2013/files/5181493579086499023_121_96d4ad51-065f-436d-b00f-f4416b3b3fd6.jpg?v=1787182424","Go Love Joy Half-Finger Fitness & Cycling Gloves","good"
"gid://shopify/Product/8447282905277","Go Love Joy Half-Finger Fitness & Cycling Gloves","https://cdn.shopify.com/s/files/1/0778/3278/2013/files/5181493579086499022_120_bd4c33ab-68e5-4691-8e76-ce2b1c50933e.jpg?v=1787182429","Go Love Joy Half-Finger Fitness & Cycling Gloves","good"
"gid://shopify/Product/8447296110781","Cream Textured Tie-Front Crop Top & Mini Skirt Set","https://cdn.shopify.com/s/files/1/0778/3278/2013/files/5181493579086499037_120_a7847a72-452f-4477-b244-eeaa1a7bbb13.jpg?v=1786577359","Go Love Joy fitness gloves additional view","good"
"gid://shopify/Product/8447296110781","Cream Textured Tie-Front Crop Top & Mini Skirt Set","https://cdn.shopify.com/s/files/1/0778/3278/2013/files/5181493579086499038_120_9a69c6a8-8a73-4f6a-8217-5e64298559d1.jpg?v=1786576773","","missing"
"gid://shopify/Product/8447296110781","Cream Textured Tie-Front Crop Top & Mini Skirt Set","https://cdn.shopify.com/s/files/1/0778/3278/2013/files/5181493579086499039_120_c4f8bc78-cc21-4a3c-a1f2-e8080d3416f0.jpg?v=1786576745","","missing"
"gid://shopify/Product/8447296110781","Cream Textured Tie-Front Crop Top & Mini Skirt Set","https://cdn.shopify.com/s/files/1/0778/3278/2013/files/5181493579086499033_120_b7acf015-d29c-45a3-8dad-a378c18a4931.jpg?v=1786576772","","missing"
"gid://shopify/Product/8447296110781","Cream Textured Tie-Front Crop Top & Mini Skirt Set","https://cdn.shopify.com/s/files/1/0778/3278/2013/files/5181493579086499037_120_d9cee0bd-26f6-4fe0-a166-a35402c8c27a.jpg?v=1786576772","","missing"
"gid://shopify/Product/8447296110781","Cream Textured Tie-Front Crop Top & Mini Skirt Set","https://cdn.shopify.com/s/files/1/0778/3278/2013/files/5181493579086499037_120_a16721d1-a24b-49a5-81d8-5663120d05fc.jpg?v=1786577864","Cream textured tie-front crop top and mini skirt two-piece set worn outdoors","good"
"gid://shopify/Product/8448529137853","Fashionable New Printed Loose-fitting Women's Top","https://cdn.shopify.com/s/files/1/0778/3278/2013/files/36a9a4f0-3ba8-4536-9fc7-4c04dee9383b.jpg?v=1786625234","182c6642de6dbe7617b97c513ff71768","good"
"gid://shopify/Product/8448529137853","Fashionable New Printed Loose-fitting Women's Top","https://cdn.shopify.com/s/files/1/0778/3278/2013/files/4abac123-e568-46d0-98a1-51c28c6037d2.jpg?v=1786625234","4326294046aff816910aaf435304b512","good"
"gid://shopify/Product/8448529137853","Fashionable New Printed Loose-fitting Women's Top","https://cdn.shopify.com/s/files/1/0778/3278/2013/files/f72e8976-7a19-4978-85dd-67752a43e4f7.jpg?v=1786625235","44b19ccfe04c1fa8de4d38ce0c9b1666","good"
"gid://shopify/Product/8448529137853","Fashionable New Printed Loose-fitting Women's Top","https://cdn.shopify.com/s/files/1/0778/3278/2013/files/0f73cebe-906e-4c92-a331-db945674bad7.jpg?v=1786625235","8d8371580ef0c178cb8a96ae7ae0db1a","good"
"gid://shopify/Product/8448529137853","Fashionable New Printed Loose-fitting Women's Top","https://cdn.shopify.com/s/files/1/0778/3278/2013/files/7252aa3e-e3ba-46c2-bbb4-79a7b467e612.jpg?v=1786625235","13d787258d3195343de556946decf58b","good"
"gid://shopify/Product/8448529137853","Fashionable New Printed Loose-fitting Women's Top","https://cdn.shopify.com/s/files/1/0778/3278/2013/files/24cac62e-d06e-4465-932b-fadbe35e2b44.jpg?v=1786625235","a6348531954a8a1b015ca3df9a25f63b","good"
"gid://shopify/Product/8448553681085","Round Neck Solid Color Long Sleeve T-Shirt","https://cdn.shopify.com/s/files/1/0778/3278/2013/files/1653847890120.jpg?v=1787229485","Round Neck Solid Color Long Sleeve T-Shirt","good"
"gid://shopify/Product/8448553681085","Round Neck Solid Color Long Sleeve T-Shirt","https://cdn.shopify.com/s/files/1/0778/3278/2013/files/6661291152559.jpg?v=1787229490","Round Neck Solid Color Long Sleeve T-Shirt","good"
"gid://shopify/Product/8448553681085","Round Neck Solid Color Long Sleeve T-Shirt","https://cdn.shopify.com/s/files/1/0778/3278/2013/files/662992025756.jpg?v=1787229496","Round Neck Solid Color Long Sleeve T-Shirt","good"
"gid://shopify/Product/8448553681085","Round Neck Solid Color Long Sleeve T-Shirt","https://cdn.shopify.com/s/files/1/0778/3278/2013/files/1554040781648.jpg?v=1787229501","Round Neck Solid Color Long Sleeve T-Shirt","good"
"gid://shopify/Product/8448553681085","Round Neck Solid Color Long Sleeve T-Shirt","https://cdn.shopify.com/s/files/1/0778/3278/2013/files/2012858395106.jpg?v=1787229505","Round Neck Solid Color Long Sleeve T-Shirt","good"
"gid://shopify/Product/8448553681085","Round Neck Solid Color Long Sleeve T-Shirt","https://cdn.shopify.com/s/files/1/0778/3278/2013/files/5766572254114.jpg?v=1786625932","589f01e97fec438db8713716d8a392a4","good"
"gid://shopify/Product/8448553681085","Round Neck Solid Color Long Sleeve T-Shirt","https://cdn.shopify.com/s/files/1/0778/3278/2013/files/32835734094421.jpg?v=1786625931","6042c13447948d59dd38a46341efc79","good"
"gid://shopify/Product/8448553681085","Round Neck Solid Color Long Sleeve T-Shirt","https://cdn.shopify.com/s/files/1/0778/3278/2013/files/2280256876541.jpg?v=1786625932","6405496f714eeec00f7c640631d19408","good"
"gid://shopify/Product/8448553681085","Round Neck Solid Color Long Sleeve T-Shirt","https://cdn.shopify.com/s/files/1/0778/3278/2013/files/2947102727448.jpg?v=1786625932","6182ff42117fd0e42e78273da3dea46a","good"
"gid://shopify/Product/8448553681085","Round Neck Solid Color Long Sleeve T-Shirt","https://cdn.shopify.com/s/files/1/0778/3278/2013/files/679204358648.jpg?v=1786625932","89f9070bbf294bf69d43d9d20a2b0c1d","good"
"gid://shopify/Product/8448553681085","Round Neck Solid Color Long Sleeve T-Shirt","https://cdn.shopify.com/s/files/1/0778/3278/2013/files/1831470255827.jpg?v=1786625932","9ffd9be0d302da814554caba23502460","good"
"gid://shopify/Product/8448553681085","Round Neck Solid Color Long Sleeve T-Shirt","https://cdn.shopify.com/s/files/1/0778/3278/2013/files/7671535099039.jpg?v=1786625932","9afc3ac91ce36cefad19968d6e083be5","good"
"gid://shopify/Product/8448553681085","Round Neck Solid Color Long Sleeve T-Shirt","https://cdn.shopify.com/s/files/1/0778/3278/2013/files/4048507013920.jpg?v=1786625932","53a1689afddb388c81e08221aa579d22","good"
"gid://shopify/Product/8448553681085","Round Neck Solid Color Long Sleeve T-Shirt","https://cdn.shopify.com/s/files/1/0778/3278/2013/files/1621491731986.jpg?v=1786625932","cf49773e81d616bd7a07a9a10c3059a5","good"
"gid://shopify/Product/8448553681085","Round Neck Solid Color Long Sleeve T-Shirt","https://cdn.shopify.com/s/files/1/0778/3278/2013/files/39789e89-260b-423e-9850-76386e61d09e.jpg?v=1786625932","71fb48037c18f74582a98e919ff9b516","good"
"gid://shopify/Product/8448553681085","Round Neck Solid Color Long Sleeve T-Shirt","https://cdn.shopify.com/s/files/1/0778/3278/2013/files/8403054797985.jpg?v=1786625932","fbd624dfbafbc3ad9eaf5ebd7c4b2266","good"
"gid://shopify/Product/8448553681085","Round Neck Solid Color Long Sleeve T-Shirt","https://cdn.shopify.com/s/files/1/0778/3278/2013/files/56560823525931.jpg?v=1786625932","75730103ec59f14769e7f077b2c8ea16","good"
"gid://shopify/Product/8448553681085","Round Neck Solid Color Long Sleeve T-Shirt","https://cdn.shopify.com/s/files/1/0778/3278/2013/files/803074814499.jpg?v=1786625932","db1ccdc30c0fe26e36cf29dc429fbead","good"
"gid://shopify/Product/8448553681085","Round Neck Solid Color Long Sleeve T-Shirt","https://cdn.shopify.com/s/files/1/0778/3278/2013/files/2386594875057.jpg?v=1786625932","2413154aa330065fbc161f8ff54e64fc","good"
"gid://shopify/Product/8448553681085","Round Neck Solid Color Long Sleeve T-Shirt","https://cdn.shopify.com/s/files/1/0778/3278/2013/files/78248592854.jpg?v=1786625932","ad645e577c99910523586bbb811a9060","good"
"gid://shopify/Product/8448553681085","Round Neck Solid Color Long Sleeve T-Shirt","https://cdn.shopify.com/s/files/1/0778/3278/2013/files/806579565301.jpg?v=1786625932","c5ea6c55ba11a94296419f593a008125","good"
"gid://shopify/Product/8448554631357","Pure color all-match pants","https://cdn.shopify.com/s/files/1/0778/3278/2013/files/7442856823212.jpg?v=1787230809","Pure color all-match pants","good"
"gid://shopify/Product/8448554631357","Pure color all-match pants","https://cdn.shopify.com/s/files/1/0778/3278/2013/files/4393885864206.jpg?v=1787230814","Pure color all-match pants","good"
"gid://shopify/Product/8448554631357","Pure color all-match pants","https://cdn.shopify.com/s/files/1/0778/3278/2013/files/2520766155865.jpg?v=1787230819","Pure color all-match pants","good"
"gid://shopify/Product/8448554631357","Pure color all-match pants","https://cdn.shopify.com/s/files/1/0778/3278/2013/files/5992816067176.jpg?v=1787230825","Pure color all-match pants","good"
"gid://shopify/Product/8448554631357","Pure color all-match pants","https://cdn.shopify.com/s/files/1/0778/3278/2013/files/1169448614745.jpg?v=1787230830","Pure color all-match pants","good"
"gid://shopify/Product/8448556040381","Cross Border Multi-color Solid Color 3D Printing Digital Printing Hooded Sweater Brown Lining Cotton-padded Jacket","https://cdn.shopify.com/s/files/1/0778/3278/2013/files/e7405099-cada-4779-be99-4b4b7a00ab83.jpg?v=1787230827","Cross Border Multi-color Solid Color 3D Printing Digital Printing Hooded Sweater Brown Lining Cotton-padded Jacket","good"
"gid://shopify/Product/8448556040381","Cross Border Multi-color Solid Color 3D Printing Digital Printing Hooded Sweater Brown Lining Cotton-padded Jacket","https://cdn.shopify.com/s/files/1/0778/3278/2013/files/0b7c6cf2-b350-484e-b0da-2c74446532cb.jpg?v=1787230840","Cross Border Multi-color Solid Color 3D Printing Digital Printing Hooded Sweater Brown Lining Cotton-padded Jacket","good"
"gid://shopify/Product/8448556040381","Cross Border Multi-color Solid Color 3D Printing Digital Printing Hooded Sweater Brown Lining Cotton-padded Jacket","https://cdn.shopify.com/s/files/1/0778/3278/2013/files/88661f37-9763-4805-83ca-dd3ca73fdda9.jpg?v=1787230838","Cross Border Multi-color Solid Color 3D Printing Digital Printing Hooded Sweater Brown Lining Cotton-padded Jacket","good"
"gid://shopify/Product/8448556040381","Cross Border Multi-color Solid Color 3D Printing Digital Printing Hooded Sweater Brown Lining Cotton-padded Jacket","https://cdn.shopify.com/s/files/1/0778/3278/2013/files/9704a9b4-4b8a-4699-bd55-364392aef025.jpg?v=1787230843","Cross Border Multi-color Solid Color 3D Printing Digital Printing Hooded Sweater Brown Lining Cotton-padded Jacket","good"
"gid://shopify/Product/8448556040381","Cross Border Multi-color Solid Color 3D Printing Digital Printing Hooded Sweater Brown Lining Cotton-padded Jacket","https://cdn.shopify.com/s/files/1/0778/3278/2013/files/cb7b84d0-5fa1-451c-a4d9-616da05d966b.jpg?v=1787230848","Cross Border Multi-color Solid Color 3D Printing Digital Printing Hooded Sweater Brown Lining Cotton-padded Jacket","good"
"gid://shopify/Product/8448556040381","Cross Border Multi-color Solid Color 3D Printing Digital Printing Hooded Sweater Brown Lining Cotton-padded Jacket","https://cdn.shopify.com/s/files/1/0778/3278/2013/files/41999b7a-dc6c-40eb-99c0-564af6a8fdbf.jpg?v=1786625992","ea96a5fc894248a08efb14621c509496","good"
"gid://shopify/Product/8448556040381","Cross Border Multi-color Solid Color 3D Printing Digital Printing Hooded Sweater Brown Lining Cotton-padded Jacket","https://cdn.shopify.com/s/files/1/0778/3278/2013/files/f6ad8005-3215-4bd2-8074-a2912dbe06b8.jpg?v=1786625992","36835feec8ebaaec9fe6bf1f82e322b2","good"
"gid://shopify/Product/8448556040381","Cross Border Multi-color Solid Color 3D Printing Digital Printing Hooded Sweater Brown Lining Cotton-padded Jacket","https://cdn.shopify.com/s/files/1/0778/3278/2013/files/edbed1e8-8d92-46b0-b0ac-9c0b75256806.jpg?v=1786625992","64c9e5d060972ba1e0f11843a25661b","good"
"gid://shopify/Product/8448556040381","Cross Border Multi-color Solid Color 3D Printing Digital Printing Hooded Sweater Brown Lining Cotton-padded Jacket","https://cdn.shopify.com/s/files/1/0778/3278/2013/files/354c76bf-6dc3-4f0a-a2f3-c6b4221f8d6d.jpg?v=1786625992","9dca1471c5a6bcfad990447be48a09e8","good"
"gid://shopify/Product/8448556040381","Cross Border Multi-color Solid Color 3D Printing Digital Printing Hooded Sweater Brown Lining Cotton-padded Jacket","https://cdn.shopify.com/s/files/1/0778/3278/2013/files/e0f7407e-02fc-4f72-8629-896bd8150364.jpg?v=1786625992","d064137b0bca0760134cd6e7b182142e","good"
"gid://shopify/Product/8448556040381","Cross Border Multi-color Solid Color 3D Printing Digital Printing Hooded Sweater Brown Lining Cotton-padded Jacket","https://cdn.shopify.com/s/files/1/0778/3278/2013/files/61e1a377-420e-4e47-9963-9d10b7dbdba4.jpg?v=1786625992","83b13f53f8ba28703571334b6b3b35d3","good"
"gid://shopify/Product/8448556040381","Cross Border Multi-color Solid Color 3D Printing Digital Printing Hooded Sweater Brown Lining Cotton-padded Jacket","https://cdn.shopify.com/s/files/1/0778/3278/2013/files/e18efd01-975a-4152-a018-953ab72a77d1.jpg?v=1786625992","f9423c48a3e099e278a58328f2c52a74","good"
"gid://shopify/Product/8448557514941","Men's Fashion Straight Casual Pants","https://cdn.shopify.com/s/files/1/0778/3278/2013/files/bde9ff35-8254-4157-b623-60965bc6aa9b.jpg?v=1787230882","Men's Fashion Straight Casual Pants","good"
"gid://shopify/Product/8448557514941","Men's Fashion Straight Casual Pants","https://cdn.shopify.com/s/files/1/0778/3278/2013/files/0e863ac2-262c-479f-8d36-942917d1989f.jpg?v=1787230887","Men's Fashion Straight Casual Pants","good"
"gid://shopify/Product/8448557514941","Men's Fashion Straight Casual Pants","https://cdn.shopify.com/s/files/1/0778/3278/2013/files/d2000534-3c6d-4c45-b8ae-60181d1c5d7b.jpg?v=1787230893","Men's Fashion Straight Casual Pants","good"
"gid://shopify/Product/8448557514941","Men's Fashion Straight Casual Pants","https://cdn.shopify.com/s/files/1/0778/3278/2013/files/6c9e31fb-9f8b-47f5-b1f3-ca005b33e1b0.jpg?v=1787230898","Men's Fashion Straight Casual Pants","good"
"gid://shopify/Product/8448557514941","Men's Fashion Straight Casual Pants","https://cdn.shopify.com/s/files/1/0778/3278/2013/files/9fc4ef9c-3eb4-46fa-852a-2e76ace064d2.jpg?v=1787230902","Men's Fashion Straight Casual Pants","good"
"gid://shopify/Product/8448557514941","Men's Fashion Straight Casual Pants","https://cdn.shopify.com/s/files/1/0778/3278/2013/files/be164d97-2cc4-43e3-9c28-ffb385919d25.jpg?v=1786626034","bf2c794e38badb8bfabd895576a73aa1","good"
"gid://shopify/Product/8448557514941","Men's Fashion Straight Casual Pants","https://cdn.shopify.com/s/files/1/0778/3278/2013/files/1739586975641505792.jpg?v=1786626034","1be4b509910972c8c8f51c56275eea37","good"
"gid://shopify/Product/8448557514941","Men's Fashion Straight Casual Pants","https://cdn.shopify.com/s/files/1/0778/3278/2013/files/1739586975725391872.jpg?v=1786626034","898a3c678740ed480d84b786b704ad3e","good"
"gid://shopify/Product/8448557514941","Men's Fashion Straight Casual Pants","https://cdn.shopify.com/s/files/1/0778/3278/2013/files/1739586975800889344.jpg?v=1786626034","c9eb9f59081b2287b7aa286a420cef4f","good"
"gid://shopify/Product/8448557514941","Men's Fashion Straight Casual Pants","https://cdn.shopify.com/s/files/1/0778/3278/2013/files/1739586975956078592.jpg?v=1786626034","57d4e384262d0e2a61cc44372fdb85b2","good"
"gid://shopify/Product/8448558301373","Early Spring Long-sleeved Thin Sweater Female","https://cdn.shopify.com/s/files/1/0778/3278/2013/files/05a5a2ef-b5d5-4c50-8beb-74f07af5a680.jpg?v=1787230902","Early Spring Long-sleeved Thin Sweater Female","good"
"gid://shopify/Product/8448558301373","Early Spring Long-sleeved Thin Sweater Female","https://cdn.shopify.com/s/files/1/0778/3278/2013/files/46ecf773-60c2-42c2-a701-54b87b92c85c.jpg?v=1787230908","Early Spring Long-sleeved Thin Sweater Female","good"
"gid://shopify/Product/8448558301373","Early Spring Long-sleeved Thin Sweater Female","https://cdn.shopify.com/s/files/1/0778/3278/2013/files/0c893bb6-cb7e-4338-8c20-2ed614e5d2c1.jpg?v=1787230914","Early Spring Long-sleeved Thin Sweater Female","good"
"gid://shopify/Product/8448558301373","Early Spring Long-sleeved Thin Sweater Female","https://cdn.shopify.com/s/files/1/0778/3278/2013/files/3a6474ff-a073-4769-988c-b42de00debb0.jpg?v=1787230920","Early Spring Long-sleeved Thin Sweater Female","good"
"gid://shopify/Product/8448558301373","Early Spring Long-sleeved Thin Sweater Female","https://cdn.shopify.com/s/files/1/0778/3278/2013/files/afcb1824-c858-4f57-bca2-f7c9c69a4f51.jpg?v=1787230925","Early Spring Long-sleeved Thin Sweater Female","good"
"gid://shopify/Product/8448559448253","Women's Vintage Leopard Print Long-sleeved T-shirt","https://cdn.shopify.com/s/files/1/0778/3278/2013/files/e4b1ca8e-ef89-4bfe-9a4a-5b723cdca71d_trans.jpg?v=1786626094","7dbe6c3d6c4090e3e2bbb15a6f133dbe","good"
"gid://shopify/Product/8448559448253","Women's Vintage Leopard Print Long-sleeved T-shirt","https://cdn.shopify.com/s/files/1/0778/3278/2013/files/d17b8e64-bf76-46e9-bd7e-2f410b381440_trans.jpg?v=1786626094","a77bd4d0657088e2db59d56d55947c33","good"
"gid://shopify/Product/8448559448253","Women's Vintage Leopard Print Long-sleeved T-shirt","https://cdn.shopify.com/s/files/1/0778/3278/2013/files/a106aa52-52f3-4ac5-9e73-d9a782b856ef_trans.jpg?v=1786626094","a3d1b703ac5514f496f02f6f624e6b02","good"
"gid://shopify/Product/8448559448253","Women's Vintage Leopard Print Long-sleeved T-shirt","https://cdn.shopify.com/s/files/1/0778/3278/2013/files/ab98e5af-18fe-40c3-9911-44ec3f219c66_trans.jpg?v=1786626094","d18466e87d445909829ba7541995740b","good"
"gid://shopify/Product/8448559448253","Women's Vintage Leopard Print Long-sleeved T-shirt","https://cdn.shopify.com/s/files/1/0778/3278/2013/files/fd86a8bf-8fd8-4f80-a917-97518df83f81_trans.jpg?v=1786626094","828897fc2256761acbf1f5fa04b0c5","good"
"gid://shopify/Product/8448559448253","Women's Vintage Leopard Print Long-sleeved T-shirt","https://cdn.shopify.com/s/files/1/0778/3278/2013/files/6e2a5742-1852-4d70-bcd0-8186454ce743_trans.jpg?v=1786626094","f1f3d7267056f5fd8dab10292393c449","good"
"gid://shopify/Product/8448561152189","Women's Tube Top Fashion Cutout Thin Prom Evening Dress","https://cdn.shopify.com/s/files/1/0778/3278/2013/files/d338f94c-4199-43ed-b9ca-83a63effea3b.jpg?v=1786626136","357119c70c5fdd6d3c53e6a06552830e","good"
"gid://shopify/Product/8448561152189","Women's Tube Top Fashion Cutout Thin Prom Evening Dress","https://cdn.shopify.com/s/files/1/0778/3278/2013/files/ad2b16e2-25a9-4983-b6b7-f104990d62ff.jpg?v=1786626136","93514566166662794226613303befc2","good"
"gid://shopify/Product/8448561152189","Women's Tube Top Fashion Cutout Thin Prom Evening Dress","https://cdn.shopify.com/s/files/1/0778/3278/2013/files/b2764472-6ed6-4c70-8c80-60281cc6ded9.jpg?v=1786626136","10115edf2ea5313e25a5eb7b5388f207","good"
"gid://shopify/Product/8448561152189","Women's Tube Top Fashion Cutout Thin Prom Evening Dress","https://cdn.shopify.com/s/files/1/0778/3278/2013/files/b886fbc4-3bd7-4d2e-a957-a3318f9384a1.jpg?v=1786626136","6038dba358e1552c41cdfb4c343a21a5","good"
"gid://shopify/Product/8448561152189","Women's Tube Top Fashion Cutout Thin Prom Evening Dress","https://cdn.shopify.com/s/files/1/0778/3278/2013/files/545d8bf3-40ce-43e6-b65a-bd51c371aa18.jpg?v=1786626136","99bc71099470d0357d8d91da7166fdbe","good"
"gid://shopify/Product/8448561152189","Women's Tube Top Fashion Cutout Thin Prom Evening Dress","https://cdn.shopify.com/s/files/1/0778/3278/2013/files/43f8c692-dd78-4408-9721-49197da9cba4.jpg?v=1786626136","5efba655b808cc56508a6e514109901d","good"
"gid://shopify/Product/8448561152189","Women's Tube Top Fashion Cutout Thin Prom Evening Dress","https://cdn.shopify.com/s/files/1/0778/3278/2013/files/9880d954-5b35-42fd-a0c9-8fabf814d4f0.jpg?v=1786626136","dcc7b35a524634bf7282a99a0c2a5121","good"
"gid://shopify/Product/8448561152189","Women's Tube Top Fashion Cutout Thin Prom Evening Dress","https://cdn.shopify.com/s/files/1/0778/3278/2013/files/94853ab0-1c9d-4b0a-a940-ca44d3b78d78.jpg?v=1786626136","22113804a038f0ee785757114e7c7163","good"
"gid://shopify/Product/8448561152189","Women's Tube Top Fashion Cutout Thin Prom Evening Dress","https://cdn.shopify.com/s/files/1/0778/3278/2013/files/3e872bc7-8798-43a7-b335-397f04133078.jpg?v=1786626136","5f493cb1d3cd84236634a886392cf75","good"
"gid://shopify/Product/8448561152189","Women's Tube Top Fashion Cutout Thin Prom Evening Dress","https://cdn.shopify.com/s/files/1/0778/3278/2013/files/aa3d8800-094f-4452-b7ce-abdb3a83f2ef.jpg?v=1786626136","ee8638ab077fab94cfcb9ac34ac1e78a","good"
"gid://shopify/Product/8448562528445","Prom Ladies Dress Elegant Sequin Dress","https://cdn.shopify.com/s/files/1/0778/3278/2013/files/6b8dbe34-4146-44dd-b66c-a4f8eb194613.jpg?v=1786626172","5d576450bfca49a0420dd05ed2691375","good"
"gid://shopify/Product/8448562528445","Prom Ladies Dress Elegant Sequin Dress","https://cdn.shopify.com/s/files/1/0778/3278/2013/files/e3e3eda5-126b-4e8d-80d5-6ae2037c8192.jpg?v=1786626172","8a5d3939a2d74a998e18ac770147347e","good"
"gid://shopify/Product/8448562528445","Prom Ladies Dress Elegant Sequin Dress","https://cdn.shopify.com/s/files/1/0778/3278/2013/files/7e83ae60-7992-4f3a-8c4e-bf224d00ccbf.jpg?v=1786626172","775fb6c85822e486f7ad2324834c8096","good"
"gid://shopify/Product/8448562528445","Prom Ladies Dress Elegant Sequin Dress","https://cdn.shopify.com/s/files/1/0778/3278/2013/files/64461e30-9eca-4ff5-927b-b8a697c5a113.jpg?v=1786626172","ef73d9d35a16c8e194d34965a5e166eb","good"
"gid://shopify/Product/8448562528445","Prom Ladies Dress Elegant Sequin Dress","https://cdn.shopify.com/s/files/1/0778/3278/2013/files/a5a92f37-0e82-4595-8e96-491a6ba4cd9c.jpg?v=1786626172","b0593b695c4a2261cfb3eb03a91a256c","good"
"gid://shopify/Product/8448562528445","Prom Ladies Dress Elegant Sequin Dress","https://cdn.shopify.com/s/files/1/0778/3278/2013/files/ae56f74a-84b9-4204-b67c-4d6c7f049102.jpg?v=1786626172","8fc6c3b965db54452aaaf825aea23ffa","good"
"gid://shopify/Product/8448562528445","Prom Ladies Dress Elegant Sequin Dress","https://cdn.shopify.com/s/files/1/0778/3278/2013/files/1d2d5830-8bcb-4acc-9e25-3002bc5e4d01.jpg?v=1786626172","8c39afc59b3f907681d2bc15460af55b","good"
"gid://shopify/Product/8448563544253","Casual Leopard Print Ruffled Swing Dress Summer Fashion Beach Dresses Women","https://cdn.shopify.com/s/files/1/0778/3278/2013/files/d8b9b376-a236-4fce-809d-e097ed8d5e2b.jpg?v=1786626195","2e086f0a2003d5adef01d0633d4cc4bc","good"
"gid://shopify/Product/8448563544253","Casual Leopard Print Ruffled Swing Dress Summer Fashion Beach Dresses Women","https://cdn.shopify.com/s/files/1/0778/3278/2013/files/2a68df96-5ac6-4074-ba9d-2ea12d04a7ba.jpg?v=1786626195","de11ec61497afa40877255572387d54a","good"
"gid://shopify/Product/8448563544253","Casual Leopard Print Ruffled Swing Dress Summer Fashion Beach Dresses Women","https://cdn.shopify.com/s/files/1/0778/3278/2013/files/6f873732-f515-4d37-8c25-cfc7b8b605b5.jpg?v=1786626195","dd0d4a99856203b1224a03d357624c","good"
"gid://shopify/Product/8448563544253","Casual Leopard Print Ruffled Swing Dress Summer Fashion Beach Dresses Women","https://cdn.shopify.com/s/files/1/0778/3278/2013/files/97a00316-7eaf-4fc0-bd25-66685525e82c.jpg?v=1786626195","25a83ccba67e4ad39caaadf92c6bc872","good"
"gid://shopify/Product/8448563544253","Casual Leopard Print Ruffled Swing Dress Summer Fashion Beach Dresses Women","https://cdn.shopify.com/s/files/1/0778/3278/2013/files/34d5fe95-228d-4ec3-af31-596beb49d6b5.jpg?v=1786626195","e644afa562f5a523f94a228a194ce414","good"
"gid://shopify/Product/8448563544253","Casual Leopard Print Ruffled Swing Dress Summer Fashion Beach Dresses Women","https://cdn.shopify.com/s/files/1/0778/3278/2013/files/1236f54b-c9b5-4ed9-97fe-abad3959d6f0.jpg?v=1786626195","667d539bf6815a8d0097d17996369013","good"
"gid://shopify/Product/8448563544253","Casual Leopard Print Ruffled Swing Dress Summer Fashion Beach Dresses Women","https://cdn.shopify.com/s/files/1/0778/3278/2013/files/e97e0b57-df94-43b5-a064-d87941f3eb9d.jpg?v=1786626195","32b649baa66a3958da3114c33430129f","good"
"gid://shopify/Product/8448564691133","Women's Sexy Elegant Evening Party Dresses Round Neck Pit Stripe Pearl Chiffon Cape Sleeve Wrapped Hip Dress","https://cdn.shopify.com/s/files/1/0778/3278/2013/files/e50ec11d-c362-45a9-9402-a33540cfa039.jpg?v=1786626226","606d2c214991ab0d84f0cae4eb4bcf64","good"
"gid://shopify/Product/8448564691133","Women's Sexy Elegant Evening Party Dresses Round Neck Pit Stripe Pearl Chiffon Cape Sleeve Wrapped Hip Dress","https://cdn.shopify.com/s/files/1/0778/3278/2013/files/d890be99-d7d0-44c3-84fd-40c25ac64f55.jpg?v=1786626226","e20ff65e134318f669f736fb4c978592","good"
"gid://shopify/Product/8448564691133","Women's Sexy Elegant Evening Party Dresses Round Neck Pit Stripe Pearl Chiffon Cape Sleeve Wrapped Hip Dress","https://cdn.shopify.com/s/files/1/0778/3278/2013/files/e8ae009f-2cc1-476b-b0c6-a03041b15df7.jpg?v=1786626226","81e71748f59cf501187bd97837ae79e5","good"
"gid://shopify/Product/8448564691133","Women's Sexy Elegant Evening Party Dresses Round Neck Pit Stripe Pearl Chiffon Cape Sleeve Wrapped Hip Dress","https://cdn.shopify.com/s/files/1/0778/3278/2013/files/e67929fd-4271-4a50-8909-a21d075b3bd0.jpg?v=1786626226","def1ab0ffbfb4ec12af1cfd36def8c25","good"
"gid://shopify/Product/8448564691133","Women's Sexy Elegant Evening Party Dresses Round Neck Pit Stripe Pearl Chiffon Cape Sleeve Wrapped Hip Dress","https://cdn.shopify.com/s/files/1/0778/3278/2013/files/9b9424b0-32c4-48f6-8e26-c2d1a705d7d7.jpg?v=1786626226","860b852ff6f473eefad451e63f51d29f","good"
"gid://shopify/Product/8448564691133","Women's Sexy Elegant Evening Party Dresses Round Neck Pit Stripe Pearl Chiffon Cape Sleeve Wrapped Hip Dress","https://cdn.shopify.com/s/files/1/0778/3278/2013/files/e1a66ba5-c3db-49ea-9d51-23b869f4238e.jpg?v=1786626226","ec89ed7a71af26843cead14c7221dfdd","good"
"gid://shopify/Product/8448564691133","Women's Sexy Elegant Evening Party Dresses Round Neck Pit Stripe Pearl Chiffon Cape Sleeve Wrapped Hip Dress","https://cdn.shopify.com/s/files/1/0778/3278/2013/files/f143079f-0034-45e4-87af-d3c6111d5f1a.jpg?v=1786626226","12a766c395c6ca5d8fc3fd0c145c8b68","good"
"gid://shopify/Product/8448564691133","Women's Sexy Elegant Evening Party Dresses Round Neck Pit Stripe Pearl Chiffon Cape Sleeve Wrapped Hip Dress","https://cdn.shopify.com/s/files/1/0778/3278/2013/files/7aa7605d-6da8-4d2b-80d0-ff4207936ac4.jpg?v=1786626226","76bfa6fc50911d581fd775b59601b710","good"
"gid://shopify/Product/8448564691133","Women's Sexy Elegant Evening Party Dresses Round Neck Pit Stripe Pearl Chiffon Cape Sleeve Wrapped Hip Dress","https://cdn.shopify.com/s/files/1/0778/3278/2013/files/142481da-14c9-405a-ba10-6b4bfdf4c819.jpg?v=1786626226","91e0e704633c75c348b8f9b27c91d8a9","good"
"gid://shopify/Product/8448566296765","Solid Long Sleeve Sweater Slimming V-neckline Knitwear Women's Bottoming Shirt","https://cdn.shopify.com/s/files/1/0778/3278/2013/files/2327d839-f5ab-40db-ad96-96b803442834.jpg?v=1787231107","Solid Long Sleeve Sweater Slimming V-neckline Knitwear Women's Bottoming Shirt","good"
"gid://shopify/Product/8448566296765","Solid Long Sleeve Sweater Slimming V-neckline Knitwear Women's Bottoming Shirt","https://cdn.shopify.com/s/files/1/0778/3278/2013/files/7540dd4f-17e1-4d01-b447-a79eeb1d9fba.jpg?v=1787231112","Solid Long Sleeve Sweater Slimming V-neckline Knitwear Women's Bottoming Shirt","good"
"gid://shopify/Product/8448566296765","Solid Long Sleeve Sweater Slimming V-neckline Knitwear Women's Bottoming Shirt","https://cdn.shopify.com/s/files/1/0778/3278/2013/files/f493c2b3-822f-47e3-a9b0-7c855908028b.jpg?v=1787231118","Solid Long Sleeve Sweater Slimming V-neckline Knitwear Women's Bottoming Shirt","good"
"gid://shopify/Product/8448566296765","Solid Long Sleeve Sweater Slimming V-neckline Knitwear Women's Bottoming Shirt","https://cdn.shopify.com/s/files/1/0778/3278/2013/files/691081b6-b7d5-4b6b-88eb-f46d00fd3b28.jpg?v=1787231122","Solid Long Sleeve Sweater Slimming V-neckline Knitwear Women's Bottoming Shirt","good"
"gid://shopify/Product/8448566296765","Solid Long Sleeve Sweater Slimming V-neckline Knitwear Women's Bottoming Shirt","https://cdn.shopify.com/s/files/1/0778/3278/2013/files/595a2414-1baa-4866-8ce8-dbd84538fee5.jpg?v=1787231129","Solid Long Sleeve Sweater Slimming V-neckline Knitwear Women's Bottoming Shirt","good"
"gid://shopify/Product/8448566296765","Solid Long Sleeve Sweater Slimming V-neckline Knitwear Women's Bottoming Shirt","https://cdn.shopify.com/s/files/1/0778/3278/2013/files/42d7e6c2-1e2c-4795-88df-d9d792a19f99.jpg?v=1786626268","2b0e5eb98b39f0ac75e3bbbe21d66039","good"
"gid://shopify/Product/8448566296765","Solid Long Sleeve Sweater Slimming V-neckline Knitwear Women's Bottoming Shirt","https://cdn.shopify.com/s/files/1/0778/3278/2013/files/f13934c3-d0fb-4b07-a6ed-44a2f13420c3.jpg?v=1786626268","ce1224e2788adcff9f465d88d965669c","good"
"gid://shopify/Product/8448566296765","Solid Long Sleeve Sweater Slimming V-neckline Knitwear Women's Bottoming Shirt","https://cdn.shopify.com/s/files/1/0778/3278/2013/files/e380ef6b-67fa-44bf-b5f9-47e02e3e0cf2.jpg?v=1786626268","21f007d53b85ed35c5a66bd2608cc5d8","good"
"gid://shopify/Product/8448566296765","Solid Long Sleeve Sweater Slimming V-neckline Knitwear Women's Bottoming Shirt","https://cdn.shopify.com/s/files/1/0778/3278/2013/files/c054594b-4025-42fe-9b51-e39de8125ba3.jpg?v=1786626268","7430d4a541db9e072e8eaef009ffe544","good"
"gid://shopify/Product/8448566296765","Solid Long Sleeve Sweater Slimming V-neckline Knitwear Women's Bottoming Shirt","https://cdn.shopify.com/s/files/1/0778/3278/2013/files/0801e496-f7f8-4193-97e6-941ccd94224b.jpg?v=1786626269","42be60753c4535e1fd39e3b254dbc0a6","good"
"gid://shopify/Product/8448566296765","Solid Long Sleeve Sweater Slimming V-neckline Knitwear Women's Bottoming Shirt","https://cdn.shopify.com/s/files/1/0778/3278/2013/files/862ed88e-57ed-47d3-80cc-e741222c8cda.jpg?v=1786626268","4d22c2b019d7071d07d31f7f60300652","good"
"gid://shopify/Product/8448566296765","Solid Long Sleeve Sweater Slimming V-neckline Knitwear Women's Bottoming Shirt","https://cdn.shopify.com/s/files/1/0778/3278/2013/files/2a2e95ea-a5e9-43ec-89b8-9338342005af.jpg?v=1786626268","935ccb5b78dfd0fdd31c4f6bef9dcccf","good"
"gid://shopify/Product/8448566296765","Solid Long Sleeve Sweater Slimming V-neckline Knitwear Women's Bottoming Shirt","https://cdn.shopify.com/s/files/1/0778/3278/2013/files/2258d132-f98c-43db-8e6c-0f424a6ad92b.jpg?v=1786626268","8886f24cfc9e5964671484f7607be430","good"
"gid://shopify/Product/8448566296765","Solid Long Sleeve Sweater Slimming V-neckline Knitwear Women's Bottoming Shirt","https://cdn.shopify.com/s/files/1/0778/3278/2013/files/3a8df2b5-b1c5-4eb2-85b5-ddb6ed84c8fb.jpg?v=1786626268","149ee6f5fce74fc17e516c8bd714b4b2","good"
"gid://shopify/Product/8448566296765","Solid Long Sleeve Sweater Slimming V-neckline Knitwear Women's Bottoming Shirt","https://cdn.shopify.com/s/files/1/0778/3278/2013/files/f038215f-2597-4610-b23f-ac522e79ae77.jpg?v=1786626268","50135ea96ed6a404b7abbf0c20d91a20","good"
"gid://shopify/Product/8448566296765","Solid Long Sleeve Sweater Slimming V-neckline Knitwear Women's Bottoming Shirt","https://cdn.shopify.com/s/files/1/0778/3278/2013/files/1e5dbf3d-adf6-41dc-a086-2ddec993098d.jpg?v=1786626268","7bcd7fa68bb1a4e3599db7a8f28665c3","good"
"gid://shopify/Product/8448567836861","Satin Pajamas  Lace Pijama Nightie Sleepwear Home Clothes Tops And Shorts Women's Silk Pajamas Solid Color Pajama Set","https://cdn.shopify.com/s/files/1/0778/3278/2013/files/1611998734782.jpg?v=1786626305","409cf994dd88f5acd439932e891f4495","good"
"gid://shopify/Product/8448567836861","Satin Pajamas  Lace Pijama Nightie Sleepwear Home Clothes Tops And Shorts Women's Silk Pajamas Solid Color Pajama Set","https://cdn.shopify.com/s/files/1/0778/3278/2013/files/1611998741949.jpg?v=1786626305","de6f4934853af33046310c2872446a90","good"
"gid://shopify/Product/8448567836861","Satin Pajamas  Lace Pijama Nightie Sleepwear Home Clothes Tops And Shorts Women's Silk Pajamas Solid Color Pajama Set","https://cdn.shopify.com/s/files/1/0778/3278/2013/files/1611998741955.jpg?v=1786626304","de8bbc50bf9b23da1dcd62421033a3bf","good"
"gid://shopify/Product/8448567836861","Satin Pajamas  Lace Pijama Nightie Sleepwear Home Clothes Tops And Shorts Women's Silk Pajamas Solid Color Pajama Set","https://cdn.shopify.com/s/files/1/0778/3278/2013/files/1611998741992.jpg?v=1786626305","9ac0641b25ad443ef3d8639f65041136","good"
"gid://shopify/Product/8448567836861","Satin Pajamas  Lace Pijama Nightie Sleepwear Home Clothes Tops And Shorts Women's Silk Pajamas Solid Color Pajama Set","https://cdn.shopify.com/s/files/1/0778/3278/2013/files/1611998741969.jpg?v=1786626305","1cf4fc6320c9448def023e92fcd4300f","good"
"gid://shopify/Product/8448567836861","Satin Pajamas  Lace Pijama Nightie Sleepwear Home Clothes Tops And Shorts Women's Silk Pajamas Solid Color Pajama Set","https://cdn.shopify.com/s/files/1/0778/3278/2013/files/1611998741984.jpg?v=1786626304","1f8ab5351327608486ae35c75dab9ec7","good"
"gid://shopify/Product/8448567836861","Satin Pajamas  Lace Pijama Nightie Sleepwear Home Clothes Tops And Shorts Women's Silk Pajamas Solid Color Pajama Set","https://cdn.shopify.com/s/files/1/0778/3278/2013/files/1611998742241.jpg?v=1786626305","b7a23a6b44160a37d49767cf3dcd03f4","good"
"gid://shopify/Product/8448567836861","Satin Pajamas  Lace Pijama Nightie Sleepwear Home Clothes Tops And Shorts Women's Silk Pajamas Solid Color Pajama Set","https://cdn.shopify.com/s/files/1/0778/3278/2013/files/1611998741997.jpg?v=1786626305","434c6abff20a34c8c0025cc6c0af6f50","good"
"gid://shopify/Product/8448569639101","Round neck long sleeve printed plus size t-shirt","https://cdn.shopify.com/s/files/1/0778/3278/2013/files/298169449118.jpg?v=1786626348","1bd59188a3705cb59fe664e5cc5a3754","good"
"gid://shopify/Product/8448569639101","Round neck long sleeve printed plus size t-shirt","https://cdn.shopify.com/s/files/1/0778/3278/2013/files/2784946189679.jpg?v=1786626348","1749a2a0c4e9798dba2e63b1c74eb196","good"
"gid://shopify/Product/8448569639101","Round neck long sleeve printed plus size t-shirt","https://cdn.shopify.com/s/files/1/0778/3278/2013/files/2558461843776.jpg?v=1786626348","75e439544cdd4761a9092f9e247b6888","good"
"gid://shopify/Product/8448569639101","Round neck long sleeve printed plus size t-shirt","https://cdn.shopify.com/s/files/1/0778/3278/2013/files/1493800136875.jpg?v=1786626348","20c61e63a37fdedeeb73a79ff6b13eec","good"
"gid://shopify/Product/8448569639101","Round neck long sleeve printed plus size t-shirt","https://cdn.shopify.com/s/files/1/0778/3278/2013/files/1260320511925.jpg?v=1786626348","160de7836dface065031c449a7036e13","good"
"gid://shopify/Product/8448570917053","Prom sequin dress","https://cdn.shopify.com/s/files/1/0778/3278/2013/files/1596623418598.jpg?v=1787231228","Prom sequin dress","good"
"gid://shopify/Product/8448570917053","Prom sequin dress","https://cdn.shopify.com/s/files/1/0778/3278/2013/files/1950325663584.jpg?v=1787231234","Prom sequin dress","good"
"gid://shopify/Product/8448570917053","Prom sequin dress","https://cdn.shopify.com/s/files/1/0778/3278/2013/files/4252370224530.jpg?v=1787231239","Prom sequin dress","good"
"gid://shopify/Product/8448570917053","Prom sequin dress","https://cdn.shopify.com/s/files/1/0778/3278/2013/files/1282513504521.jpg?v=1787231244","Prom sequin dress","good"
"gid://shopify/Product/8448570917053","Prom sequin dress","https://cdn.shopify.com/s/files/1/0778/3278/2013/files/2133634795198.jpg?v=1787231249","Prom sequin dress","good"
"gid://shopify/Product/8448570917053","Prom sequin dress","https://cdn.shopify.com/s/files/1/0778/3278/2013/files/1709345297906.jpg?v=1787231254","Prom sequin dress","good"
"gid://shopify/Product/8448570917053","Prom sequin dress","https://cdn.shopify.com/s/files/1/0778/3278/2013/files/2177439531899.jpg?v=1786626379","984e106daa83fef15c70ebcb233444b3","good"
"gid://shopify/Product/8448572096701","Large lapel short plaid jacket coat hooded cotton coat","https://cdn.shopify.com/s/files/1/0778/3278/2013/files/470279234334.jpg?v=1786626410","e80a56ff0eb0a78f38401b02854c419b","good"
"gid://shopify/Product/8448572096701","Large lapel short plaid jacket coat hooded cotton coat","https://cdn.shopify.com/s/files/1/0778/3278/2013/files/1502380959112.jpg?v=1786626410","5a78b77b853fe805543f8e1d6e96f5b","good"
"gid://shopify/Product/8448572096701","Large lapel short plaid jacket coat hooded cotton coat","https://cdn.shopify.com/s/files/1/0778/3278/2013/files/2405482164318.jpg?v=1786626410","36d16ede83bed89caf485e9a47c0b6fc","good"
"gid://shopify/Product/8448572096701","Large lapel short plaid jacket coat hooded cotton coat","https://cdn.shopify.com/s/files/1/0778/3278/2013/files/272428034670.jpg?v=1786626410","9f4f1e565b06e46fe7ca8b91222bb550","good"
"gid://shopify/Product/8448572096701","Large lapel short plaid jacket coat hooded cotton coat","https://cdn.shopify.com/s/files/1/0778/3278/2013/files/404975170677.jpg?v=1786626410","19eeeebc7f7ec15d600cfc6d7855c84b","good"
"gid://shopify/Product/8448573898941","Ladies Fashion Casual Slim Suit Two-piece Plus-size Suit, Plaid Pattern Elegant Skirt Suit With Buttons, Lapel Long Sleeve Suit Jacket And High Waist Skirt, Plus-size Women'S Wear Amazon Don't Sell","https://cdn.shopify.com/s/files/1/0778/3278/2013/files/1924390901975879680.jpg?v=1786626460","3fc3a493afe596f17dca624d91393aef","good"
"gid://shopify/Product/8448573898941","Ladies Fashion Casual Slim Suit Two-piece Plus-size Suit, Plaid Pattern Elegant Skirt Suit With Buttons, Lapel Long Sleeve Suit Jacket And High Waist Skirt, Plus-size Women'S Wear Amazon Don't Sell","https://cdn.shopify.com/s/files/1/0778/3278/2013/files/1924390903955591168.jpg?v=1786626459","27eaf95f136290d7525c5247a8eed6bf","good"
"gid://shopify/Product/8448573898941","Ladies Fashion Casual Slim Suit Two-piece Plus-size Suit, Plaid Pattern Elegant Skirt Suit With Buttons, Lapel Long Sleeve Suit Jacket And High Waist Skirt, Plus-size Women'S Wear Amazon Don't Sell","https://cdn.shopify.com/s/files/1/0778/3278/2013/files/1924390904572153856.jpg?v=1786626459","16114048b84ef4e10a80762593336064","good"
"gid://shopify/Product/8448573898941","Ladies Fashion Casual Slim Suit Two-piece Plus-size Suit, Plaid Pattern Elegant Skirt Suit With Buttons, Lapel Long Sleeve Suit Jacket And High Waist Skirt, Plus-size Women'S Wear Amazon Don't Sell","https://cdn.shopify.com/s/files/1/0778/3278/2013/files/1924390906346344448.jpg?v=1786626460","7cea8ce25305e151e113a22f41c670de","good"
"gid://shopify/Product/8448573898941","Ladies Fashion Casual Slim Suit Two-piece Plus-size Suit, Plaid Pattern Elegant Skirt Suit With Buttons, Lapel Long Sleeve Suit Jacket And High Waist Skirt, Plus-size Women'S Wear Amazon Don't Sell","https://cdn.shopify.com/s/files/1/0778/3278/2013/files/1924390908179255296.jpg?v=1786626460","d65d1e16a7f3fb949e1207246d6d28f2","good"
"gid://shopify/Product/8448573898941","Ladies Fashion Casual Slim Suit Two-piece Plus-size Suit, Plaid Pattern Elegant Skirt Suit With Buttons, Lapel Long Sleeve Suit Jacket And High Waist Skirt, Plus-size Women'S Wear Amazon Don't Sell","https://cdn.shopify.com/s/files/1/0778/3278/2013/files/1924390909240414208.jpg?v=1786626459","606ea79658c9f0747db90c15201e781d","good"
"gid://shopify/Product/8448573898941","Ladies Fashion Casual Slim Suit Two-piece Plus-size Suit, Plaid Pattern Elegant Skirt Suit With Buttons, Lapel Long Sleeve Suit Jacket And High Waist Skirt, Plus-size Women'S Wear Amazon Don't Sell","https://cdn.shopify.com/s/files/1/0778/3278/2013/files/1924390910062497792.jpg?v=1786626460","cdd297796d27ed5c29f27e46d5425897","good"
"gid://shopify/Product/8448573898941","Ladies Fashion Casual Slim Suit Two-piece Plus-size Suit, Plaid Pattern Elegant Skirt Suit With Buttons, Lapel Long Sleeve Suit Jacket And High Waist Skirt, Plus-size Women'S Wear Amazon Don't Sell","https://cdn.shopify.com/s/files/1/0778/3278/2013/files/1926504830084583424.jpg?v=1786626460","f7e9cdedd1a50599fdc80ba136acfdcc","good"
"gid://shopify/Product/8448573898941","Ladies Fashion Casual Slim Suit Two-piece Plus-size Suit, Plaid Pattern Elegant Skirt Suit With Buttons, Lapel Long Sleeve Suit Jacket And High Waist Skirt, Plus-size Women'S Wear Amazon Don't Sell","https://cdn.shopify.com/s/files/1/0778/3278/2013/files/1936968241612328960.jpg?v=1786626460","8742775772a7e1b4b8c677b9f890e5cf","good"
"gid://shopify/Product/8448573898941","Ladies Fashion Casual Slim Suit Two-piece Plus-size Suit, Plaid Pattern Elegant Skirt Suit With Buttons, Lapel Long Sleeve Suit Jacket And High Waist Skirt, Plus-size Women'S Wear Amazon Don't Sell","https://cdn.shopify.com/s/files/1/0778/3278/2013/files/1936970114629111808.jpg?v=1786626460","57dba461efcce0cf9d7a610c3dd9465d","good"
"gid://shopify/Product/8448573898941","Ladies Fashion Casual Slim Suit Two-piece Plus-size Suit, Plaid Pattern Elegant Skirt Suit With Buttons, Lapel Long Sleeve Suit Jacket And High Waist Skirt, Plus-size Women'S Wear Amazon Don't Sell","https://cdn.shopify.com/s/files/1/0778/3278/2013/files/5086236b-5ca7-4cca-a475-9f727c122837.jpg?v=1786626460","69bd9ef47264891691bafaf0e519641e","good"
"gid://shopify/Product/8448574161085","Satin Party Dress V Neck Backless Mini Sleeveless Summer Party Dress","https://cdn.shopify.com/s/files/1/0778/3278/2013/files/6ca9a280-b43c-4747-8012-b8030de8cb5a_34bd786b-152b-4c40-9546-e56dadbf8d9c.jpg?v=1786626489","bda99058d150f8d0bf906112fb608f28","good"
"gid://shopify/Product/8448574161085","Satin Party Dress V Neck Backless Mini Sleeveless Summer Party Dress","https://cdn.shopify.com/s/files/1/0778/3278/2013/files/6ca9a280-b43c-4747-8012-b8030de8cb5a.jpg?v=1786626489","2d4d40a4404cb7645e9a1d1bd814f77","good"
"gid://shopify/Product/8448574161085","Satin Party Dress V Neck Backless Mini Sleeveless Summer Party Dress","https://cdn.shopify.com/s/files/1/0778/3278/2013/files/1620885075220.jpg?v=1786626489","9597d7990c683c1b905040acd5cec68","good"
"gid://shopify/Product/8448574161085","Satin Party Dress V Neck Backless Mini Sleeveless Summer Party Dress","https://cdn.shopify.com/s/files/1/0778/3278/2013/files/1620885075218.jpg?v=1786626489","cefb7c3d916b10317e8d05eb6152596e","good"
"gid://shopify/Product/8448574161085","Satin Party Dress V Neck Backless Mini Sleeveless Summer Party Dress","https://cdn.shopify.com/s/files/1/0778/3278/2013/files/1620885088327.jpg?v=1786626489","139ecef6ceea5fba6c50063e9b9e2421","good"
"gid://shopify/Product/8448574161085","Satin Party Dress V Neck Backless Mini Sleeveless Summer Party Dress","https://cdn.shopify.com/s/files/1/0778/3278/2013/files/1620885075219.jpg?v=1786626489","9e5acb97e0d4746ae8f34199467d1f00","good"
"gid://shopify/Product/8448574161085","Satin Party Dress V Neck Backless Mini Sleeveless Summer Party Dress","https://cdn.shopify.com/s/files/1/0778/3278/2013/files/e124a29e-9f0b-40c2-bd3d-c512442cc0d9.jpg?v=1786626489","506f650eb1a1d006131647d618d24e3d","good"
"gid://shopify/Product/8448574161085","Satin Party Dress V Neck Backless Mini Sleeveless Summer Party Dress","https://cdn.shopify.com/s/files/1/0778/3278/2013/files/7b9796d9-0fa1-401b-a515-cf3211d09dd3.jpg?v=1786626489","22f32628e7317602d802e79e43360e53","good"
"gid://shopify/Product/8448574161085","Satin Party Dress V Neck Backless Mini Sleeveless Summer Party Dress","https://cdn.shopify.com/s/files/1/0778/3278/2013/files/f7d3b286-e1cb-4f42-8b0c-6437abe760d6.jpg?v=1786626489","db4c8eb10b2758461dc60f2574c54d07","good"
"gid://shopify/Product/8448574161085","Satin Party Dress V Neck Backless Mini Sleeveless Summer Party Dress","https://cdn.shopify.com/s/files/1/0778/3278/2013/files/1620885075221.jpg?v=1786626489","152595d7a1fe45796d4b532f42cfb2d7","good"
"gid://shopify/Product/8448574161085","Satin Party Dress V Neck Backless Mini Sleeveless Summer Party Dress","https://cdn.shopify.com/s/files/1/0778/3278/2013/files/1620885075220_3158b877-83b9-4ebe-aef5-2ee8d6aeabb4.jpg?v=1786626489","b536783408045894e3c6fbfac61ee865","good"
"gid://shopify/Product/8448574587069","Summer Women's Pajamas Suspenders Vest Shorts Set","https://cdn.shopify.com/s/files/1/0778/3278/2013/files/7906a0ce-e94c-4d61-8af7-82515f626fa0.jpg?v=1786626533","4c4314c65b174d274a14a638ffd44f5f","good"
"gid://shopify/Product/8448574587069","Summer Women's Pajamas Suspenders Vest Shorts Set","https://cdn.shopify.com/s/files/1/0778/3278/2013/files/47dc895d-9487-477d-9ad7-b0899a71cfa9.jpg?v=1786626533","96ed43146250101f723771b45a360e08","good"
"gid://shopify/Product/8448574587069","Summer Women's Pajamas Suspenders Vest Shorts Set","https://cdn.shopify.com/s/files/1/0778/3278/2013/files/abbb88a0-7dbe-4abd-abf9-f8b4d948a926.jpg?v=1786626533","2d385829aed5075a8dde30e440395eb8","good"
"gid://shopify/Product/8448574587069","Summer Women's Pajamas Suspenders Vest Shorts Set","https://cdn.shopify.com/s/files/1/0778/3278/2013/files/058081e2-d190-4c38-991b-bc9883a4c7a3.jpg?v=1786626533","200d7d6c0391c8506545c5547475b08d","good"
"gid://shopify/Product/8448574587069","Summer Women's Pajamas Suspenders Vest Shorts Set","https://cdn.shopify.com/s/files/1/0778/3278/2013/files/96e449cb-b9cf-43e8-adcd-5a16511c3d22.jpg?v=1786626533","3b1d56034b656111dcf11950ed32fe6b","good"
"gid://shopify/Product/8448574587069","Summer Women's Pajamas Suspenders Vest Shorts Set","https://cdn.shopify.com/s/files/1/0778/3278/2013/files/9e23130d-1986-4db2-bb4f-42b863614476.jpg?v=1786626533","ee32160a68a72ae4bf9d8353a763d014","good"
"gid://shopify/Product/8448574587069","Summer Women's Pajamas Suspenders Vest Shorts Set","https://cdn.shopify.com/s/files/1/0778/3278/2013/files/d4992ca2-567c-4c31-8a30-617e929e39b2.jpg?v=1786626533","14f5814f09f671ed83664cf405a9140e","good"
"gid://shopify/Product/8448574587069","Summer Women's Pajamas Suspenders Vest Shorts Set","https://cdn.shopify.com/s/files/1/0778/3278/2013/files/9f79b8f5-b567-479f-998b-2e7e9283f14c.jpg?v=1786626533","5d2a7551bc54aaa704831df23f23d735","good"
"gid://shopify/Product/8448574587069","Summer Women's Pajamas Suspenders Vest Shorts Set","https://cdn.shopify.com/s/files/1/0778/3278/2013/files/475dc02f-c32e-4275-a87a-67a67b1475b0.jpg?v=1786626533","956971291f305259e09388566323e8fe","good"
"gid://shopify/Product/8448574587069","Summer Women's Pajamas Suspenders Vest Shorts Set","https://cdn.shopify.com/s/files/1/0778/3278/2013/files/398c8082-23c0-48ea-a0ef-65d46574da2c.jpg?v=1786626533","87671c352ade0257ee590249813a11b5","good"
"gid://shopify/Product/8448575013053","Women's Lace Chemise Nightgown Sling Home Pajamas Garter Set","https://cdn.shopify.com/s/files/1/0778/3278/2013/files/f0d022de-2019-4eb8-afe3-8cc2500753d0.jpg?v=1786626575","93c9e1560b930fb91657f2ed5826e073","good"
"gid://shopify/Product/8448575013053","Women's Lace Chemise Nightgown Sling Home Pajamas Garter Set","https://cdn.shopify.com/s/files/1/0778/3278/2013/files/a7c72062-8714-4e8f-abb2-3ec4095cc3c4.jpg?v=1786626575","cebda6b3824de35649b322dc2f88179a","good"
"gid://shopify/Product/8448575013053","Women's Lace Chemise Nightgown Sling Home Pajamas Garter Set","https://cdn.shopify.com/s/files/1/0778/3278/2013/files/6d2855ab-2707-4da5-a399-524c769146a0.jpg?v=1786626575","7fa667004178720b64131188efb0f0d0","good"
"gid://shopify/Product/8448575013053","Women's Lace Chemise Nightgown Sling Home Pajamas Garter Set","https://cdn.shopify.com/s/files/1/0778/3278/2013/files/251f68ba-852c-4d31-8a00-4f684feb5433.jpg?v=1786626575","9d4b7a6ccf30ee10c33906345eb6f812","good"
"gid://shopify/Product/8448575013053","Women's Lace Chemise Nightgown Sling Home Pajamas Garter Set","https://cdn.shopify.com/s/files/1/0778/3278/2013/files/e31029ed-d5bc-415f-a611-7787e43470b4.jpg?v=1786626575","ba84f6cd7735a6dce3df93b836e3f902","good"
"gid://shopify/Product/8448575013053","Women's Lace Chemise Nightgown Sling Home Pajamas Garter Set","https://cdn.shopify.com/s/files/1/0778/3278/2013/files/101dad4a-3ba3-45b2-834f-b9e64e7781da.jpg?v=1786626575","48a9a47905995b817000b08f8b8bee19","good"
"gid://shopify/Product/8448575013053","Women's Lace Chemise Nightgown Sling Home Pajamas Garter Set","https://cdn.shopify.com/s/files/1/0778/3278/2013/files/62a4c876-0677-4346-8155-837c8ff4fd9f.jpg?v=1786626575","406bc16bacb3c04767ccf5d8faddbb46","good"
"gid://shopify/Product/8454878527677","Plaid Button-Up Cardigan","https://cdn.shopify.com/s/files/1/0778/3278/2013/files/13ab9f7f9d10492192f051292f46c0e7-Max-Origin.webp?v=1787756655","Plaid Button-Up Cardigan","good"
"gid://shopify/Product/8454878527677","Plaid Button-Up Cardigan","https://cdn.shopify.com/s/files/1/0778/3278/2013/files/1fa82f71710047c683d1de7ac2d5197a-Max-Origin.webp?v=1787756661","Plaid Button-Up Cardigan","good"
"gid://shopify/Product/8454878527677","Plaid Button-Up Cardigan","https://cdn.shopify.com/s/files/1/0778/3278/2013/files/ef6ba27536104531bc888a04595a39ba-Max-Origin.webp?v=1787756667","Plaid Button-Up Cardigan","good"
"gid://shopify/Product/8454878527677","Plaid Button-Up Cardigan","https://cdn.shopify.com/s/files/1/0778/3278/2013/files/001e5b4821de42b79352486fbba9be77-Max-Origin.webp?v=1787756673","Plaid Button-Up Cardigan","good"
"gid://shopify/Product/8454878527677","Plaid Button-Up Cardigan","https://cdn.shopify.com/s/files/1/0778/3278/2013/files/64b86cbcd2bb47d1a91f1a7d229859c7-Max-Origin.webp?v=1786936436","64b86cbcd2bb47d1a91f1a7d229859c7-Max-Origin","good"
"gid://shopify/Product/8454878527677","Plaid Button-Up Cardigan","https://cdn.shopify.com/s/files/1/0778/3278/2013/files/92adcd31ab38424a9307eda803bea0f6-Max-Origin.webp?v=1786936436","92adcd31ab38424a9307eda803bea0f6-Max-Origin","good"
"gid://shopify/Product/8454878527677","Plaid Button-Up Cardigan","https://cdn.shopify.com/s/files/1/0778/3278/2013/files/74947dac829541df93ad49f694901e69-Max-Origin.webp?v=1786936436","74947dac829541df93ad49f694901e69-Max-Origin","good"
"gid://shopify/Product/8454878527677","Plaid Button-Up Cardigan","https://cdn.shopify.com/s/files/1/0778/3278/2013/files/434e4bd50cf644fe92c2dc65e45d2149-Max-Origin.webp?v=1786936436","434e4bd50cf644fe92c2dc65e45d2149-Max-Origin","good"
"gid://shopify/Product/8454878527677","Plaid Button-Up Cardigan","https://cdn.shopify.com/s/files/1/0778/3278/2013/files/55d39aeab3254acb90ac8eaffb4ebf17-Max-Origin.webp?v=1786936436","55d39aeab3254acb90ac8eaffb4ebf17-Max-Origin","good"
"gid://shopify/Product/8469424668861","Half Snap Dropped Shoulder Sweatshirt","https://cdn.shopify.com/s/files/1/0778/3278/2013/files/a14a3029-1956-497f-8262-a79ed103e423-Max-Origin.webp?v=1787526777","a14a3029-1956-497f-8262-a79ed103e423-Max-Origin","good"
"gid://shopify/Product/8469424668861","Half Snap Dropped Shoulder Sweatshirt","https://cdn.shopify.com/s/files/1/0778/3278/2013/files/ddc6ca22-658f-44bd-8ca9-89688a16e289-Max-Origin.webp?v=1787526777","ddc6ca22-658f-44bd-8ca9-89688a16e289-Max-Origin","good"
"gid://shopify/Product/8469424668861","Half Snap Dropped Shoulder Sweatshirt","https://cdn.shopify.com/s/files/1/0778/3278/2013/files/26df9326-645f-4645-a456-66fcc77f2260-Max-Origin.webp?v=1787526776","26df9326-645f-4645-a456-66fcc77f2260-Max-Origin","good"
"gid://shopify/Product/8469424668861","Half Snap Dropped Shoulder Sweatshirt","https://cdn.shopify.com/s/files/1/0778/3278/2013/files/e3912404-9a25-4bba-aaa9-500dd9cf3842-Max-Origin.webp?v=1787526777","e3912404-9a25-4bba-aaa9-500dd9cf3842-Max-Origin","good"
"gid://shopify/Product/8469424668861","Half Snap Dropped Shoulder Sweatshirt","https://cdn.shopify.com/s/files/1/0778/3278/2013/files/94ddac7c9b4f4eee9e7e21249fb66eb3-Max-Origin.webp?v=1787526776","94ddac7c9b4f4eee9e7e21249fb66eb3-Max-Origin","good"
"gid://shopify/Product/8469424668861","Half Snap Dropped Shoulder Sweatshirt","https://cdn.shopify.com/s/files/1/0778/3278/2013/files/d2f367f8-75e8-4d6c-aad0-ed2cd537acac-Max-Origin.webp?v=1787526777","d2f367f8-75e8-4d6c-aad0-ed2cd537acac-Max-Origin","good"
"gid://shopify/Product/8469424668861","Half Snap Dropped Shoulder Sweatshirt","https://cdn.shopify.com/s/files/1/0778/3278/2013/files/6dde42eb-d15a-4961-b5f1-a34d642c331f-Max-Origin.webp?v=1787526777","6dde42eb-d15a-4961-b5f1-a34d642c331f-Max-Origin","good"
"gid://shopify/Product/8469424668861","Half Snap Dropped Shoulder Sweatshirt","https://cdn.shopify.com/s/files/1/0778/3278/2013/files/8febf69b-fcf7-421c-b514-d2f364feb770-Max-Origin.webp?v=1787526776","8febf69b-fcf7-421c-b514-d2f364feb770-Max-Origin","good"
"gid://shopify/Product/8469424668861","Half Snap Dropped Shoulder Sweatshirt","https://cdn.shopify.com/s/files/1/0778/3278/2013/files/5c2ea937-5ede-4cfd-9d85-d0807ec0a2d4-Max-Origin.webp?v=1787526776","5c2ea937-5ede-4cfd-9d85-d0807ec0a2d4-Max-Origin","good"
"gid://shopify/Product/8469424668861","Half Snap Dropped Shoulder Sweatshirt","https://cdn.shopify.com/s/files/1/0778/3278/2013/files/56023f25af014c01959870aa65148544-Max-Origin.webp?v=1787526777","56023f25af014c01959870aa65148544-Max-Origin","good"
"gid://shopify/Product/8469424668861","Half Snap Dropped Shoulder Sweatshirt","https://cdn.shopify.com/s/files/1/0778/3278/2013/files/3b939163-34ab-4fa6-b297-1972a4ba4f38-Max-Origin.webp?v=1787526776","3b939163-34ab-4fa6-b297-1972a4ba4f38-Max-Origin","good"
"gid://shopify/Product/8469424668861","Half Snap Dropped Shoulder Sweatshirt","https://cdn.shopify.com/s/files/1/0778/3278/2013/files/221dc7e5-fcca-4d65-aaad-2e5f1b21e4e4-Max-Origin.webp?v=1787526777","221dc7e5-fcca-4d65-aaad-2e5f1b21e4e4-Max-Origin","good"
"gid://shopify/Product/8469424668861","Half Snap Dropped Shoulder Sweatshirt","https://cdn.shopify.com/s/files/1/0778/3278/2013/files/4d31c0b9e01e4c4ca0814ed8398ef61c-Max-Origin.webp?v=1787526777","4d31c0b9e01e4c4ca0814ed8398ef61c-Max-Origin","good"
"gid://shopify/Product/8469424832701","Openwork Hooded Long Sleeve Sweater","https://cdn.shopify.com/s/files/1/0778/3278/2013/files/f8375447c14545be90f83756099a517a-Max.webp?v=1787526788","f8375447c14545be90f83756099a517a-Max","good"
"gid://shopify/Product/8469424832701","Openwork Hooded Long Sleeve Sweater","https://cdn.shopify.com/s/files/1/0778/3278/2013/files/e557afb0aff847539bd1af8cb9805add-Max.webp?v=1787526788","e557afb0aff847539bd1af8cb9805add-Max","good"
"gid://shopify/Product/8469424832701","Openwork Hooded Long Sleeve Sweater","https://cdn.shopify.com/s/files/1/0778/3278/2013/files/47a6f57032ad4d4597a8894dab5a7397-Max.webp?v=1787526788","47a6f57032ad4d4597a8894dab5a7397-Max","good"
"gid://shopify/Product/8469424832701","Openwork Hooded Long Sleeve Sweater","https://cdn.shopify.com/s/files/1/0778/3278/2013/files/d4deab39a5d8454b8c76b9c0c93f7a01-Max.webp?v=1787526788","d4deab39a5d8454b8c76b9c0c93f7a01-Max","good"
"gid://shopify/Product/8469424832701","Openwork Hooded Long Sleeve Sweater","https://cdn.shopify.com/s/files/1/0778/3278/2013/files/121b015f406a4f5fada21f24e1f6c1a3-Max.webp?v=1787526788","121b015f406a4f5fada21f24e1f6c1a3-Max","good"
"gid://shopify/Product/8469424832701","Openwork Hooded Long Sleeve Sweater","https://cdn.shopify.com/s/files/1/0778/3278/2013/files/f9cfa236e181475284173ac0b3ac5f7c-Max.webp?v=1787526788","f9cfa236e181475284173ac0b3ac5f7c-Max","good"
"gid://shopify/Product/8469424832701","Openwork Hooded Long Sleeve Sweater","https://cdn.shopify.com/s/files/1/0778/3278/2013/files/b75122966b054e719158899c66206b9a-Max.webp?v=1787526788","b75122966b054e719158899c66206b9a-Max","good"
"gid://shopify/Product/8469424832701","Openwork Hooded Long Sleeve Sweater","https://cdn.shopify.com/s/files/1/0778/3278/2013/files/2c0f3e8215db4f30973ae1b2142d0489-Max.webp?v=1787526788","2c0f3e8215db4f30973ae1b2142d0489-Max","good"
"gid://shopify/Product/8469424832701","Openwork Hooded Long Sleeve Sweater","https://cdn.shopify.com/s/files/1/0778/3278/2013/files/7e035cc2d45e432c875851bbc0d07c40-Max.webp?v=1787526788","7e035cc2d45e432c875851bbc0d07c40-Max","good"
"gid://shopify/Product/8469424832701","Openwork Hooded Long Sleeve Sweater","https://cdn.shopify.com/s/files/1/0778/3278/2013/files/96523571c2524de8806e925146374d6f-Max.webp?v=1787526788","96523571c2524de8806e925146374d6f-Max","good"
"gid://shopify/Product/8469424832701","Openwork Hooded Long Sleeve Sweater","https://cdn.shopify.com/s/files/1/0778/3278/2013/files/37e85c2aa1da46a98940048881d8443f-Max.webp?v=1787526788","37e85c2aa1da46a98940048881d8443f-Max","good"
"gid://shopify/Product/8469424832701","Openwork Hooded Long Sleeve Sweater","https://cdn.shopify.com/s/files/1/0778/3278/2013/files/ce3c9d0bc1c4459ba613f15ef50640aa-Max.webp?v=1787526788","ce3c9d0bc1c4459ba613f15ef50640aa-Max","good"
"gid://shopify/Product/8469424996541","Polka Dot Contrast Trim Leopard Round Neck Sweatshirt","https://cdn.shopify.com/s/files/1/0778/3278/2013/files/d62f5712-7e45-458a-9400-399ef1b1ba92-Max-Origin.webp?v=1787526796","d62f5712-7e45-458a-9400-399ef1b1ba92-Max-Origin","good"
"gid://shopify/Product/8469424996541","Polka Dot Contrast Trim Leopard Round Neck Sweatshirt","https://cdn.shopify.com/s/files/1/0778/3278/2013/files/38a761eb-a2a3-499d-b153-e386e980b49c-Max-Origin.webp?v=1787526796","38a761eb-a2a3-499d-b153-e386e980b49c-Max-Origin","good"
"gid://shopify/Product/8469424996541","Polka Dot Contrast Trim Leopard Round Neck Sweatshirt","https://cdn.shopify.com/s/files/1/0778/3278/2013/files/179ad886-5238-4aa9-81e3-727378a269fe-Max-Origin.webp?v=1787526796","179ad886-5238-4aa9-81e3-727378a269fe-Max-Origin","good"
"gid://shopify/Product/8469425356989","Oversized Quarter-Zip Hoodie","https://cdn.shopify.com/s/files/1/0778/3278/2013/files/108bb9dab02e414ca5d31b707bd3ae16-Max-Origin.webp?v=1787526806","108bb9dab02e414ca5d31b707bd3ae16-Max-Origin","good"
"gid://shopify/Product/8469425356989","Oversized Quarter-Zip Hoodie","https://cdn.shopify.com/s/files/1/0778/3278/2013/files/a71715233088414aa0efebb40772edef-Max-Origin.webp?v=1787526807","a71715233088414aa0efebb40772edef-Max-Origin","good"
"gid://shopify/Product/8469425356989","Oversized Quarter-Zip Hoodie","https://cdn.shopify.com/s/files/1/0778/3278/2013/files/8394daa404ee48ccb8e6a11972a64492-Max-Origin.webp?v=1787526807","8394daa404ee48ccb8e6a11972a64492-Max-Origin","good"
"gid://shopify/Product/8469425356989","Oversized Quarter-Zip Hoodie","https://cdn.shopify.com/s/files/1/0778/3278/2013/files/be115642b2c34ec4a0a85079530bac89-Max-Origin.webp?v=1787526806","be115642b2c34ec4a0a85079530bac89-Max-Origin","good"
"gid://shopify/Product/8469425356989","Oversized Quarter-Zip Hoodie","https://cdn.shopify.com/s/files/1/0778/3278/2013/files/be114a977d8c45c48686f4405b1b73fc-Max-Origin.webp?v=1787526806","be114a977d8c45c48686f4405b1b73fc-Max-Origin","good"
"gid://shopify/Product/8469425356989","Oversized Quarter-Zip Hoodie","https://cdn.shopify.com/s/files/1/0778/3278/2013/files/ce538237266942798c3daeecd0aa6445-Max-Origin.webp?v=1787526806","ce538237266942798c3daeecd0aa6445-Max-Origin","good"
"gid://shopify/Product/8469425356989","Oversized Quarter-Zip Hoodie","https://cdn.shopify.com/s/files/1/0778/3278/2013/files/c6d95ff8192245b6b88a3e7c42cd037b-Max-Origin.webp?v=1787526806","c6d95ff8192245b6b88a3e7c42cd037b-Max-Origin","good"
"gid://shopify/Product/8469425356989","Oversized Quarter-Zip Hoodie","https://cdn.shopify.com/s/files/1/0778/3278/2013/files/4ab2a7bab55e47389dfe991076c5d602-Max-Origin.webp?v=1787526807","4ab2a7bab55e47389dfe991076c5d602-Max-Origin","good"
"gid://shopify/Product/8469425356989","Oversized Quarter-Zip Hoodie","https://cdn.shopify.com/s/files/1/0778/3278/2013/files/e588767688374ca0ba1252d869d0bf4f-Max-Origin.webp?v=1787526806","e588767688374ca0ba1252d869d0bf4f-Max-Origin","good"
"gid://shopify/Product/8469425356989","Oversized Quarter-Zip Hoodie","https://cdn.shopify.com/s/files/1/0778/3278/2013/files/efc69101ae2642098e4f5dd0fb7b1dda-Max-Origin.webp?v=1787526806","efc69101ae2642098e4f5dd0fb7b1dda-Max-Origin","good"
"gid://shopify/Product/8469425356989","Oversized Quarter-Zip Hoodie","https://cdn.shopify.com/s/files/1/0778/3278/2013/files/a938c02269874784a411a20e64b4ac27-Max-Origin.webp?v=1787526806","a938c02269874784a411a20e64b4ac27-Max-Origin","good"
"gid://shopify/Product/8469425356989","Oversized Quarter-Zip Hoodie","https://cdn.shopify.com/s/files/1/0778/3278/2013/files/690c28038910480ca206dc065f71f96b-Max-Origin.webp?v=1787526807","690c28038910480ca206dc065f71f96b-Max-Origin","good"
"gid://shopify/Product/8469425356989","Oversized Quarter-Zip Hoodie","https://cdn.shopify.com/s/files/1/0778/3278/2013/files/d350d372ce5a4b29b4af1d97d2bfd70d-Max-Origin.webp?v=1787526807","d350d372ce5a4b29b4af1d97d2bfd70d-Max-Origin","good"
"gid://shopify/Product/8469425356989","Oversized Quarter-Zip Hoodie","https://cdn.shopify.com/s/files/1/0778/3278/2013/files/b53907292b744308a1a911c49b31c140-Max-Origin.webp?v=1787526806","b53907292b744308a1a911c49b31c140-Max-Origin","good"
"gid://shopify/Product/8469425356989","Oversized Quarter-Zip Hoodie","https://cdn.shopify.com/s/files/1/0778/3278/2013/files/d01b0f1e33ff462dbc7e38baa880f7d0-Max-Origin.webp?v=1787526806","d01b0f1e33ff462dbc7e38baa880f7d0-Max-Origin","good"
"gid://shopify/Product/8469425356989","Oversized Quarter-Zip Hoodie","https://cdn.shopify.com/s/files/1/0778/3278/2013/files/98a9e192131d4f918ff55a6a899ea7bf-Max-Origin.webp?v=1787526806","98a9e192131d4f918ff55a6a899ea7bf-Max-Origin","good"
"gid://shopify/Product/8469425356989","Oversized Quarter-Zip Hoodie","https://cdn.shopify.com/s/files/1/0778/3278/2013/files/0b0982f64802441ebfdb8dc460d71156-Max-Origin.webp?v=1787526807","0b0982f64802441ebfdb8dc460d71156-Max-Origin","good"
"gid://shopify/Product/8469425356989","Oversized Quarter-Zip Hoodie","https://cdn.shopify.com/s/files/1/0778/3278/2013/files/0b14aee0e62a439e8305e13a57522f04-Max-Origin.webp?v=1787526807","0b14aee0e62a439e8305e13a57522f04-Max-Origin","good"
"gid://shopify/Product/8469425356989","Oversized Quarter-Zip Hoodie","https://cdn.shopify.com/s/files/1/0778/3278/2013/files/306d44450d0f4a358ed86d4144e232b8-Max-Origin.webp?v=1787526806","306d44450d0f4a358ed86d4144e232b8-Max-Origin","good"
"gid://shopify/Product/8469425586365","Angel Wings Heathered Turtleneck Long Sleeve Sweater","https://cdn.shopify.com/s/files/1/0778/3278/2013/files/f767b65f6139400c933e6e11693421d8-Max.jpg?v=1788316298","Angel Wings Heathered Turtleneck Long Sleeve Sweater","good"
"gid://shopify/Product/8469425586365","Angel Wings Heathered Turtleneck Long Sleeve Sweater","https://cdn.shopify.com/s/files/1/0778/3278/2013/files/8a1e264cfa2740299535af06869bddd4-Max.jpg?v=1788316305","Angel Wings Heathered Turtleneck Long Sleeve Sweater","good"
"gid://shopify/Product/8469425586365","Angel Wings Heathered Turtleneck Long Sleeve Sweater","https://cdn.shopify.com/s/files/1/0778/3278/2013/files/00f0d5a15de24ba198381c9388ba43d7-Max.jpg?v=1788316312","Angel Wings Heathered Turtleneck Long Sleeve Sweater","good"
"gid://shopify/Product/8469425586365","Angel Wings Heathered Turtleneck Long Sleeve Sweater","https://cdn.shopify.com/s/files/1/0778/3278/2013/files/810dec1a545649d8814413b717080afb-Max.jpg?v=1788316318","Angel Wings Heathered Turtleneck Long Sleeve Sweater","good"
"gid://shopify/Product/8469425586365","Angel Wings Heathered Turtleneck Long Sleeve Sweater","https://cdn.shopify.com/s/files/1/0778/3278/2013/files/9b21817f982a41bbb6f02826f751c158-Max.jpg?v=1787526817","9b21817f982a41bbb6f02826f751c158-Max","good"
"gid://shopify/Product/8469425586365","Angel Wings Heathered Turtleneck Long Sleeve Sweater","https://cdn.shopify.com/s/files/1/0778/3278/2013/files/0a5db338d4af449d921f57ab887396de-Max.jpg?v=1787526818","0a5db338d4af449d921f57ab887396de-Max","good"
"gid://shopify/Product/8469425586365","Angel Wings Heathered Turtleneck Long Sleeve Sweater","https://cdn.shopify.com/s/files/1/0778/3278/2013/files/9703266fdf2a4d878e7bc27c50f1e9c3-Max.jpg?v=1787526817","9703266fdf2a4d878e7bc27c50f1e9c3-Max","good"
"gid://shopify/Product/8469425586365","Angel Wings Heathered Turtleneck Long Sleeve Sweater","https://cdn.shopify.com/s/files/1/0778/3278/2013/files/b7c6156cd9ee4c8da0196177e774c65c-Max.jpg?v=1787526817","b7c6156cd9ee4c8da0196177e774c65c-Max","good"
"gid://shopify/Product/8469425750205","Full Size Eyelet Ruffled Hem Tiered Dress Plus Size","https://cdn.shopify.com/s/files/1/0778/3278/2013/files/62f6905b2eff4cc78e63ea14d55f1e85-Max-Origin.webp?v=1787526828","62f6905b2eff4cc78e63ea14d55f1e85-Max-Origin","good"
"gid://shopify/Product/8469425750205","Full Size Eyelet Ruffled Hem Tiered Dress Plus Size","https://cdn.shopify.com/s/files/1/0778/3278/2013/files/fd4f94ca-4c0c-4299-94fb-fa87fe711b90-Max-Origin.webp?v=1787526827","fd4f94ca-4c0c-4299-94fb-fa87fe711b90-Max-Origin","good"
"gid://shopify/Product/8469425750205","Full Size Eyelet Ruffled Hem Tiered Dress Plus Size","https://cdn.shopify.com/s/files/1/0778/3278/2013/files/03c3b8bd-f477-4241-9b27-fce3efded8ca-Max-Origin.webp?v=1787526828","03c3b8bd-f477-4241-9b27-fce3efded8ca-Max-Origin","good"
"gid://shopify/Product/8469425750205","Full Size Eyelet Ruffled Hem Tiered Dress Plus Size","https://cdn.shopify.com/s/files/1/0778/3278/2013/files/073d498aa7554d228e50ea6f0e15292a-Max-Origin.webp?v=1787526828","073d498aa7554d228e50ea6f0e15292a-Max-Origin","good"
"gid://shopify/Product/8469425750205","Full Size Eyelet Ruffled Hem Tiered Dress Plus Size","https://cdn.shopify.com/s/files/1/0778/3278/2013/files/570041d5-24ab-4279-bb7f-fe864af9562d-Max-Origin.webp?v=1787526827","570041d5-24ab-4279-bb7f-fe864af9562d-Max-Origin","good"
"gid://shopify/Product/8469425750205","Full Size Eyelet Ruffled Hem Tiered Dress Plus Size","https://cdn.shopify.com/s/files/1/0778/3278/2013/files/20690e24-9aba-461f-95b5-46e1c7aca7f3-Max-Origin.webp?v=1787526827","20690e24-9aba-461f-95b5-46e1c7aca7f3-Max-Origin","good"
"gid://shopify/Product/8469425750205","Full Size Eyelet Ruffled Hem Tiered Dress Plus Size","https://cdn.shopify.com/s/files/1/0778/3278/2013/files/d31be3a5521941aeaa9bd42edceb0ccb-Max-Origin.webp?v=1787526827","d31be3a5521941aeaa9bd42edceb0ccb-Max-Origin","good"
"gid://shopify/Product/8469425750205","Full Size Eyelet Ruffled Hem Tiered Dress Plus Size","https://cdn.shopify.com/s/files/1/0778/3278/2013/files/541610b5-619c-44cc-97d7-1a50cf878a1e-Max-Origin.webp?v=1787526827","541610b5-619c-44cc-97d7-1a50cf878a1e-Max-Origin","good"
"gid://shopify/Product/8469425750205","Full Size Eyelet Ruffled Hem Tiered Dress Plus Size","https://cdn.shopify.com/s/files/1/0778/3278/2013/files/a44777cb-e4d3-4cd9-8e98-743d317cff4f-Max-Origin.webp?v=1787526827","a44777cb-e4d3-4cd9-8e98-743d317cff4f-Max-Origin","good"
"gid://shopify/Product/8469425750205","Full Size Eyelet Ruffled Hem Tiered Dress Plus Size","https://cdn.shopify.com/s/files/1/0778/3278/2013/files/51bde63665fc470a885d2db6f4ce71ac-Max-Origin.webp?v=1787526827","51bde63665fc470a885d2db6f4ce71ac-Max-Origin","good"
"gid://shopify/Product/8469425750205","Full Size Eyelet Ruffled Hem Tiered Dress Plus Size","https://cdn.shopify.com/s/files/1/0778/3278/2013/files/20e1ed08-9cf6-4e3a-90b8-a20a3fc0ae02-Max-Origin.webp?v=1787526827","20e1ed08-9cf6-4e3a-90b8-a20a3fc0ae02-Max-Origin","good"
"gid://shopify/Product/8469425750205","Full Size Eyelet Ruffled Hem Tiered Dress Plus Size","https://cdn.shopify.com/s/files/1/0778/3278/2013/files/0301c192-8a10-43c2-9c22-e5a5323f72ee-Max-Origin.webp?v=1787526827","0301c192-8a10-43c2-9c22-e5a5323f72ee-Max-Origin","good"
"gid://shopify/Product/8469425750205","Full Size Eyelet Ruffled Hem Tiered Dress Plus Size","https://cdn.shopify.com/s/files/1/0778/3278/2013/files/5f1b9469c82e42688677f75910a03865-Max-Origin.webp?v=1787526827","5f1b9469c82e42688677f75910a03865-Max-Origin","good"
"gid://shopify/Product/8469425750205","Full Size Eyelet Ruffled Hem Tiered Dress Plus Size","https://cdn.shopify.com/s/files/1/0778/3278/2013/files/efcabd2c-d44c-421f-a9d8-ef14eba6a44e-Max-Origin.webp?v=1787526827","efcabd2c-d44c-421f-a9d8-ef14eba6a44e-Max-Origin","good"
"gid://shopify/Product/8469425750205","Full Size Eyelet Ruffled Hem Tiered Dress Plus Size","https://cdn.shopify.com/s/files/1/0778/3278/2013/files/361aea8d-6f1d-4638-986c-343d9347b789-Max-Origin.webp?v=1787526827","361aea8d-6f1d-4638-986c-343d9347b789-Max-Origin","good"
"gid://shopify/Product/8469425750205","Full Size Eyelet Ruffled Hem Tiered Dress Plus Size","https://cdn.shopify.com/s/files/1/0778/3278/2013/files/8b9e04211a67493386e96f7d21600872-Max-Origin.webp?v=1787526827","8b9e04211a67493386e96f7d21600872-Max-Origin","good"
"gid://shopify/Product/8469425750205","Full Size Eyelet Ruffled Hem Tiered Dress Plus Size","https://cdn.shopify.com/s/files/1/0778/3278/2013/files/a4130e9b-9b20-4109-8133-4b871ac06645-Max-Origin.webp?v=1787526827","a4130e9b-9b20-4109-8133-4b871ac06645-Max-Origin","good"
"gid://shopify/Product/8469425750205","Full Size Eyelet Ruffled Hem Tiered Dress Plus Size","https://cdn.shopify.com/s/files/1/0778/3278/2013/files/a4781eee-5f3d-4232-af79-81db907b1947-Max-Origin.webp?v=1787526827","a4781eee-5f3d-4232-af79-81db907b1947-Max-Origin","good"
"gid://shopify/Product/8469425750205","Full Size Eyelet Ruffled Hem Tiered Dress Plus Size","https://cdn.shopify.com/s/files/1/0778/3278/2013/files/f8de8810bd95415bbcd3acdaa8457862-Max-Origin.webp?v=1787526827","f8de8810bd95415bbcd3acdaa8457862-Max-Origin","good"
"gid://shopify/Product/8469425750205","Full Size Eyelet Ruffled Hem Tiered Dress Plus Size","https://cdn.shopify.com/s/files/1/0778/3278/2013/files/5740cb2a-81ec-4760-89fe-26333b322662-Max-Origin.webp?v=1787526827","5740cb2a-81ec-4760-89fe-26333b322662-Max-Origin","good"
"gid://shopify/Product/8469425750205","Full Size Eyelet Ruffled Hem Tiered Dress Plus Size","https://cdn.shopify.com/s/files/1/0778/3278/2013/files/0d35794e-3679-41b8-879d-5838290f4ad2-Max-Origin.webp?v=1787526827","0d35794e-3679-41b8-879d-5838290f4ad2-Max-Origin","good"
"gid://shopify/Product/8469425750205","Full Size Eyelet Ruffled Hem Tiered Dress Plus Size","https://cdn.shopify.com/s/files/1/0778/3278/2013/files/6f59756b-6340-47e8-8019-03698a662dc6-Max-Origin.webp?v=1787526828","6f59756b-6340-47e8-8019-03698a662dc6-Max-Origin","good"
"gid://shopify/Product/8469425750205","Full Size Eyelet Ruffled Hem Tiered Dress Plus Size","https://cdn.shopify.com/s/files/1/0778/3278/2013/files/5aeb528e-443f-4576-bfa9-3ac576b521c8-Max-Origin.webp?v=1787526828","5aeb528e-443f-4576-bfa9-3ac576b521c8-Max-Origin","good"
"gid://shopify/Product/8469425750205","Full Size Eyelet Ruffled Hem Tiered Dress Plus Size","https://cdn.shopify.com/s/files/1/0778/3278/2013/files/7b6faf00-46aa-470c-a242-0845ee96ee91-Max-Origin.webp?v=1787526827","7b6faf00-46aa-470c-a242-0845ee96ee91-Max-Origin","good"
"gid://shopify/Product/8469425979581","Leopard Print Long Sleeve Shirt Dress with Contrast Trim","https://cdn.shopify.com/s/files/1/0778/3278/2013/files/0cba5e41-2d31-455c-bcc8-6647dd43fea8-Max-Origin.webp?v=1787526837","0cba5e41-2d31-455c-bcc8-6647dd43fea8-Max-Origin","good"
"gid://shopify/Product/8469425979581","Leopard Print Long Sleeve Shirt Dress with Contrast Trim","https://cdn.shopify.com/s/files/1/0778/3278/2013/files/9c816b5e-2d03-4520-9343-03c84e27e8ac-Max-Origin.webp?v=1787526836","9c816b5e-2d03-4520-9343-03c84e27e8ac-Max-Origin","good"
"gid://shopify/Product/8469425979581","Leopard Print Long Sleeve Shirt Dress with Contrast Trim","https://cdn.shopify.com/s/files/1/0778/3278/2013/files/f47460c7-538a-4140-9f4c-38da7b649f2a-Max-Origin.webp?v=1787526837","f47460c7-538a-4140-9f4c-38da7b649f2a-Max-Origin","good"
"gid://shopify/Product/8469425979581","Leopard Print Long Sleeve Shirt Dress with Contrast Trim","https://cdn.shopify.com/s/files/1/0778/3278/2013/files/799ed123-07d2-422a-97cf-bca598453d7b-Max-Origin.webp?v=1787526837","799ed123-07d2-422a-97cf-bca598453d7b-Max-Origin","good"
"gid://shopify/Product/8469425979581","Leopard Print Long Sleeve Shirt Dress with Contrast Trim","https://cdn.shopify.com/s/files/1/0778/3278/2013/files/114e0dcc-a927-4fd5-8e8d-2561f967aa5c-Max-Origin.webp?v=1787526836","114e0dcc-a927-4fd5-8e8d-2561f967aa5c-Max-Origin","good"
"gid://shopify/Product/8469425979581","Leopard Print Long Sleeve Shirt Dress with Contrast Trim","https://cdn.shopify.com/s/files/1/0778/3278/2013/files/a4db5455-789a-4c35-9268-d542ad9ecfa7-Max-Origin.webp?v=1787526837","a4db5455-789a-4c35-9268-d542ad9ecfa7-Max-Origin","good"
"gid://shopify/Product/8469425979581","Leopard Print Long Sleeve Shirt Dress with Contrast Trim","https://cdn.shopify.com/s/files/1/0778/3278/2013/files/b5a535c1-ea64-4d2a-9194-de52cc7129cc-Max-Origin.webp?v=1787526837","b5a535c1-ea64-4d2a-9194-de52cc7129cc-Max-Origin","good"
"gid://shopify/Product/8469425979581","Leopard Print Long Sleeve Shirt Dress with Contrast Trim","https://cdn.shopify.com/s/files/1/0778/3278/2013/files/3456e918-0654-428f-9957-90af139a94b1-Max-Origin.webp?v=1787526837","3456e918-0654-428f-9957-90af139a94b1-Max-Origin","good"
"gid://shopify/Product/8469425979581","Leopard Print Long Sleeve Shirt Dress with Contrast Trim","https://cdn.shopify.com/s/files/1/0778/3278/2013/files/88d52775-e888-4b4e-8f89-4813b682e6ee-Max-Origin.webp?v=1787526837","88d52775-e888-4b4e-8f89-4813b682e6ee-Max-Origin","good"
"gid://shopify/Product/8469425979581","Leopard Print Long Sleeve Shirt Dress with Contrast Trim","https://cdn.shopify.com/s/files/1/0778/3278/2013/files/e423badd-97eb-43cd-b741-02f1927bba5e-Max-Origin.webp?v=1787526837","e423badd-97eb-43cd-b741-02f1927bba5e-Max-Origin","good"
"gid://shopify/Product/8469425979581","Leopard Print Long Sleeve Shirt Dress with Contrast Trim","https://cdn.shopify.com/s/files/1/0778/3278/2013/files/ef23921f-8598-45d5-8204-c7d83f05c186-Max-Origin.webp?v=1787526837","ef23921f-8598-45d5-8204-c7d83f05c186-Max-Origin","good"
"gid://shopify/Product/8469425979581","Leopard Print Long Sleeve Shirt Dress with Contrast Trim","https://cdn.shopify.com/s/files/1/0778/3278/2013/files/36d5daca-17dd-4d9c-8d3a-4de3b84576ae-Max-Origin.webp?v=1787526837","36d5daca-17dd-4d9c-8d3a-4de3b84576ae-Max-Origin","good"
"gid://shopify/Product/8469425979581","Leopard Print Long Sleeve Shirt Dress with Contrast Trim","https://cdn.shopify.com/s/files/1/0778/3278/2013/files/73ab3877-a8ca-4a52-8395-3661c850c344-Max-Origin.webp?v=1787526837","73ab3877-a8ca-4a52-8395-3661c850c344-Max-Origin","good"
"gid://shopify/Product/8469425979581","Leopard Print Long Sleeve Shirt Dress with Contrast Trim","https://cdn.shopify.com/s/files/1/0778/3278/2013/files/3e412eb8-ed13-49df-a16c-7067acdac6ba-Max-Origin.webp?v=1787526837","3e412eb8-ed13-49df-a16c-7067acdac6ba-Max-Origin","good"
"gid://shopify/Product/8469425979581","Leopard Print Long Sleeve Shirt Dress with Contrast Trim","https://cdn.shopify.com/s/files/1/0778/3278/2013/files/62629ead-a426-4cc5-bffb-29e639c3dbb9-Max-Origin.webp?v=1787526837","62629ead-a426-4cc5-bffb-29e639c3dbb9-Max-Origin","good"
"gid://shopify/Product/8469425979581","Leopard Print Long Sleeve Shirt Dress with Contrast Trim","https://cdn.shopify.com/s/files/1/0778/3278/2013/files/e8b4cd7b-0e2e-4359-92a7-879b5d2d7fe2-Max-Origin.webp?v=1787526837","e8b4cd7b-0e2e-4359-92a7-879b5d2d7fe2-Max-Origin","good"
"gid://shopify/Product/8469425979581","Leopard Print Long Sleeve Shirt Dress with Contrast Trim","https://cdn.shopify.com/s/files/1/0778/3278/2013/files/f88adaa3-92d8-4556-962b-9177c36bd7bd-Max-Origin.webp?v=1787526837","f88adaa3-92d8-4556-962b-9177c36bd7bd-Max-Origin","good"
"gid://shopify/Product/8469425979581","Leopard Print Long Sleeve Shirt Dress with Contrast Trim","https://cdn.shopify.com/s/files/1/0778/3278/2013/files/83d59402-1c62-4faf-909d-278bf7b316ad-Max-Origin.webp?v=1787526837","83d59402-1c62-4faf-909d-278bf7b316ad-Max-Origin","good"
"gid://shopify/Product/8469426208957","Umgee Printed Puff Sleeve Ruffle Neck Top","https://cdn.shopify.com/s/files/1/0778/3278/2013/files/9345c841-7b76-4f51-93c8-7e778fcf8e87-Max-Origin.webp?v=1787526847","9345c841-7b76-4f51-93c8-7e778fcf8e87-Max-Origin","good"
"gid://shopify/Product/8469426208957","Umgee Printed Puff Sleeve Ruffle Neck Top","https://cdn.shopify.com/s/files/1/0778/3278/2013/files/ddfd30f1-6289-4a26-a0b4-00329d7f76c1-Max-Origin.webp?v=1787526847","ddfd30f1-6289-4a26-a0b4-00329d7f76c1-Max-Origin","good"
"gid://shopify/Product/8469426208957","Umgee Printed Puff Sleeve Ruffle Neck Top","https://cdn.shopify.com/s/files/1/0778/3278/2013/files/ad085469-011e-4d67-9cf6-1701356b5f61-Max-Origin.webp?v=1787526847","ad085469-011e-4d67-9cf6-1701356b5f61-Max-Origin","good"
"gid://shopify/Product/8469426208957","Umgee Printed Puff Sleeve Ruffle Neck Top","https://cdn.shopify.com/s/files/1/0778/3278/2013/files/2a14bdf0-43fa-431f-864b-0aa1e9f682a0-Max-Origin.webp?v=1787526847","2a14bdf0-43fa-431f-864b-0aa1e9f682a0-Max-Origin","good"
"gid://shopify/Product/8469426208957","Umgee Printed Puff Sleeve Ruffle Neck Top","https://cdn.shopify.com/s/files/1/0778/3278/2013/files/fa625398-31fd-46f8-86b2-4914e5c76605-Max-Origin.webp?v=1787526847","fa625398-31fd-46f8-86b2-4914e5c76605-Max-Origin","good"
"gid://shopify/Product/8469426208957","Umgee Printed Puff Sleeve Ruffle Neck Top","https://cdn.shopify.com/s/files/1/0778/3278/2013/files/d8748f1d-add8-4f02-8caa-d578ea307aa0-Max-Origin.webp?v=1787526847","d8748f1d-add8-4f02-8caa-d578ea307aa0-Max-Origin","good"
"gid://shopify/Product/8469426274493","Star Contrast Round Neck Long Sleeve Knit Top","https://cdn.shopify.com/s/files/1/0778/3278/2013/files/a7e93037-541c-430d-bd18-82609eeb83cf-Max.webp?v=1787526858","a7e93037-541c-430d-bd18-82609eeb83cf-Max","good"
"gid://shopify/Product/8469426274493","Star Contrast Round Neck Long Sleeve Knit Top","https://cdn.shopify.com/s/files/1/0778/3278/2013/files/09d4fd8f-9c33-41dd-8fe8-4500533c5cc6-Max.webp?v=1787526858","09d4fd8f-9c33-41dd-8fe8-4500533c5cc6-Max","good"
"gid://shopify/Product/8469426274493","Star Contrast Round Neck Long Sleeve Knit Top","https://cdn.shopify.com/s/files/1/0778/3278/2013/files/55281fe8-6b78-41ae-be9c-6f1d054a6667-Max.webp?v=1787526857","55281fe8-6b78-41ae-be9c-6f1d054a6667-Max","good"
"gid://shopify/Product/8469426274493","Star Contrast Round Neck Long Sleeve Knit Top","https://cdn.shopify.com/s/files/1/0778/3278/2013/files/6e120116-99ed-4527-a165-b7d26ef1a06a-Max.webp?v=1787526858","6e120116-99ed-4527-a165-b7d26ef1a06a-Max","good"
"gid://shopify/Product/8469426274493","Star Contrast Round Neck Long Sleeve Knit Top","https://cdn.shopify.com/s/files/1/0778/3278/2013/files/68793fc9-e0ea-4a23-9fe1-c83a4f504886-Max.webp?v=1787526858","68793fc9-e0ea-4a23-9fe1-c83a4f504886-Max","good"
"gid://shopify/Product/8469426274493","Star Contrast Round Neck Long Sleeve Knit Top","https://cdn.shopify.com/s/files/1/0778/3278/2013/files/a48b17d4-7766-47eb-869a-f494195900b6-Max.webp?v=1787526858","a48b17d4-7766-47eb-869a-f494195900b6-Max","good"
"gid://shopify/Product/8469426274493","Star Contrast Round Neck Long Sleeve Knit Top","https://cdn.shopify.com/s/files/1/0778/3278/2013/files/bfd43001-aa3f-443a-916d-494641dafc85-Max.webp?v=1787526858","bfd43001-aa3f-443a-916d-494641dafc85-Max","good"
"gid://shopify/Product/8469426536637","Mandy Rolled Cap Sleeve Round Neck Sweater Vest","https://cdn.shopify.com/s/files/1/0778/3278/2013/files/7db5aa76-1abb-4a93-b961-9790db7a052d-Max.webp?v=1787526869","7db5aa76-1abb-4a93-b961-9790db7a052d-Max","good"
"gid://shopify/Product/8469426536637","Mandy Rolled Cap Sleeve Round Neck Sweater Vest","https://cdn.shopify.com/s/files/1/0778/3278/2013/files/6b4ff2eb-3849-4154-a439-e0cfd86d461e-Max.webp?v=1787526869","6b4ff2eb-3849-4154-a439-e0cfd86d461e-Max","good"
"gid://shopify/Product/8469426536637","Mandy Rolled Cap Sleeve Round Neck Sweater Vest","https://cdn.shopify.com/s/files/1/0778/3278/2013/files/08035e2d-b68c-486f-b992-2024b925e1e9-Max.webp?v=1787526869","08035e2d-b68c-486f-b992-2024b925e1e9-Max","good"
"gid://shopify/Product/8469426536637","Mandy Rolled Cap Sleeve Round Neck Sweater Vest","https://cdn.shopify.com/s/files/1/0778/3278/2013/files/e01782ab-380b-4e8f-a14d-0d932eea751f-Max.webp?v=1787526869","e01782ab-380b-4e8f-a14d-0d932eea751f-Max","good"
"gid://shopify/Product/8469426536637","Mandy Rolled Cap Sleeve Round Neck Sweater Vest","https://cdn.shopify.com/s/files/1/0778/3278/2013/files/ddd5ee23-3643-4412-a962-951c9de8e85b-Max.webp?v=1787526869","ddd5ee23-3643-4412-a962-951c9de8e85b-Max","good"
"gid://shopify/Product/8469426536637","Mandy Rolled Cap Sleeve Round Neck Sweater Vest","https://cdn.shopify.com/s/files/1/0778/3278/2013/files/fe2bccb8-dccd-4235-8fa5-368b33695979-Max.webp?v=1787526869","fe2bccb8-dccd-4235-8fa5-368b33695979-Max","good"
"gid://shopify/Product/8469426536637","Mandy Rolled Cap Sleeve Round Neck Sweater Vest","https://cdn.shopify.com/s/files/1/0778/3278/2013/files/bc499595-cf75-413e-aec9-5757a2d96d36-Max.webp?v=1787526869","bc499595-cf75-413e-aec9-5757a2d96d36-Max","good"
"gid://shopify/Product/8469426536637","Mandy Rolled Cap Sleeve Round Neck Sweater Vest","https://cdn.shopify.com/s/files/1/0778/3278/2013/files/43fa5d9f-3912-4483-9d71-5d37eaf2a563-Max.webp?v=1787526869","43fa5d9f-3912-4483-9d71-5d37eaf2a563-Max","good"
"gid://shopify/Product/8469426536637","Mandy Rolled Cap Sleeve Round Neck Sweater Vest","https://cdn.shopify.com/s/files/1/0778/3278/2013/files/e554d96d-ec1f-41c9-856f-269fb83d82e5-Max.webp?v=1787526869","e554d96d-ec1f-41c9-856f-269fb83d82e5-Max","good"
"gid://shopify/Product/8469426536637","Mandy Rolled Cap Sleeve Round Neck Sweater Vest","https://cdn.shopify.com/s/files/1/0778/3278/2013/files/ed962b8d-02f5-4f02-a755-aaf3b8b22c31-Max.webp?v=1787526869","ed962b8d-02f5-4f02-a755-aaf3b8b22c31-Max","good"
"gid://shopify/Product/8469426536637","Mandy Rolled Cap Sleeve Round Neck Sweater Vest","https://cdn.shopify.com/s/files/1/0778/3278/2013/files/13ef008c-8044-4fae-ae5d-f8fc1fd0eba0-Max.webp?v=1787526869","13ef008c-8044-4fae-ae5d-f8fc1fd0eba0-Max","good"
"gid://shopify/Product/8469426536637","Mandy Rolled Cap Sleeve Round Neck Sweater Vest","https://cdn.shopify.com/s/files/1/0778/3278/2013/files/71a8fb30-3e00-4f7b-a0a7-28a7e58b9eb8-Max.webp?v=1787526869","71a8fb30-3e00-4f7b-a0a7-28a7e58b9eb8-Max","good"
"gid://shopify/Product/8469426536637","Mandy Rolled Cap Sleeve Round Neck Sweater Vest","https://cdn.shopify.com/s/files/1/0778/3278/2013/files/09a0754e-94af-4e5b-b6c8-3082bdfe11f7-Max.webp?v=1787526869","09a0754e-94af-4e5b-b6c8-3082bdfe11f7-Max","good"
"gid://shopify/Product/8469426536637","Mandy Rolled Cap Sleeve Round Neck Sweater Vest","https://cdn.shopify.com/s/files/1/0778/3278/2013/files/0ed9eeae-f41b-4161-8b84-9a4b584db385-Max.webp?v=1787526869","0ed9eeae-f41b-4161-8b84-9a4b584db385-Max","good"
"gid://shopify/Product/8469426536637","Mandy Rolled Cap Sleeve Round Neck Sweater Vest","https://cdn.shopify.com/s/files/1/0778/3278/2013/files/7ff53c5e-5374-45d9-acb0-6afc9eb8104f-Max.webp?v=1787526869","7ff53c5e-5374-45d9-acb0-6afc9eb8104f-Max","good"
"gid://shopify/Product/8469426536637","Mandy Rolled Cap Sleeve Round Neck Sweater Vest","https://cdn.shopify.com/s/files/1/0778/3278/2013/files/6b48b98f-c679-47fc-aa84-8cf32831b0bb-Max.webp?v=1787526869","6b48b98f-c679-47fc-aa84-8cf32831b0bb-Max","good"
"gid://shopify/Product/8469426536637","Mandy Rolled Cap Sleeve Round Neck Sweater Vest","https://cdn.shopify.com/s/files/1/0778/3278/2013/files/6cbd64ae-b753-4307-b806-2a3a03084dc0-Max.webp?v=1787526869","6cbd64ae-b753-4307-b806-2a3a03084dc0-Max","good"
"gid://shopify/Product/8469426536637","Mandy Rolled Cap Sleeve Round Neck Sweater Vest","https://cdn.shopify.com/s/files/1/0778/3278/2013/files/bebc2ef1-788f-46b6-a03f-d4a432047f6b-Max.webp?v=1787526869","bebc2ef1-788f-46b6-a03f-d4a432047f6b-Max","good"
"gid://shopify/Product/8469426536637","Mandy Rolled Cap Sleeve Round Neck Sweater Vest","https://cdn.shopify.com/s/files/1/0778/3278/2013/files/10bf2e09-9601-4bdd-b799-7ccf6ccd81db-Max.webp?v=1787526869","10bf2e09-9601-4bdd-b799-7ccf6ccd81db-Max","good"
"gid://shopify/Product/8469426536637","Mandy Rolled Cap Sleeve Round Neck Sweater Vest","https://cdn.shopify.com/s/files/1/0778/3278/2013/files/225ed6b4-384a-4b7c-ae9c-6a2240837f21-Max.webp?v=1787526869","225ed6b4-384a-4b7c-ae9c-6a2240837f21-Max","good"
"gid://shopify/Product/8469426536637","Mandy Rolled Cap Sleeve Round Neck Sweater Vest","https://cdn.shopify.com/s/files/1/0778/3278/2013/files/26881f78-44b9-4644-a0aa-95f3ccfb21c6-Max.webp?v=1787526869","26881f78-44b9-4644-a0aa-95f3ccfb21c6-Max","good"
"gid://shopify/Product/8469426536637","Mandy Rolled Cap Sleeve Round Neck Sweater Vest","https://cdn.shopify.com/s/files/1/0778/3278/2013/files/2b1bc375-3ace-4804-9563-d244b50ab2af-Max.webp?v=1787526869","2b1bc375-3ace-4804-9563-d244b50ab2af-Max","good"
"gid://shopify/Product/8469426536637","Mandy Rolled Cap Sleeve Round Neck Sweater Vest","https://cdn.shopify.com/s/files/1/0778/3278/2013/files/faaa0ab8-3d94-42d7-883a-e7fdd71625d4-Max.webp?v=1787526869","faaa0ab8-3d94-42d7-883a-e7fdd71625d4-Max","good"
"gid://shopify/Product/8469426536637","Mandy Rolled Cap Sleeve Round Neck Sweater Vest","https://cdn.shopify.com/s/files/1/0778/3278/2013/files/8484f122-8ec9-47d7-8905-8728f1e5a2b5-Max.webp?v=1787526869","8484f122-8ec9-47d7-8905-8728f1e5a2b5-Max","good"
"gid://shopify/Product/8469426700477","Plaid Deep V-Neck Long Sleeve Slim Fit Blouse","https://cdn.shopify.com/s/files/1/0778/3278/2013/files/f4c2f11c-6a9b-4496-b364-c98eda8b8536-Max-Origin.webp?v=1787526877","f4c2f11c-6a9b-4496-b364-c98eda8b8536-Max-Origin","good"
"gid://shopify/Product/8469426700477","Plaid Deep V-Neck Long Sleeve Slim Fit Blouse","https://cdn.shopify.com/s/files/1/0778/3278/2013/files/3f6fee87-c5da-4001-9ece-73ea9be95e24-Max-Origin.webp?v=1787526877","3f6fee87-c5da-4001-9ece-73ea9be95e24-Max-Origin","good"
"gid://shopify/Product/8469426700477","Plaid Deep V-Neck Long Sleeve Slim Fit Blouse","https://cdn.shopify.com/s/files/1/0778/3278/2013/files/b412fe2b-a49c-4787-95a2-cb5aa293262e-Max-Origin.webp?v=1787526877","b412fe2b-a49c-4787-95a2-cb5aa293262e-Max-Origin","good"
"gid://shopify/Product/8469426700477","Plaid Deep V-Neck Long Sleeve Slim Fit Blouse","https://cdn.shopify.com/s/files/1/0778/3278/2013/files/2f468f91-f56f-4484-9c95-1804fcd28a50-Max-Origin.webp?v=1787526877","2f468f91-f56f-4484-9c95-1804fcd28a50-Max-Origin","good"
"gid://shopify/Product/8469426700477","Plaid Deep V-Neck Long Sleeve Slim Fit Blouse","https://cdn.shopify.com/s/files/1/0778/3278/2013/files/7e6d0781-9ee7-4584-925f-4bd53914c710-Max-Origin.webp?v=1787526877","7e6d0781-9ee7-4584-925f-4bd53914c710-Max-Origin","good"
"gid://shopify/Product/8469427126461","Stripe holly jolly Letter Embroidered Pullover Sweatshirt","https://cdn.shopify.com/s/files/1/0778/3278/2013/files/07374318-870f-4962-9d0b-38a1314e95b0-Max-Origin.webp?v=1787526897","07374318-870f-4962-9d0b-38a1314e95b0-Max-Origin","good"
"gid://shopify/Product/8469427126461","Stripe holly jolly Letter Embroidered Pullover Sweatshirt","https://cdn.shopify.com/s/files/1/0778/3278/2013/files/cd49a507-069b-49f1-99e0-06689d02176c-Max-Origin.webp?v=1787526897","cd49a507-069b-49f1-99e0-06689d02176c-Max-Origin","good"
"gid://shopify/Product/8469427126461","Stripe holly jolly Letter Embroidered Pullover Sweatshirt","https://cdn.shopify.com/s/files/1/0778/3278/2013/files/74f3261c-f397-40a8-9a5d-05cbb647da5a-Max-Origin.webp?v=1787526897","74f3261c-f397-40a8-9a5d-05cbb647da5a-Max-Origin","good"
"gid://shopify/Product/8469427126461","Stripe holly jolly Letter Embroidered Pullover Sweatshirt","https://cdn.shopify.com/s/files/1/0778/3278/2013/files/c6f5acdd-ee0c-4351-89f8-b15965abbd34-Max-Origin.webp?v=1787526898","c6f5acdd-ee0c-4351-89f8-b15965abbd34-Max-Origin","good"
"gid://shopify/Product/8469427126461","Stripe holly jolly Letter Embroidered Pullover Sweatshirt","https://cdn.shopify.com/s/files/1/0778/3278/2013/files/9c16466c-b5f3-42b5-9de7-fb250c1848c5-Max-Origin.webp?v=1787526897","9c16466c-b5f3-42b5-9de7-fb250c1848c5-Max-Origin","good"
"gid://shopify/Product/8469427454141","Zenana Scuba Dolman Sleeve Sweatshirt","https://cdn.shopify.com/s/files/1/0778/3278/2013/files/bef6ac2f777f4e40a8ffc0717e22ee61-Max-Origin.webp?v=1787526908","bef6ac2f777f4e40a8ffc0717e22ee61-Max-Origin","good"
"gid://shopify/Product/8469427454141","Zenana Scuba Dolman Sleeve Sweatshirt","https://cdn.shopify.com/s/files/1/0778/3278/2013/files/d5bef66b-3428-4965-923f-463035a7fb53-Max.jpg?v=1787526908","d5bef66b-3428-4965-923f-463035a7fb53-Max","good"
"gid://shopify/Product/8469427454141","Zenana Scuba Dolman Sleeve Sweatshirt","https://cdn.shopify.com/s/files/1/0778/3278/2013/files/cd827c8e-06fc-4ff1-9427-262962c71daf-Max.jpg?v=1787526908","cd827c8e-06fc-4ff1-9427-262962c71daf-Max","good"
"gid://shopify/Product/8469427978429","Openwork Cropped Tank and Split Skirt Set","https://cdn.shopify.com/s/files/1/0778/3278/2013/files/2c25b26ab1b34c63b47cf52883828793-Max.webp?v=1787526929","2c25b26ab1b34c63b47cf52883828793-Max","good"
"gid://shopify/Product/8469427978429","Openwork Cropped Tank and Split Skirt Set","https://cdn.shopify.com/s/files/1/0778/3278/2013/files/c49eaff1fe6942a79ce6d118e58935c3-Max.webp?v=1787526929","c49eaff1fe6942a79ce6d118e58935c3-Max","good"
"gid://shopify/Product/8469427978429","Openwork Cropped Tank and Split Skirt Set","https://cdn.shopify.com/s/files/1/0778/3278/2013/files/267be2b3bc3a46528ee30251b406b9ca-Max.webp?v=1787526929","267be2b3bc3a46528ee30251b406b9ca-Max","good"
"gid://shopify/Product/8469427978429","Openwork Cropped Tank and Split Skirt Set","https://cdn.shopify.com/s/files/1/0778/3278/2013/files/e4e94a33ba384ec7a4a8f1b9c381d668-Max.webp?v=1787526929","e4e94a33ba384ec7a4a8f1b9c381d668-Max","good"
"gid://shopify/Product/8469427978429","Openwork Cropped Tank and Split Skirt Set","https://cdn.shopify.com/s/files/1/0778/3278/2013/files/d8f21f86d5be4d75a709051ea6c4b905-Max.webp?v=1787526930","d8f21f86d5be4d75a709051ea6c4b905-Max","good"
"gid://shopify/Product/8469427978429","Openwork Cropped Tank and Split Skirt Set","https://cdn.shopify.com/s/files/1/0778/3278/2013/files/dfbd607ba6584c9cbc755c6fa72fc990-Max.jpg?v=1787526930","dfbd607ba6584c9cbc755c6fa72fc990-Max","good"
"gid://shopify/Product/8469427978429","Openwork Cropped Tank and Split Skirt Set","https://cdn.shopify.com/s/files/1/0778/3278/2013/files/43d8ee29f57e481986cabd2d348e514a-Max.webp?v=1787526929","43d8ee29f57e481986cabd2d348e514a-Max","good"
"gid://shopify/Product/8469427978429","Openwork Cropped Tank and Split Skirt Set","https://cdn.shopify.com/s/files/1/0778/3278/2013/files/d2353553643e484abe1796181a5b0986-Max.webp?v=1787526929","d2353553643e484abe1796181a5b0986-Max","good"
"gid://shopify/Product/8469427978429","Openwork Cropped Tank and Split Skirt Set","https://cdn.shopify.com/s/files/1/0778/3278/2013/files/4632bcac5abc4afeb0e6824c3ea87d0a-Max.webp?v=1787526929","4632bcac5abc4afeb0e6824c3ea87d0a-Max","good"
"gid://shopify/Product/8469427978429","Openwork Cropped Tank and Split Skirt Set","https://cdn.shopify.com/s/files/1/0778/3278/2013/files/4520f890f39d463f987f3447f4c05b98-Max.webp?v=1787526929","4520f890f39d463f987f3447f4c05b98-Max","good"
"gid://shopify/Product/8469427978429","Openwork Cropped Tank and Split Skirt Set","https://cdn.shopify.com/s/files/1/0778/3278/2013/files/b71c2252d51648ada7027eb3ab310092-Max.webp?v=1787526929","b71c2252d51648ada7027eb3ab310092-Max","good"
"gid://shopify/Product/8469427978429","Openwork Cropped Tank and Split Skirt Set","https://cdn.shopify.com/s/files/1/0778/3278/2013/files/f75f84358e634758b7fa237cb6e69a4a-Max.webp?v=1787526929","f75f84358e634758b7fa237cb6e69a4a-Max","good"
"gid://shopify/Product/8469428142269","Men's Plus Size Zip Up Raglan Sleeve Jacket","https://cdn.shopify.com/s/files/1/0778/3278/2013/files/43990ad1b64a4fb6aff83a417671b803-Max-Origin.webp?v=1787526939","43990ad1b64a4fb6aff83a417671b803-Max-Origin","good"
"gid://shopify/Product/8469428142269","Men's Plus Size Zip Up Raglan Sleeve Jacket","https://cdn.shopify.com/s/files/1/0778/3278/2013/files/33d4af68f3fd41baa5efd9818065de07-Max-Origin.webp?v=1787526938","33d4af68f3fd41baa5efd9818065de07-Max-Origin","good"
"gid://shopify/Product/8469428142269","Men's Plus Size Zip Up Raglan Sleeve Jacket","https://cdn.shopify.com/s/files/1/0778/3278/2013/files/56867a0e015d4286868f51254a561b2f-Max-Origin.webp?v=1787526939","56867a0e015d4286868f51254a561b2f-Max-Origin","good"
"gid://shopify/Product/8469428142269","Men's Plus Size Zip Up Raglan Sleeve Jacket","https://cdn.shopify.com/s/files/1/0778/3278/2013/files/b17511b9516a4a53adc4a6155d497566-Max-Origin.webp?v=1787526939","b17511b9516a4a53adc4a6155d497566-Max-Origin","good"
"gid://shopify/Product/8469428371645","Ribbed Wide Leg Sweater Pants","https://cdn.shopify.com/s/files/1/0778/3278/2013/files/4eb5f2d9-6ff2-4435-b3b1-6edf5af56d44-Max.webp?v=1788324958","Ribbed Wide Leg Sweater Pants","good"
"gid://shopify/Product/8469428371645","Ribbed Wide Leg Sweater Pants","https://cdn.shopify.com/s/files/1/0778/3278/2013/files/4a4c9056-3c68-4c55-9681-555b80a706a2-Max.webp?v=1788324963","Ribbed Wide Leg Sweater Pants","good"
"gid://shopify/Product/8469428371645","Ribbed Wide Leg Sweater Pants","https://cdn.shopify.com/s/files/1/0778/3278/2013/files/6dfb5117-6944-4533-86a0-c6f3c6ca645e-Max.webp?v=1788324969","Ribbed Wide Leg Sweater Pants","good"
"gid://shopify/Product/8469428371645","Ribbed Wide Leg Sweater Pants","https://cdn.shopify.com/s/files/1/0778/3278/2013/files/dc9dae6d-33c4-423e-b447-13f5c5a5802e-Max.webp?v=1788324975","Ribbed Wide Leg Sweater Pants","good"
"gid://shopify/Product/8469428371645","Ribbed Wide Leg Sweater Pants","https://cdn.shopify.com/s/files/1/0778/3278/2013/files/6a4ae978-da13-4065-9b67-ca26a1792c4e-Max.webp?v=1788324981","Ribbed Wide Leg Sweater Pants","good"
"gid://shopify/Product/8469428371645","Ribbed Wide Leg Sweater Pants","https://cdn.shopify.com/s/files/1/0778/3278/2013/files/50c081d5-63f7-4f18-922c-1dedeed527e3-Max.webp?v=1787526951","50c081d5-63f7-4f18-922c-1dedeed527e3-Max","good"
"gid://shopify/Product/8469428371645","Ribbed Wide Leg Sweater Pants","https://cdn.shopify.com/s/files/1/0778/3278/2013/files/a9b267b4-24e6-4dbc-9634-d2da32d02365-Max.webp?v=1787526950","a9b267b4-24e6-4dbc-9634-d2da32d02365-Max","good"
"gid://shopify/Product/8469428371645","Ribbed Wide Leg Sweater Pants","https://cdn.shopify.com/s/files/1/0778/3278/2013/files/d4e0671e-f306-41ee-9b4d-203baa58df35-Max.webp?v=1787526951","d4e0671e-f306-41ee-9b4d-203baa58df35-Max","good"
"gid://shopify/Product/8469428371645","Ribbed Wide Leg Sweater Pants","https://cdn.shopify.com/s/files/1/0778/3278/2013/files/42ab2dee-27f2-4cc6-aa56-843c7505b07c-Max.webp?v=1787526951","42ab2dee-27f2-4cc6-aa56-843c7505b07c-Max","good"
"gid://shopify/Product/8469428371645","Ribbed Wide Leg Sweater Pants","https://cdn.shopify.com/s/files/1/0778/3278/2013/files/84b866e6-7946-44f5-96c3-e1f9ba9444d8-Max.webp?v=1787526950","84b866e6-7946-44f5-96c3-e1f9ba9444d8-Max","good"
"gid://shopify/Product/8469428371645","Ribbed Wide Leg Sweater Pants","https://cdn.shopify.com/s/files/1/0778/3278/2013/files/69ce42f6-12c5-497e-bbbd-0257355fb360-Max.webp?v=1787526950","69ce42f6-12c5-497e-bbbd-0257355fb360-Max","good"
"gid://shopify/Product/8469428371645","Ribbed Wide Leg Sweater Pants","https://cdn.shopify.com/s/files/1/0778/3278/2013/files/b83dbc9f-75d4-45df-b899-8bfafc101c98-Max.webp?v=1787526950","b83dbc9f-75d4-45df-b899-8bfafc101c98-Max","good"
"gid://shopify/Product/8469428371645","Ribbed Wide Leg Sweater Pants","https://cdn.shopify.com/s/files/1/0778/3278/2013/files/fc82c958-29a4-47d6-a030-feb072230f22-Max.webp?v=1787526950","fc82c958-29a4-47d6-a030-feb072230f22-Max","good"
"gid://shopify/Product/8469428371645","Ribbed Wide Leg Sweater Pants","https://cdn.shopify.com/s/files/1/0778/3278/2013/files/35499d44-538c-4323-9b07-a5f27c7fce32-Max.webp?v=1787526951","35499d44-538c-4323-9b07-a5f27c7fce32-Max","good"
"gid://shopify/Product/8469428371645","Ribbed Wide Leg Sweater Pants","https://cdn.shopify.com/s/files/1/0778/3278/2013/files/44deb7dd-5b02-42dc-b739-288348f45469-Max.webp?v=1787526951","44deb7dd-5b02-42dc-b739-288348f45469-Max","good"
"gid://shopify/Product/8469428371645","Ribbed Wide Leg Sweater Pants","https://cdn.shopify.com/s/files/1/0778/3278/2013/files/745b1aac-591d-4979-92b3-07e8ff80525b-Max.webp?v=1787526950","745b1aac-591d-4979-92b3-07e8ff80525b-Max","good"
"gid://shopify/Product/8469428371645","Ribbed Wide Leg Sweater Pants","https://cdn.shopify.com/s/files/1/0778/3278/2013/files/23a8ad12-23b9-48c7-b5bc-07e4a29b3efa-Max.webp?v=1787526950","23a8ad12-23b9-48c7-b5bc-07e4a29b3efa-Max","good"
"gid://shopify/Product/8469428371645","Ribbed Wide Leg Sweater Pants","https://cdn.shopify.com/s/files/1/0778/3278/2013/files/aa9199e4-70bb-40fd-acee-d563ed99c524-Max.webp?v=1787526950","aa9199e4-70bb-40fd-acee-d563ed99c524-Max","good"
"gid://shopify/Product/8469428371645","Ribbed Wide Leg Sweater Pants","https://cdn.shopify.com/s/files/1/0778/3278/2013/files/fb23d186-37cd-4fec-9a44-e743fbf2d556-Max.webp?v=1787526950","fb23d186-37cd-4fec-9a44-e743fbf2d556-Max","good"
"gid://shopify/Product/8469428371645","Ribbed Wide Leg Sweater Pants","https://cdn.shopify.com/s/files/1/0778/3278/2013/files/66c2d1e0-c45d-4dc2-a8a9-f78a936d55c9-Max.webp?v=1787526951","66c2d1e0-c45d-4dc2-a8a9-f78a936d55c9-Max","good"
"gid://shopify/Product/8469428502717","Spaghetti Strap Leopard Long Sleeve Blouse","https://cdn.shopify.com/s/files/1/0778/3278/2013/files/af5ad122-f17b-4f4e-98c8-46bb588b884a-Max-Origin.webp?v=1787526958","af5ad122-f17b-4f4e-98c8-46bb588b884a-Max-Origin","good"
"gid://shopify/Product/8469428502717","Spaghetti Strap Leopard Long Sleeve Blouse","https://cdn.shopify.com/s/files/1/0778/3278/2013/files/0fc91779-e7ba-487e-b4c3-6c147f85619b-Max-Origin.webp?v=1787526958","0fc91779-e7ba-487e-b4c3-6c147f85619b-Max-Origin","good"
"gid://shopify/Product/8469428502717","Spaghetti Strap Leopard Long Sleeve Blouse","https://cdn.shopify.com/s/files/1/0778/3278/2013/files/13967296-ff36-4808-9544-073a731571bd-Max-Origin.webp?v=1787526958","13967296-ff36-4808-9544-073a731571bd-Max-Origin","good"
"gid://shopify/Product/8469428502717","Spaghetti Strap Leopard Long Sleeve Blouse","https://cdn.shopify.com/s/files/1/0778/3278/2013/files/c6347b43-6f2c-4a7a-9e3a-c70405454a00-Max-Origin.webp?v=1787526958","c6347b43-6f2c-4a7a-9e3a-c70405454a00-Max-Origin","good"
"gid://shopify/Product/8469428502717","Spaghetti Strap Leopard Long Sleeve Blouse","https://cdn.shopify.com/s/files/1/0778/3278/2013/files/e58f13bb-7a84-420a-b65e-151f13f740dd-Max-Origin.webp?v=1787526959","e58f13bb-7a84-420a-b65e-151f13f740dd-Max-Origin","good"
"gid://shopify/Product/8469428502717","Spaghetti Strap Leopard Long Sleeve Blouse","https://cdn.shopify.com/s/files/1/0778/3278/2013/files/428bcab9-22a9-4a74-b8c0-9bffeb6d9624-Max-Origin.webp?v=1787526958","428bcab9-22a9-4a74-b8c0-9bffeb6d9624-Max-Origin","good"
"gid://shopify/Product/8469428732093","Texture Half Zip Cap Sleeve Mini Dress","https://cdn.shopify.com/s/files/1/0778/3278/2013/files/a69093f3-30e7-43ea-ac91-e55464f0274b-Max.webp?v=1787526970","a69093f3-30e7-43ea-ac91-e55464f0274b-Max","good"
"gid://shopify/Product/8469428732093","Texture Half Zip Cap Sleeve Mini Dress","https://cdn.shopify.com/s/files/1/0778/3278/2013/files/5e29ee29-f05b-44b2-bfdc-2596420198c3-Max.webp?v=1787526970","5e29ee29-f05b-44b2-bfdc-2596420198c3-Max","good"
"gid://shopify/Product/8469428732093","Texture Half Zip Cap Sleeve Mini Dress","https://cdn.shopify.com/s/files/1/0778/3278/2013/files/69788d55-0ff0-4f27-a938-7b04bd69b9e4-Max.webp?v=1787526970","69788d55-0ff0-4f27-a938-7b04bd69b9e4-Max","good"
"gid://shopify/Product/8469428732093","Texture Half Zip Cap Sleeve Mini Dress","https://cdn.shopify.com/s/files/1/0778/3278/2013/files/beff8431-49ed-41ca-a0b5-c47712cca4b1-Max.webp?v=1787526970","beff8431-49ed-41ca-a0b5-c47712cca4b1-Max","good"
"gid://shopify/Product/8469428732093","Texture Half Zip Cap Sleeve Mini Dress","https://cdn.shopify.com/s/files/1/0778/3278/2013/files/6806a585-41ba-4132-a51f-a5237af3ba2b-Max.webp?v=1787526970","6806a585-41ba-4132-a51f-a5237af3ba2b-Max","good"
"gid://shopify/Product/8469428732093","Texture Half Zip Cap Sleeve Mini Dress","https://cdn.shopify.com/s/files/1/0778/3278/2013/files/50164b42-a456-4b00-aa0b-cc71bdd1a1cc-Max.webp?v=1787526970","50164b42-a456-4b00-aa0b-cc71bdd1a1cc-Max","good"
"gid://shopify/Product/8469428732093","Texture Half Zip Cap Sleeve Mini Dress","https://cdn.shopify.com/s/files/1/0778/3278/2013/files/0b554b0e-c9b7-4ba0-8c25-7169d1222b2f-Max.webp?v=1787526970","0b554b0e-c9b7-4ba0-8c25-7169d1222b2f-Max","good"
"gid://shopify/Product/8469428732093","Texture Half Zip Cap Sleeve Mini Dress","https://cdn.shopify.com/s/files/1/0778/3278/2013/files/e89a8ca0-5dd4-4b5e-965e-5eceb66ec06a-Max.webp?v=1787526970","e89a8ca0-5dd4-4b5e-965e-5eceb66ec06a-Max","good"
"gid://shopify/Product/8469428732093","Texture Half Zip Cap Sleeve Mini Dress","https://cdn.shopify.com/s/files/1/0778/3278/2013/files/8a563f5d-2efa-45e7-b3e1-1b2d18921a40-Max.webp?v=1787526970","8a563f5d-2efa-45e7-b3e1-1b2d18921a40-Max","good"
"gid://shopify/Product/8469428732093","Texture Half Zip Cap Sleeve Mini Dress","https://cdn.shopify.com/s/files/1/0778/3278/2013/files/a3868856-318c-4b2a-a382-685ec4f8ebb2-Max.webp?v=1787526970","a3868856-318c-4b2a-a382-685ec4f8ebb2-Max","good"
"gid://shopify/Product/8469428732093","Texture Half Zip Cap Sleeve Mini Dress","https://cdn.shopify.com/s/files/1/0778/3278/2013/files/3f634915-85ac-4b91-bc21-bf6829a43a07-Max.webp?v=1787526970","3f634915-85ac-4b91-bc21-bf6829a43a07-Max","good"
"gid://shopify/Product/8469428732093","Texture Half Zip Cap Sleeve Mini Dress","https://cdn.shopify.com/s/files/1/0778/3278/2013/files/37bda700-c5d6-40d2-bd49-5dc596ccf073-Max.webp?v=1787526970","37bda700-c5d6-40d2-bd49-5dc596ccf073-Max","good"
"gid://shopify/Product/8469428732093","Texture Half Zip Cap Sleeve Mini Dress","https://cdn.shopify.com/s/files/1/0778/3278/2013/files/44023e6f-832b-462a-bd28-689b55e13b2b-Max.webp?v=1787526970","44023e6f-832b-462a-bd28-689b55e13b2b-Max","good"
"gid://shopify/Product/8469428732093","Texture Half Zip Cap Sleeve Mini Dress","https://cdn.shopify.com/s/files/1/0778/3278/2013/files/9fc6daa4-c7d5-4e1c-aeff-b3fc15cf08c7-Max.webp?v=1787526970","9fc6daa4-c7d5-4e1c-aeff-b3fc15cf08c7-Max","good"
"gid://shopify/Product/8469428732093","Texture Half Zip Cap Sleeve Mini Dress","https://cdn.shopify.com/s/files/1/0778/3278/2013/files/92920dd6-3eb3-449e-9224-b22f09c35b21-Max.webp?v=1787526970","92920dd6-3eb3-449e-9224-b22f09c35b21-Max","good"
"gid://shopify/Product/8469428732093","Texture Half Zip Cap Sleeve Mini Dress","https://cdn.shopify.com/s/files/1/0778/3278/2013/files/64cfb063-c052-4cdd-b69f-3d3f3d6c33e4-Max.webp?v=1787526970","64cfb063-c052-4cdd-b69f-3d3f3d6c33e4-Max","good"
"gid://shopify/Product/8469428732093","Texture Half Zip Cap Sleeve Mini Dress","https://cdn.shopify.com/s/files/1/0778/3278/2013/files/2e323dac-f42b-46c6-8804-3c1e999394dc-Max.webp?v=1787526970","2e323dac-f42b-46c6-8804-3c1e999394dc-Max","good"
"gid://shopify/Product/8469428732093","Texture Half Zip Cap Sleeve Mini Dress","https://cdn.shopify.com/s/files/1/0778/3278/2013/files/435a9d11-6bb2-45eb-96dd-6508c4a71971-Max.webp?v=1787526971","435a9d11-6bb2-45eb-96dd-6508c4a71971-Max","good"
"gid://shopify/Product/8469428732093","Texture Half Zip Cap Sleeve Mini Dress","https://cdn.shopify.com/s/files/1/0778/3278/2013/files/a00a55ad-1b73-4cd4-8d99-bdcf8a097976-Max.webp?v=1787526970","a00a55ad-1b73-4cd4-8d99-bdcf8a097976-Max","good"
"gid://shopify/Product/8469428732093","Texture Half Zip Cap Sleeve Mini Dress","https://cdn.shopify.com/s/files/1/0778/3278/2013/files/6c36dda4-48b2-45f8-96a3-a2b466082fde-Max.webp?v=1787526970","6c36dda4-48b2-45f8-96a3-a2b466082fde-Max","good"
"gid://shopify/Product/8469428732093","Texture Half Zip Cap Sleeve Mini Dress","https://cdn.shopify.com/s/files/1/0778/3278/2013/files/e907ef0c-89f8-4c29-a74b-3a409b1bf042-Max.webp?v=1787526970","e907ef0c-89f8-4c29-a74b-3a409b1bf042-Max","good"
"gid://shopify/Product/8469428732093","Texture Half Zip Cap Sleeve Mini Dress","https://cdn.shopify.com/s/files/1/0778/3278/2013/files/644db175-86cd-4805-bc5d-f97a9afda3f6-Max.webp?v=1787526971","644db175-86cd-4805-bc5d-f97a9afda3f6-Max","good"
"gid://shopify/Product/8469428928701","Umgee Linen Elastic Waist Wide Leg Pants","https://cdn.shopify.com/s/files/1/0778/3278/2013/files/aad6b079-0ebf-4567-996e-c590af13a334-Max-Origin.webp?v=1787526978","aad6b079-0ebf-4567-996e-c590af13a334-Max-Origin","good"
"gid://shopify/Product/8469428928701","Umgee Linen Elastic Waist Wide Leg Pants","https://cdn.shopify.com/s/files/1/0778/3278/2013/files/e6472eda-8901-4d1f-979e-7d4ec2af2601-Max-Origin.webp?v=1787526979","e6472eda-8901-4d1f-979e-7d4ec2af2601-Max-Origin","good"
"gid://shopify/Product/8469428928701","Umgee Linen Elastic Waist Wide Leg Pants","https://cdn.shopify.com/s/files/1/0778/3278/2013/files/a5801b17-1c70-443f-9926-d1fb23cae9e1-Max-Origin.webp?v=1787526979","a5801b17-1c70-443f-9926-d1fb23cae9e1-Max-Origin","good"
"gid://shopify/Product/8469428928701","Umgee Linen Elastic Waist Wide Leg Pants","https://cdn.shopify.com/s/files/1/0778/3278/2013/files/6bcb89ed-bbf2-4d17-a9d1-6a4be14fef9a-Max-Origin.webp?v=1787526979","6bcb89ed-bbf2-4d17-a9d1-6a4be14fef9a-Max-Origin","good"
"gid://shopify/Product/8469428928701","Umgee Linen Elastic Waist Wide Leg Pants","https://cdn.shopify.com/s/files/1/0778/3278/2013/files/32bc89ac-c9b6-46fe-9902-e991ce279ba5-Max-Origin.webp?v=1787526978","32bc89ac-c9b6-46fe-9902-e991ce279ba5-Max-Origin","good"
"gid://shopify/Product/8469429158077","Oversized Color-Block Crewneck Sweatshirt","https://cdn.shopify.com/s/files/1/0778/3278/2013/files/bd60202bd3964ff8855fb097f840b6bf-Max-Origin.webp?v=1787526989","bd60202bd3964ff8855fb097f840b6bf-Max-Origin","good"
"gid://shopify/Product/8469429158077","Oversized Color-Block Crewneck Sweatshirt","https://cdn.shopify.com/s/files/1/0778/3278/2013/files/1390b55ec1b042c9b462b01964903f30-Max-Origin.webp?v=1787526989","1390b55ec1b042c9b462b01964903f30-Max-Origin","good"
"gid://shopify/Product/8469429158077","Oversized Color-Block Crewneck Sweatshirt","https://cdn.shopify.com/s/files/1/0778/3278/2013/files/c5457713a0204491af744faf3ff84420-Max-Origin.webp?v=1787526989","c5457713a0204491af744faf3ff84420-Max-Origin","good"
"gid://shopify/Product/8469429158077","Oversized Color-Block Crewneck Sweatshirt","https://cdn.shopify.com/s/files/1/0778/3278/2013/files/3e357f2ae20c45ab9364de400398de7b-Max-Origin.webp?v=1787526989","3e357f2ae20c45ab9364de400398de7b-Max-Origin","good"
"gid://shopify/Product/8469429420221","Denim Trim Button Detail Sweatshirt","https://cdn.shopify.com/s/files/1/0778/3278/2013/files/bedb1292dc7e483c8dbbaf84669a68fb-Max-Origin.webp?v=1787526999","bedb1292dc7e483c8dbbaf84669a68fb-Max-Origin","good"
"gid://shopify/Product/8469429420221","Denim Trim Button Detail Sweatshirt","https://cdn.shopify.com/s/files/1/0778/3278/2013/files/ef36c8d2c040421093cc4118c4d5da41-Max-Origin.webp?v=1787526999","ef36c8d2c040421093cc4118c4d5da41-Max-Origin","good"
"gid://shopify/Product/8469429420221","Denim Trim Button Detail Sweatshirt","https://cdn.shopify.com/s/files/1/0778/3278/2013/files/63aeba621a744d149ddc3a22a5bfbd4e-Max-Origin.webp?v=1787526999","63aeba621a744d149ddc3a22a5bfbd4e-Max-Origin","good"
"gid://shopify/Product/8469429616829","Zenana V-Neck Short Sleeve Dolman Sweater","https://cdn.shopify.com/s/files/1/0778/3278/2013/files/b43a1554-3f3c-4e99-95a4-24fd6ba65294-Max.webp?v=1787527009","b43a1554-3f3c-4e99-95a4-24fd6ba65294-Max","good"
"gid://shopify/Product/8469429616829","Zenana V-Neck Short Sleeve Dolman Sweater","https://cdn.shopify.com/s/files/1/0778/3278/2013/files/38da6f00-66f4-4fd7-b862-1b01ca6ee13a-Max.webp?v=1787527009","38da6f00-66f4-4fd7-b862-1b01ca6ee13a-Max","good"
"gid://shopify/Product/8469429616829","Zenana V-Neck Short Sleeve Dolman Sweater","https://cdn.shopify.com/s/files/1/0778/3278/2013/files/ac0cb0c5-cfc8-447e-ab6b-27dbe794d8d6-Max.webp?v=1787527009","ac0cb0c5-cfc8-447e-ab6b-27dbe794d8d6-Max","good"
"gid://shopify/Product/8469429780669","Raw Seam Detail Solid Color Long Sleeve Top","https://cdn.shopify.com/s/files/1/0778/3278/2013/files/1fafd7cae13c4ffbadc115019d21442b-Max-Origin.webp?v=1787527019","1fafd7cae13c4ffbadc115019d21442b-Max-Origin","good"
"gid://shopify/Product/8469429780669","Raw Seam Detail Solid Color Long Sleeve Top","https://cdn.shopify.com/s/files/1/0778/3278/2013/files/3b52e967d9af40949863abdd9303df95-Max-Origin.webp?v=1787527019","3b52e967d9af40949863abdd9303df95-Max-Origin","good"
"gid://shopify/Product/8469429780669","Raw Seam Detail Solid Color Long Sleeve Top","https://cdn.shopify.com/s/files/1/0778/3278/2013/files/a3b1ac1878614d30a357469028168073-Max-Origin.webp?v=1787527019","a3b1ac1878614d30a357469028168073-Max-Origin","good"
"gid://shopify/Product/8469429780669","Raw Seam Detail Solid Color Long Sleeve Top","https://cdn.shopify.com/s/files/1/0778/3278/2013/files/38f942fc83c245a98646578d1352a40f-Max-Origin.webp?v=1787527019","38f942fc83c245a98646578d1352a40f-Max-Origin","good"
"gid://shopify/Product/8469429780669","Raw Seam Detail Solid Color Long Sleeve Top","https://cdn.shopify.com/s/files/1/0778/3278/2013/files/81a31e17558a4cadbcc3cab0e78e4855-Max-Origin.webp?v=1787527019","81a31e17558a4cadbcc3cab0e78e4855-Max-Origin","good"
"gid://shopify/Product/8469429780669","Raw Seam Detail Solid Color Long Sleeve Top","https://cdn.shopify.com/s/files/1/0778/3278/2013/files/74e64ac088354e64b5f6c925c2cb0550-Max-Origin.webp?v=1787527019","74e64ac088354e64b5f6c925c2cb0550-Max-Origin","good"
"gid://shopify/Product/8469429780669","Raw Seam Detail Solid Color Long Sleeve Top","https://cdn.shopify.com/s/files/1/0778/3278/2013/files/425aa8c1fb1c43719e045e432288bc54-Max-Origin.webp?v=1787527019","425aa8c1fb1c43719e045e432288bc54-Max-Origin","good"
"gid://shopify/Product/8469429780669","Raw Seam Detail Solid Color Long Sleeve Top","https://cdn.shopify.com/s/files/1/0778/3278/2013/files/b81a079c65734cb18bfb831b5b4e7a96-Max-Origin.webp?v=1787527019","b81a079c65734cb18bfb831b5b4e7a96-Max-Origin","good"
"gid://shopify/Product/8469429780669","Raw Seam Detail Solid Color Long Sleeve Top","https://cdn.shopify.com/s/files/1/0778/3278/2013/files/f3c493e82943467fa4501c936c9c9e98-Max-Origin.webp?v=1787527019","f3c493e82943467fa4501c936c9c9e98-Max-Origin","good"
"gid://shopify/Product/8469429780669","Raw Seam Detail Solid Color Long Sleeve Top","https://cdn.shopify.com/s/files/1/0778/3278/2013/files/2a787a9c36bd42a399b939227ec686ad-Max-Origin.webp?v=1787527019","2a787a9c36bd42a399b939227ec686ad-Max-Origin","good"
"gid://shopify/Product/8469429944509","Lace Button Up Long Sleeve Shirt","https://cdn.shopify.com/s/files/1/0778/3278/2013/files/33b9c584-c9d0-4370-98f1-3e423b27fb2c-Max-Origin.webp?v=1787527029","33b9c584-c9d0-4370-98f1-3e423b27fb2c-Max-Origin","good"
"gid://shopify/Product/8469429944509","Lace Button Up Long Sleeve Shirt","https://cdn.shopify.com/s/files/1/0778/3278/2013/files/0af99946-28c5-454a-88b9-1eed52eda3b3-Max-Origin.webp?v=1787527029","0af99946-28c5-454a-88b9-1eed52eda3b3-Max-Origin","good"
"gid://shopify/Product/8469429944509","Lace Button Up Long Sleeve Shirt","https://cdn.shopify.com/s/files/1/0778/3278/2013/files/8a10c2f9-bec0-4811-8c98-4e6fb0f0be3b-Max-Origin.webp?v=1787527029","8a10c2f9-bec0-4811-8c98-4e6fb0f0be3b-Max-Origin","good"
"gid://shopify/Product/8469429944509","Lace Button Up Long Sleeve Shirt","https://cdn.shopify.com/s/files/1/0778/3278/2013/files/603e12ef-f3dd-4d08-b685-eb8f55ddafbc-Max-Origin.webp?v=1787527029","603e12ef-f3dd-4d08-b685-eb8f55ddafbc-Max-Origin","good"
"gid://shopify/Product/8469430173885","Western Patchwork Cow Drop Shoulder Sweatshirt","https://cdn.shopify.com/s/files/1/0778/3278/2013/files/39c15b04b112482e8db1007e7a1ad3a1-Max-Origin.webp?v=1787527039","39c15b04b112482e8db1007e7a1ad3a1-Max-Origin","good"
"gid://shopify/Product/8469430173885","Western Patchwork Cow Drop Shoulder Sweatshirt","https://cdn.shopify.com/s/files/1/0778/3278/2013/files/9e1f8c0d73fc4feeb5cb746c1afa3658-Max-Origin.webp?v=1787527039","9e1f8c0d73fc4feeb5cb746c1afa3658-Max-Origin","good"
"gid://shopify/Product/8469430173885","Western Patchwork Cow Drop Shoulder Sweatshirt","https://cdn.shopify.com/s/files/1/0778/3278/2013/files/bcbb6ede54ef4614bd3868e904d0ab00-Max-Origin.webp?v=1787527039","bcbb6ede54ef4614bd3868e904d0ab00-Max-Origin","good"
"gid://shopify/Product/8469430304957","Zenana Seamless Winkle Stone Washed Tank Top","https://cdn.shopify.com/s/files/1/0778/3278/2013/files/c1ed4269c63f4582a6c442010cb9110c-Max-Origin.webp?v=1787527049","c1ed4269c63f4582a6c442010cb9110c-Max-Origin","good"
"gid://shopify/Product/8469430304957","Zenana Seamless Winkle Stone Washed Tank Top","https://cdn.shopify.com/s/files/1/0778/3278/2013/files/cc18ecfc-8aac-432b-a6c0-da4e002d2c9b-Max.jpg?v=1787527049","cc18ecfc-8aac-432b-a6c0-da4e002d2c9b-Max","good"
"gid://shopify/Product/8469430304957","Zenana Seamless Winkle Stone Washed Tank Top","https://cdn.shopify.com/s/files/1/0778/3278/2013/files/ba5d05c9-d2bf-450c-a247-b08da9f1224d-Max.jpg?v=1787527050","ba5d05c9-d2bf-450c-a247-b08da9f1224d-Max","good"
"gid://shopify/Product/8469430468797","Umgee Abstract Print Babydoll Mini Dress","https://cdn.shopify.com/s/files/1/0778/3278/2013/files/81075609-6924-4f41-a515-7fd43ab0bc9c-Max-Origin.webp?v=1787527060","81075609-6924-4f41-a515-7fd43ab0bc9c-Max-Origin","good"
"gid://shopify/Product/8469430468797","Umgee Abstract Print Babydoll Mini Dress","https://cdn.shopify.com/s/files/1/0778/3278/2013/files/0e0e49c5-4089-4d32-9b7a-64ec582990e0-Max-Origin.webp?v=1787527060","0e0e49c5-4089-4d32-9b7a-64ec582990e0-Max-Origin","good"
"gid://shopify/Product/8469430468797","Umgee Abstract Print Babydoll Mini Dress","https://cdn.shopify.com/s/files/1/0778/3278/2013/files/39dc2cb3-052f-426b-bf04-b98932453036-Max-Origin.webp?v=1787527060","39dc2cb3-052f-426b-bf04-b98932453036-Max-Origin","good"
"gid://shopify/Product/8469430468797","Umgee Abstract Print Babydoll Mini Dress","https://cdn.shopify.com/s/files/1/0778/3278/2013/files/03b6fb92-1f77-4b0f-a9d0-401e7f20ac45-Max-Origin.webp?v=1787527060","03b6fb92-1f77-4b0f-a9d0-401e7f20ac45-Max-Origin","good"
"gid://shopify/Product/8469430468797","Umgee Abstract Print Babydoll Mini Dress","https://cdn.shopify.com/s/files/1/0778/3278/2013/files/1d877fff-81a1-48a0-aa7e-767afcf14061-Max-Origin.webp?v=1787527060","1d877fff-81a1-48a0-aa7e-767afcf14061-Max-Origin","good"
"gid://shopify/Product/8469430698173","Full Size Hollow Out Round Neck Top Plus Size","https://cdn.shopify.com/s/files/1/0778/3278/2013/files/b15e7b749a1d42e5aa92d3cd662ca446-Max-Origin.webp?v=1787527071","b15e7b749a1d42e5aa92d3cd662ca446-Max-Origin","good"
"gid://shopify/Product/8469430698173","Full Size Hollow Out Round Neck Top Plus Size","https://cdn.shopify.com/s/files/1/0778/3278/2013/files/3c24c27a-34a9-48a6-98fe-f0168d723900-Max-Origin.webp?v=1787527071","3c24c27a-34a9-48a6-98fe-f0168d723900-Max-Origin","good"
"gid://shopify/Product/8469430698173","Full Size Hollow Out Round Neck Top Plus Size","https://cdn.shopify.com/s/files/1/0778/3278/2013/files/6d1e5d65e1cd4c46b078612fae959e90-Max-Origin.webp?v=1787527071","6d1e5d65e1cd4c46b078612fae959e90-Max-Origin","good"
"gid://shopify/Product/8469430698173","Full Size Hollow Out Round Neck Top Plus Size","https://cdn.shopify.com/s/files/1/0778/3278/2013/files/76556274-8a74-42c2-8f7c-fa74c7ff4d37-Max-Origin.webp?v=1787527071","76556274-8a74-42c2-8f7c-fa74c7ff4d37-Max-Origin","good"
"gid://shopify/Product/8469430698173","Full Size Hollow Out Round Neck Top Plus Size","https://cdn.shopify.com/s/files/1/0778/3278/2013/files/76b514ec679e454abfd75f0ba51d5e85-Max-Origin.webp?v=1787527071","76b514ec679e454abfd75f0ba51d5e85-Max-Origin","good"
"gid://shopify/Product/8469430698173","Full Size Hollow Out Round Neck Top Plus Size","https://cdn.shopify.com/s/files/1/0778/3278/2013/files/405e1353-a8df-4f64-af31-70a8f058d501-Max-Origin.webp?v=1787527071","405e1353-a8df-4f64-af31-70a8f058d501-Max-Origin","good"
"gid://shopify/Product/8469430698173","Full Size Hollow Out Round Neck Top Plus Size","https://cdn.shopify.com/s/files/1/0778/3278/2013/files/91ce3b93a3be4094b12ab64c55d57a0b-Max-Origin.webp?v=1787527071","91ce3b93a3be4094b12ab64c55d57a0b-Max-Origin","good"
"gid://shopify/Product/8469430698173","Full Size Hollow Out Round Neck Top Plus Size","https://cdn.shopify.com/s/files/1/0778/3278/2013/files/a185c12b-d44b-40da-8409-6254d942d0a4-Max-Origin.webp?v=1787527071","a185c12b-d44b-40da-8409-6254d942d0a4-Max-Origin","good"
"gid://shopify/Product/8469430698173","Full Size Hollow Out Round Neck Top Plus Size","https://cdn.shopify.com/s/files/1/0778/3278/2013/files/71b705213cfa4fbcb54cf6241d398fc3-Max-Origin.webp?v=1787527071","71b705213cfa4fbcb54cf6241d398fc3-Max-Origin","good"
"gid://shopify/Product/8469430698173","Full Size Hollow Out Round Neck Top Plus Size","https://cdn.shopify.com/s/files/1/0778/3278/2013/files/57b38543-f8fd-4361-a304-612976339134-Max-Origin.webp?v=1787527071","57b38543-f8fd-4361-a304-612976339134-Max-Origin","good"
"gid://shopify/Product/8469430698173","Full Size Hollow Out Round Neck Top Plus Size","https://cdn.shopify.com/s/files/1/0778/3278/2013/files/304dcce97c7a4e2a9d8af4a111b9546a-Max-Origin.webp?v=1787527071","304dcce97c7a4e2a9d8af4a111b9546a-Max-Origin","good"
"gid://shopify/Product/8469430698173","Full Size Hollow Out Round Neck Top Plus Size","https://cdn.shopify.com/s/files/1/0778/3278/2013/files/b55fd8e3-ed66-4362-a128-f151b21c0fc6-Max-Origin.webp?v=1787527071","b55fd8e3-ed66-4362-a128-f151b21c0fc6-Max-Origin","good"
"gid://shopify/Product/8469430698173","Full Size Hollow Out Round Neck Top Plus Size","https://cdn.shopify.com/s/files/1/0778/3278/2013/files/c24ce7d124c84fef8181c594f6060cd9-Max-Origin.webp?v=1787527071","c24ce7d124c84fef8181c594f6060cd9-Max-Origin","good"
"gid://shopify/Product/8469430698173","Full Size Hollow Out Round Neck Top Plus Size","https://cdn.shopify.com/s/files/1/0778/3278/2013/files/11c3ec6e-4ee5-42d3-ba41-597a9c8bf69d-Max-Origin.webp?v=1787527071","11c3ec6e-4ee5-42d3-ba41-597a9c8bf69d-Max-Origin","good"
"gid://shopify/Product/8469430698173","Full Size Hollow Out Round Neck Top Plus Size","https://cdn.shopify.com/s/files/1/0778/3278/2013/files/374a0dace23b47bf95c868b473abdc73-Max-Origin.webp?v=1787527071","374a0dace23b47bf95c868b473abdc73-Max-Origin","good"
"gid://shopify/Product/8469430698173","Full Size Hollow Out Round Neck Top Plus Size","https://cdn.shopify.com/s/files/1/0778/3278/2013/files/9fa575eb-8aeb-4b71-b230-e109d8422a9d-Max-Origin.webp?v=1787527071","9fa575eb-8aeb-4b71-b230-e109d8422a9d-Max-Origin","good"
"gid://shopify/Product/8469430698173","Full Size Hollow Out Round Neck Top Plus Size","https://cdn.shopify.com/s/files/1/0778/3278/2013/files/fbe6aeb5c76047589164a72f33646eb1-Max-Origin.webp?v=1787527071","fbe6aeb5c76047589164a72f33646eb1-Max-Origin","good"
"gid://shopify/Product/8469430698173","Full Size Hollow Out Round Neck Top Plus Size","https://cdn.shopify.com/s/files/1/0778/3278/2013/files/4d5faef8-75a4-4700-9f6a-351cc46e646a-Max-Origin.webp?v=1787527071","4d5faef8-75a4-4700-9f6a-351cc46e646a-Max-Origin","good"
"gid://shopify/Product/8469430698173","Full Size Hollow Out Round Neck Top Plus Size","https://cdn.shopify.com/s/files/1/0778/3278/2013/files/356e4d6b180a46788fcd5f10ac0c48dc-Max-Origin.webp?v=1787527071","356e4d6b180a46788fcd5f10ac0c48dc-Max-Origin","good"
"gid://shopify/Product/8469430698173","Full Size Hollow Out Round Neck Top Plus Size","https://cdn.shopify.com/s/files/1/0778/3278/2013/files/90032d65-64ee-4298-b4f8-f27eda2c7692-Max-Origin.webp?v=1787527071","90032d65-64ee-4298-b4f8-f27eda2c7692-Max-Origin","good"
"gid://shopify/Product/8469430698173","Full Size Hollow Out Round Neck Top Plus Size","https://cdn.shopify.com/s/files/1/0778/3278/2013/files/30fcd728-6b9b-4790-8650-0fce0ad9f104-Max-Origin.webp?v=1787527071","30fcd728-6b9b-4790-8650-0fce0ad9f104-Max-Origin","good"
"gid://shopify/Product/8469430698173","Full Size Hollow Out Round Neck Top Plus Size","https://cdn.shopify.com/s/files/1/0778/3278/2013/files/94a296bc-af39-4966-a200-fd5e83e8dcdd-Max-Origin.webp?v=1787527071","94a296bc-af39-4966-a200-fd5e83e8dcdd-Max-Origin","good"
"gid://shopify/Product/8469430698173","Full Size Hollow Out Round Neck Top Plus Size","https://cdn.shopify.com/s/files/1/0778/3278/2013/files/4a8841dcff4e40cd97a2aa631181be33-Max-Origin.webp?v=1787527071","4a8841dcff4e40cd97a2aa631181be33-Max-Origin","good"
"gid://shopify/Product/8469430698173","Full Size Hollow Out Round Neck Top Plus Size","https://cdn.shopify.com/s/files/1/0778/3278/2013/files/1445626c-47e8-49a7-a248-a3fba64f38e9-Max-Origin.webp?v=1787527071","1445626c-47e8-49a7-a248-a3fba64f38e9-Max-Origin","good"
"gid://shopify/Product/8469430894781","Graphic Round Neck Casual Sweatshirt","https://cdn.shopify.com/s/files/1/0778/3278/2013/files/b9ecf158-ea45-4dcd-96d3-c618d8e61244-Max-Origin.webp?v=1787527081","b9ecf158-ea45-4dcd-96d3-c618d8e61244-Max-Origin","good"
"gid://shopify/Product/8469430894781","Graphic Round Neck Casual Sweatshirt","https://cdn.shopify.com/s/files/1/0778/3278/2013/files/896acfb5-8f61-4887-b753-bfad5f3f959c-Max-Origin.webp?v=1787527080","896acfb5-8f61-4887-b753-bfad5f3f959c-Max-Origin","good"
"gid://shopify/Product/8469430894781","Graphic Round Neck Casual Sweatshirt","https://cdn.shopify.com/s/files/1/0778/3278/2013/files/1c7b1c14-8576-482e-a5af-e6695de10103-Max-Origin.webp?v=1787527080","1c7b1c14-8576-482e-a5af-e6695de10103-Max-Origin","good"
"gid://shopify/Product/8469430894781","Graphic Round Neck Casual Sweatshirt","https://cdn.shopify.com/s/files/1/0778/3278/2013/files/03efa00f-b573-4186-8ecf-7ffeca46b7bb-Max-Origin.webp?v=1787527080","03efa00f-b573-4186-8ecf-7ffeca46b7bb-Max-Origin","good"
"gid://shopify/Product/8469430894781","Graphic Round Neck Casual Sweatshirt","https://cdn.shopify.com/s/files/1/0778/3278/2013/files/955f6d81-6579-4a89-8c62-5a441f789483-Max-Origin.webp?v=1787527081","955f6d81-6579-4a89-8c62-5a441f789483-Max-Origin","good"
"gid://shopify/Product/8469430894781","Graphic Round Neck Casual Sweatshirt","https://cdn.shopify.com/s/files/1/0778/3278/2013/files/75735412-1c45-4375-86c0-bcc826216b18-Max-Origin.webp?v=1787527080","75735412-1c45-4375-86c0-bcc826216b18-Max-Origin","good"
"gid://shopify/Product/8469430894781","Graphic Round Neck Casual Sweatshirt","https://cdn.shopify.com/s/files/1/0778/3278/2013/files/bca9ebb8-8adb-487e-8e2d-c3f9871cdc70-Max-Origin.webp?v=1787527081","bca9ebb8-8adb-487e-8e2d-c3f9871cdc70-Max-Origin","good"
"gid://shopify/Product/8469430894781","Graphic Round Neck Casual Sweatshirt","https://cdn.shopify.com/s/files/1/0778/3278/2013/files/f3a4aeab-399e-4431-8582-36bd3b760785-Max-Origin.webp?v=1787527081","f3a4aeab-399e-4431-8582-36bd3b760785-Max-Origin","good"
"gid://shopify/Product/8469430894781","Graphic Round Neck Casual Sweatshirt","https://cdn.shopify.com/s/files/1/0778/3278/2013/files/a39e4a6c-ec16-4dd2-b8e5-f05df09312ba-Max-Origin.webp?v=1787527080","a39e4a6c-ec16-4dd2-b8e5-f05df09312ba-Max-Origin","good"
"gid://shopify/Product/8469430894781","Graphic Round Neck Casual Sweatshirt","https://cdn.shopify.com/s/files/1/0778/3278/2013/files/b5903432-066d-4686-b932-dadeb1696396-Max-Origin.webp?v=1787527081","b5903432-066d-4686-b932-dadeb1696396-Max-Origin","good"
"gid://shopify/Product/8469430894781","Graphic Round Neck Casual Sweatshirt","https://cdn.shopify.com/s/files/1/0778/3278/2013/files/f0e81b6c-62e5-4ea1-9b72-d8d9c906101d-Max-Origin.webp?v=1787527081","f0e81b6c-62e5-4ea1-9b72-d8d9c906101d-Max-Origin","good"
"gid://shopify/Product/8469431255229","Full Size Ruffled Hem V-Neck Sleeveless Dress Plus Size","https://cdn.shopify.com/s/files/1/0778/3278/2013/files/26a9cbad263e4239b827b966eace48e7-Max-Origin.webp?v=1787527091","26a9cbad263e4239b827b966eace48e7-Max-Origin","good"
"gid://shopify/Product/8469431255229","Full Size Ruffled Hem V-Neck Sleeveless Dress Plus Size","https://cdn.shopify.com/s/files/1/0778/3278/2013/files/dcc15c13279d4d66ba5c3821cd747635-Max-Origin.webp?v=1787527091","dcc15c13279d4d66ba5c3821cd747635-Max-Origin","good"
"gid://shopify/Product/8469431255229","Full Size Ruffled Hem V-Neck Sleeveless Dress Plus Size","https://cdn.shopify.com/s/files/1/0778/3278/2013/files/c7b78e30-7ce6-4007-9270-557258d51974-Max-Origin.webp?v=1787527092","c7b78e30-7ce6-4007-9270-557258d51974-Max-Origin","good"
"gid://shopify/Product/8469431255229","Full Size Ruffled Hem V-Neck Sleeveless Dress Plus Size","https://cdn.shopify.com/s/files/1/0778/3278/2013/files/e01952df1baf48238ad259bb37a52308-Max-Origin.webp?v=1787527091","e01952df1baf48238ad259bb37a52308-Max-Origin","good"
"gid://shopify/Product/8469431255229","Full Size Ruffled Hem V-Neck Sleeveless Dress Plus Size","https://cdn.shopify.com/s/files/1/0778/3278/2013/files/606a1960-d6f9-49d7-815f-33bc225c4128-Max-Origin.webp?v=1787527091","606a1960-d6f9-49d7-815f-33bc225c4128-Max-Origin","good"
"gid://shopify/Product/8469431255229","Full Size Ruffled Hem V-Neck Sleeveless Dress Plus Size","https://cdn.shopify.com/s/files/1/0778/3278/2013/files/8628b50a-c124-4525-b60e-ee21396f1310-Max-Origin.webp?v=1787527091","8628b50a-c124-4525-b60e-ee21396f1310-Max-Origin","good"
"gid://shopify/Product/8469431255229","Full Size Ruffled Hem V-Neck Sleeveless Dress Plus Size","https://cdn.shopify.com/s/files/1/0778/3278/2013/files/202110cf-bef0-4d63-affc-b22b60bbdb26-Max-Origin.webp?v=1787527091","202110cf-bef0-4d63-affc-b22b60bbdb26-Max-Origin","good"
"gid://shopify/Product/8469431255229","Full Size Ruffled Hem V-Neck Sleeveless Dress Plus Size","https://cdn.shopify.com/s/files/1/0778/3278/2013/files/9b44f567-44d9-4ab3-afb9-4d68151d32af-Max-Origin.webp?v=1787527092","9b44f567-44d9-4ab3-afb9-4d68151d32af-Max-Origin","good"
"gid://shopify/Product/8469431255229","Full Size Ruffled Hem V-Neck Sleeveless Dress Plus Size","https://cdn.shopify.com/s/files/1/0778/3278/2013/files/f3216c1a-8a55-47cc-892a-b609574d237f-Max-Origin.webp?v=1787527091","f3216c1a-8a55-47cc-892a-b609574d237f-Max-Origin","good"
"gid://shopify/Product/8469431255229","Full Size Ruffled Hem V-Neck Sleeveless Dress Plus Size","https://cdn.shopify.com/s/files/1/0778/3278/2013/files/cd05692743914cc18278ab0da9afdc30-Max-Origin.webp?v=1787527091","cd05692743914cc18278ab0da9afdc30-Max-Origin","good"
"gid://shopify/Product/8469431255229","Full Size Ruffled Hem V-Neck Sleeveless Dress Plus Size","https://cdn.shopify.com/s/files/1/0778/3278/2013/files/fbb4cee0-d843-42f6-a787-10a5a0012eee-Max-Origin.webp?v=1787527091","fbb4cee0-d843-42f6-a787-10a5a0012eee-Max-Origin","good"
"gid://shopify/Product/8469431255229","Full Size Ruffled Hem V-Neck Sleeveless Dress Plus Size","https://cdn.shopify.com/s/files/1/0778/3278/2013/files/0554342e-8c87-49df-a4f4-93a391e0264e-Max-Origin.webp?v=1787527091","0554342e-8c87-49df-a4f4-93a391e0264e-Max-Origin","good"
"gid://shopify/Product/8469431255229","Full Size Ruffled Hem V-Neck Sleeveless Dress Plus Size","https://cdn.shopify.com/s/files/1/0778/3278/2013/files/7ebc3b5594814a7aa58a551d8624d9f2-Max-Origin.webp?v=1787527091","7ebc3b5594814a7aa58a551d8624d9f2-Max-Origin","good"
"gid://shopify/Product/8469431255229","Full Size Ruffled Hem V-Neck Sleeveless Dress Plus Size","https://cdn.shopify.com/s/files/1/0778/3278/2013/files/c5e6a388-26db-470d-9d7f-afdd2c101001-Max-Origin.webp?v=1787527091","c5e6a388-26db-470d-9d7f-afdd2c101001-Max-Origin","good"
"gid://shopify/Product/8469431255229","Full Size Ruffled Hem V-Neck Sleeveless Dress Plus Size","https://cdn.shopify.com/s/files/1/0778/3278/2013/files/c2443a51-fbfa-4c5e-8dd5-6f4e50f5861a-Max-Origin.webp?v=1787527091","c2443a51-fbfa-4c5e-8dd5-6f4e50f5861a-Max-Origin","good"
"gid://shopify/Product/8469431255229","Full Size Ruffled Hem V-Neck Sleeveless Dress Plus Size","https://cdn.shopify.com/s/files/1/0778/3278/2013/files/0d8b5c65ca0f45bd84c0dad4963e603c-Max-Origin.webp?v=1787527091","0d8b5c65ca0f45bd84c0dad4963e603c-Max-Origin","good"
"gid://shopify/Product/8469431255229","Full Size Ruffled Hem V-Neck Sleeveless Dress Plus Size","https://cdn.shopify.com/s/files/1/0778/3278/2013/files/95ba4e43-821e-48df-b30d-bb23de2587d2-Max-Origin.webp?v=1787527091","95ba4e43-821e-48df-b30d-bb23de2587d2-Max-Origin","good"
"gid://shopify/Product/8469431255229","Full Size Ruffled Hem V-Neck Sleeveless Dress Plus Size","https://cdn.shopify.com/s/files/1/0778/3278/2013/files/196aeafd-4bbf-4ad4-93fb-b149a3dc710a-Max-Origin.webp?v=1787527091","196aeafd-4bbf-4ad4-93fb-b149a3dc710a-Max-Origin","good"
"gid://shopify/Product/8469431255229","Full Size Ruffled Hem V-Neck Sleeveless Dress Plus Size","https://cdn.shopify.com/s/files/1/0778/3278/2013/files/6cae8e04-7f58-45c7-a2bc-ce7f604049a0-Max-Origin.webp?v=1787527091","6cae8e04-7f58-45c7-a2bc-ce7f604049a0-Max-Origin","good"
"gid://shopify/Product/8469431255229","Full Size Ruffled Hem V-Neck Sleeveless Dress Plus Size","https://cdn.shopify.com/s/files/1/0778/3278/2013/files/765fb5d8-713f-4ff3-9bb6-d7fc12d83780-Max-Origin.webp?v=1787527091","765fb5d8-713f-4ff3-9bb6-d7fc12d83780-Max-Origin","good"
"gid://shopify/Product/8469431255229","Full Size Ruffled Hem V-Neck Sleeveless Dress Plus Size","https://cdn.shopify.com/s/files/1/0778/3278/2013/files/72bfea85-63e2-4fff-b3a3-d2eaaaca908a-Max-Origin.webp?v=1787527091","72bfea85-63e2-4fff-b3a3-d2eaaaca908a-Max-Origin","good"
"gid://shopify/Product/8469431255229","Full Size Ruffled Hem V-Neck Sleeveless Dress Plus Size","https://cdn.shopify.com/s/files/1/0778/3278/2013/files/eea69fb8f80b4c5bb90f856018a73fc4-Max-Origin.webp?v=1787527091","eea69fb8f80b4c5bb90f856018a73fc4-Max-Origin","good"
"gid://shopify/Product/8469431255229","Full Size Ruffled Hem V-Neck Sleeveless Dress Plus Size","https://cdn.shopify.com/s/files/1/0778/3278/2013/files/0e4f796a-fede-426d-93b9-91116180ef45-Max-Origin.webp?v=1787527091","0e4f796a-fede-426d-93b9-91116180ef45-Max-Origin","good"
"gid://shopify/Product/8469431255229","Full Size Ruffled Hem V-Neck Sleeveless Dress Plus Size","https://cdn.shopify.com/s/files/1/0778/3278/2013/files/9216d4bb-d078-41e1-9e48-6dab11901bb6-Max-Origin.webp?v=1787527092","9216d4bb-d078-41e1-9e48-6dab11901bb6-Max-Origin","good"
"gid://shopify/Product/8469518090429","Men's Plus Size Drawstring Casual Hooded Parka Coat","https://cdn.shopify.com/s/files/1/0778/3278/2013/files/46744a0b50a2472d87023047b5a3927a-Max-Origin.webp?v=1787536181","46744a0b50a2472d87023047b5a3927a-Max-Origin","good"
"gid://shopify/Product/8469518090429","Men's Plus Size Drawstring Casual Hooded Parka Coat","https://cdn.shopify.com/s/files/1/0778/3278/2013/files/b9f712a8dbbc40a197eb45ea2ff03d92-Max-Origin.webp?v=1787536181","b9f712a8dbbc40a197eb45ea2ff03d92-Max-Origin","good"
"gid://shopify/Product/8469518090429","Men's Plus Size Drawstring Casual Hooded Parka Coat","https://cdn.shopify.com/s/files/1/0778/3278/2013/files/7a5a138d778f454abfb9b474d34af221-Max-Origin.webp?v=1787536181","7a5a138d778f454abfb9b474d34af221-Max-Origin","good"
"gid://shopify/Product/8469518090429","Men's Plus Size Drawstring Casual Hooded Parka Coat","https://cdn.shopify.com/s/files/1/0778/3278/2013/files/92e22895c7b5428db558daeee1f61c70-Max-Origin.webp?v=1787536181","92e22895c7b5428db558daeee1f61c70-Max-Origin","good"
"gid://shopify/Product/8469518254269","Men's Plus Size Classic Button Up Denim Blazer","https://cdn.shopify.com/s/files/1/0778/3278/2013/files/458060322836441880b6190e0ddb4f1f-Max-Origin.webp?v=1787536191","458060322836441880b6190e0ddb4f1f-Max-Origin","good"
"gid://shopify/Product/8469518254269","Men's Plus Size Classic Button Up Denim Blazer","https://cdn.shopify.com/s/files/1/0778/3278/2013/files/a5cb5e18ceab44e8abf2dc645d898ac0-Max-Origin.webp?v=1787536191","a5cb5e18ceab44e8abf2dc645d898ac0-Max-Origin","good"
"gid://shopify/Product/8469518254269","Men's Plus Size Classic Button Up Denim Blazer","https://cdn.shopify.com/s/files/1/0778/3278/2013/files/e284443af29d41edb3a378c828b8d55a-Max-Origin.webp?v=1787536191","e284443af29d41edb3a378c828b8d55a-Max-Origin","good"
"gid://shopify/Product/8469518254269","Men's Plus Size Classic Button Up Denim Blazer","https://cdn.shopify.com/s/files/1/0778/3278/2013/files/5c9c747b-0254-4472-8b25-f8e6255427ef-Max-Origin.webp?v=1787536191","5c9c747b-0254-4472-8b25-f8e6255427ef-Max-Origin","good"
"gid://shopify/Product/8469518254269","Men's Plus Size Classic Button Up Denim Blazer","https://cdn.shopify.com/s/files/1/0778/3278/2013/files/3bf465f2-49be-407a-96c6-846a49cf2758-Max-Origin.webp?v=1787536191","3bf465f2-49be-407a-96c6-846a49cf2758-Max-Origin","good"
"gid://shopify/Product/8469518287037","Men's Plus Size Zip Up Motorcycle Jacket","https://cdn.shopify.com/s/files/1/0778/3278/2013/files/d155d596d2b440e6b305006757b7ef7a-Max-Origin.webp?v=1787536201","d155d596d2b440e6b305006757b7ef7a-Max-Origin","good"
"gid://shopify/Product/8469518287037","Men's Plus Size Zip Up Motorcycle Jacket","https://cdn.shopify.com/s/files/1/0778/3278/2013/files/14d679e87fce4297b2e07432e90713fb-Max-Origin.webp?v=1787536201","14d679e87fce4297b2e07432e90713fb-Max-Origin","good"
"gid://shopify/Product/8469518287037","Men's Plus Size Zip Up Motorcycle Jacket","https://cdn.shopify.com/s/files/1/0778/3278/2013/files/6074b10560884084bf133e71e4bba929-Max-Origin.webp?v=1787536201","6074b10560884084bf133e71e4bba929-Max-Origin","good"
"gid://shopify/Product/8469518287037","Men's Plus Size Zip Up Motorcycle Jacket","https://cdn.shopify.com/s/files/1/0778/3278/2013/files/beae61b8cb014d1bbc4ab60dfc126115-Max-Origin.webp?v=1787536201","beae61b8cb014d1bbc4ab60dfc126115-Max-Origin","good"
"gid://shopify/Product/8469518287037","Men's Plus Size Zip Up Motorcycle Jacket","https://cdn.shopify.com/s/files/1/0778/3278/2013/files/23cbe50e8fc14ae29f1cda3a5061d81a-Max-Origin.webp?v=1787536201","23cbe50e8fc14ae29f1cda3a5061d81a-Max-Origin","good"
"gid://shopify/Product/8469518287037","Men's Plus Size Zip Up Motorcycle Jacket","https://cdn.shopify.com/s/files/1/0778/3278/2013/files/773e05ade6d643538a713ddd97fdf99c-Max-Origin.webp?v=1787536201","773e05ade6d643538a713ddd97fdf99c-Max-Origin","good"
"gid://shopify/Product/8469518287037","Men's Plus Size Zip Up Motorcycle Jacket","https://cdn.shopify.com/s/files/1/0778/3278/2013/files/199dc563f84048179679318ee0223b65-Max-Origin.webp?v=1787536201","199dc563f84048179679318ee0223b65-Max-Origin","good"
"gid://shopify/Product/8469518287037","Men's Plus Size Zip Up Motorcycle Jacket","https://cdn.shopify.com/s/files/1/0778/3278/2013/files/97e3073942564f3fa98ca14d33d79159-Max-Origin.webp?v=1787536201","97e3073942564f3fa98ca14d33d79159-Max-Origin","good"
"gid://shopify/Product/8469518319805","Men's Plus Size Zip Up Bomber Jacket","https://cdn.shopify.com/s/files/1/0778/3278/2013/files/abc9e99eefbc49468597193147730eb0-Max-Origin.webp?v=1787536211","abc9e99eefbc49468597193147730eb0-Max-Origin","good"
"gid://shopify/Product/8469518319805","Men's Plus Size Zip Up Bomber Jacket","https://cdn.shopify.com/s/files/1/0778/3278/2013/files/703f17bd-b94c-4de2-89ab-762db2e1c4fc-Max-Origin.webp?v=1787536211","703f17bd-b94c-4de2-89ab-762db2e1c4fc-Max-Origin","good"
"gid://shopify/Product/8469518319805","Men's Plus Size Zip Up Bomber Jacket","https://cdn.shopify.com/s/files/1/0778/3278/2013/files/25c5da63b18c4e2284e10f46aa2d6145-Max-Origin.webp?v=1787536211","25c5da63b18c4e2284e10f46aa2d6145-Max-Origin","good"
"gid://shopify/Product/8469518319805","Men's Plus Size Zip Up Bomber Jacket","https://cdn.shopify.com/s/files/1/0778/3278/2013/files/cb7c794c9eb246faa56bc3d40508c81a-Max-Origin.webp?v=1787536211","cb7c794c9eb246faa56bc3d40508c81a-Max-Origin","good"
"gid://shopify/Product/8469518319805","Men's Plus Size Zip Up Bomber Jacket","https://cdn.shopify.com/s/files/1/0778/3278/2013/files/705553c4b3254bd99809670f4113f4c3-Max-Origin.webp?v=1787536211","705553c4b3254bd99809670f4113f4c3-Max-Origin","good"
"gid://shopify/Product/8469518319805","Men's Plus Size Zip Up Bomber Jacket","https://cdn.shopify.com/s/files/1/0778/3278/2013/files/607c5fc065734ed0ab9b500bf06f296d-Max-Origin.webp?v=1787536211","607c5fc065734ed0ab9b500bf06f296d-Max-Origin","good"
"gid://shopify/Product/8469518352573","Men's Plus Size Dual Chest Pockets Shacket","https://cdn.shopify.com/s/files/1/0778/3278/2013/files/574370e51ee14ad7af5209a266ec04f1-Max-Origin.webp?v=1787536221","574370e51ee14ad7af5209a266ec04f1-Max-Origin","good"
"gid://shopify/Product/8469518352573","Men's Plus Size Dual Chest Pockets Shacket","https://cdn.shopify.com/s/files/1/0778/3278/2013/files/f4ef0a1bb5de45faafbf2a12d725310b-Max-Origin.webp?v=1787536221","f4ef0a1bb5de45faafbf2a12d725310b-Max-Origin","good"
"gid://shopify/Product/8469518352573","Men's Plus Size Dual Chest Pockets Shacket","https://cdn.shopify.com/s/files/1/0778/3278/2013/files/5d9c57ef-ff1f-4637-b1b2-a983d7e80183-Max-Origin.webp?v=1787536221","5d9c57ef-ff1f-4637-b1b2-a983d7e80183-Max-Origin","good"
"gid://shopify/Product/8469518352573","Men's Plus Size Dual Chest Pockets Shacket","https://cdn.shopify.com/s/files/1/0778/3278/2013/files/872f7eb53a7c459c8e9638a979576e67-Max-Origin.webp?v=1787536221","872f7eb53a7c459c8e9638a979576e67-Max-Origin","good"
"gid://shopify/Product/8469518352573","Men's Plus Size Dual Chest Pockets Shacket","https://cdn.shopify.com/s/files/1/0778/3278/2013/files/0bcb4263-ef7f-447b-94c2-02257aa66aab-Max-Origin.webp?v=1787536221","0bcb4263-ef7f-447b-94c2-02257aa66aab-Max-Origin","good"
"gid://shopify/Product/8469518352573","Men's Plus Size Dual Chest Pockets Shacket","https://cdn.shopify.com/s/files/1/0778/3278/2013/files/cc3bf8e998c840babb069993684253df-Max-Origin.webp?v=1787536221","cc3bf8e998c840babb069993684253df-Max-Origin","good"
"gid://shopify/Product/8469518385341","Men's Plus Size Stand Collar Leather Moto Jacket","https://cdn.shopify.com/s/files/1/0778/3278/2013/files/cc9e57bfca024adb89266ac9d01d0d0e-Max-Origin.webp?v=1787536232","cc9e57bfca024adb89266ac9d01d0d0e-Max-Origin","good"
"gid://shopify/Product/8469518385341","Men's Plus Size Stand Collar Leather Moto Jacket","https://cdn.shopify.com/s/files/1/0778/3278/2013/files/0c43bc89e64f45b3b83d91ab8fc73997-Max-Origin.webp?v=1787536231","0c43bc89e64f45b3b83d91ab8fc73997-Max-Origin","good"
"gid://shopify/Product/8469518385341","Men's Plus Size Stand Collar Leather Moto Jacket","https://cdn.shopify.com/s/files/1/0778/3278/2013/files/2ca4cfdf6f424a7994772859fb5c92ee-Max-Origin.webp?v=1787536232","2ca4cfdf6f424a7994772859fb5c92ee-Max-Origin","good"
"gid://shopify/Product/8469518385341","Men's Plus Size Stand Collar Leather Moto Jacket","https://cdn.shopify.com/s/files/1/0778/3278/2013/files/aab3a872-1878-4095-8c0c-ebbece115a64-Max-Origin.webp?v=1787536231","aab3a872-1878-4095-8c0c-ebbece115a64-Max-Origin","good"
"gid://shopify/Product/8469518385341","Men's Plus Size Stand Collar Leather Moto Jacket","https://cdn.shopify.com/s/files/1/0778/3278/2013/files/f752cf867323451381819daf8093bd03-Max-Origin.webp?v=1787536231","f752cf867323451381819daf8093bd03-Max-Origin","good"
"gid://shopify/Product/8469518385341","Men's Plus Size Stand Collar Leather Moto Jacket","https://cdn.shopify.com/s/files/1/0778/3278/2013/files/de397bb3-ab2b-41f6-a802-359d10906afa-Max-Origin.webp?v=1787536231","de397bb3-ab2b-41f6-a802-359d10906afa-Max-Origin","good"
"gid://shopify/Product/8469518418109","Men's Plus Size Slim Fit Velvet Blazer","https://cdn.shopify.com/s/files/1/0778/3278/2013/files/37f5d49338ad4966a8103e194110bda9-Max-Origin.webp?v=1787536242","37f5d49338ad4966a8103e194110bda9-Max-Origin","good"
"gid://shopify/Product/8469518418109","Men's Plus Size Slim Fit Velvet Blazer","https://cdn.shopify.com/s/files/1/0778/3278/2013/files/e7131c7285574de098ef3ce463a51865-Max-Origin.webp?v=1787536242","e7131c7285574de098ef3ce463a51865-Max-Origin","good"
"gid://shopify/Product/8469518418109","Men's Plus Size Slim Fit Velvet Blazer","https://cdn.shopify.com/s/files/1/0778/3278/2013/files/65facdb2bae148fc897bf55eb1d6a374-Max-Origin.webp?v=1787536242","65facdb2bae148fc897bf55eb1d6a374-Max-Origin","good"
"gid://shopify/Product/8469518418109","Men's Plus Size Slim Fit Velvet Blazer","https://cdn.shopify.com/s/files/1/0778/3278/2013/files/84b8d3deae0b42d1a06a27067bc8baa9-Max-Origin.webp?v=1787536242","84b8d3deae0b42d1a06a27067bc8baa9-Max-Origin","good"
"gid://shopify/Product/8469518418109","Men's Plus Size Slim Fit Velvet Blazer","https://cdn.shopify.com/s/files/1/0778/3278/2013/files/0a5061b6a6644e879a2faa68203a6fb0-Max-Origin.webp?v=1787536242","0a5061b6a6644e879a2faa68203a6fb0-Max-Origin","good"
"gid://shopify/Product/8469518614717","Men's Plus Size Zip Up Hooded Padded Puffer Jacket","https://cdn.shopify.com/s/files/1/0778/3278/2013/files/a1cdac53598448d9aaa221c8fb18cc3a-Max-Origin.webp?v=1787536251","a1cdac53598448d9aaa221c8fb18cc3a-Max-Origin","good"
"gid://shopify/Product/8469518614717","Men's Plus Size Zip Up Hooded Padded Puffer Jacket","https://cdn.shopify.com/s/files/1/0778/3278/2013/files/8a8fceb8-2795-4b14-a167-77f73e8fef1e-Max-Origin.webp?v=1787536251","8a8fceb8-2795-4b14-a167-77f73e8fef1e-Max-Origin","good"
"gid://shopify/Product/8469518614717","Men's Plus Size Zip Up Hooded Padded Puffer Jacket","https://cdn.shopify.com/s/files/1/0778/3278/2013/files/1c1fdb4c-cf6a-423e-8b51-cb37339150e9-Max-Origin.webp?v=1787536251","1c1fdb4c-cf6a-423e-8b51-cb37339150e9-Max-Origin","good"
"gid://shopify/Product/8469518647485","Men's Plus Size Zip Up Hooded Contrast Puffer Jacket","https://cdn.shopify.com/s/files/1/0778/3278/2013/files/4856bc6f4e484250aaab1829406af9a4-Max-Origin.webp?v=1787536261","4856bc6f4e484250aaab1829406af9a4-Max-Origin","good"
"gid://shopify/Product/8469518647485","Men's Plus Size Zip Up Hooded Contrast Puffer Jacket","https://cdn.shopify.com/s/files/1/0778/3278/2013/files/2e58f4239e444f9d836887f8cdcd33e0-Max-Origin.webp?v=1787536262","2e58f4239e444f9d836887f8cdcd33e0-Max-Origin","good"
"gid://shopify/Product/8469518647485","Men's Plus Size Zip Up Hooded Contrast Puffer Jacket","https://cdn.shopify.com/s/files/1/0778/3278/2013/files/d72f7c19e2734ada9a8ca0812065dde2-Max-Origin.webp?v=1787536261","d72f7c19e2734ada9a8ca0812065dde2-Max-Origin","good"
"gid://shopify/Product/8469518647485","Men's Plus Size Zip Up Hooded Contrast Puffer Jacket","https://cdn.shopify.com/s/files/1/0778/3278/2013/files/14dad315a93949948303a801d193d743-Max-Origin.webp?v=1787536261","14dad315a93949948303a801d193d743-Max-Origin","good"
"gid://shopify/Product/8469518647485","Men's Plus Size Zip Up Hooded Contrast Puffer Jacket","https://cdn.shopify.com/s/files/1/0778/3278/2013/files/384e5ee076704df79419de43c1dba511-Max-Origin.webp?v=1787536262","384e5ee076704df79419de43c1dba511-Max-Origin","good"
"gid://shopify/Product/8469518713021","Men's Full Size Full-Zip Outdoor Jacket Plus Size","https://cdn.shopify.com/s/files/1/0778/3278/2013/files/f8ffba31-f706-4db9-8c3d-cabd6a91e69e-Max-Origin.webp?v=1787536272","f8ffba31-f706-4db9-8c3d-cabd6a91e69e-Max-Origin","good"
"gid://shopify/Product/8469518713021","Men's Full Size Full-Zip Outdoor Jacket Plus Size","https://cdn.shopify.com/s/files/1/0778/3278/2013/files/b67076f5-9998-4afc-88bd-8d20270c63c9-Max-Origin.webp?v=1787536272","b67076f5-9998-4afc-88bd-8d20270c63c9-Max-Origin","good"
"gid://shopify/Product/8469518713021","Men's Full Size Full-Zip Outdoor Jacket Plus Size","https://cdn.shopify.com/s/files/1/0778/3278/2013/files/374c7498-41c2-430c-bc19-001c16649f96-Max-Origin.webp?v=1787536272","374c7498-41c2-430c-bc19-001c16649f96-Max-Origin","good"
"gid://shopify/Product/8469518713021","Men's Full Size Full-Zip Outdoor Jacket Plus Size","https://cdn.shopify.com/s/files/1/0778/3278/2013/files/861a6554-cab3-4fea-a5c7-603ef03252c0-Max-Origin.webp?v=1787536272","861a6554-cab3-4fea-a5c7-603ef03252c0-Max-Origin","good"
"gid://shopify/Product/8469518713021","Men's Full Size Full-Zip Outdoor Jacket Plus Size","https://cdn.shopify.com/s/files/1/0778/3278/2013/files/feef4a6d-3584-46c3-b594-884cd9e32894-Max-Origin.webp?v=1787536272","feef4a6d-3584-46c3-b594-884cd9e32894-Max-Origin","good"
"gid://shopify/Product/8469518713021","Men's Full Size Full-Zip Outdoor Jacket Plus Size","https://cdn.shopify.com/s/files/1/0778/3278/2013/files/4d9efc02-2623-4fd7-8977-ca4ef5945624-Max-Origin.webp?v=1787536272","4d9efc02-2623-4fd7-8977-ca4ef5945624-Max-Origin","good"
"gid://shopify/Product/8469518713021","Men's Full Size Full-Zip Outdoor Jacket Plus Size","https://cdn.shopify.com/s/files/1/0778/3278/2013/files/a108a0e8-6097-4c13-bec7-b8781e92ff08-Max-Origin.webp?v=1787536272","a108a0e8-6097-4c13-bec7-b8781e92ff08-Max-Origin","good"
"gid://shopify/Product/8469518713021","Men's Full Size Full-Zip Outdoor Jacket Plus Size","https://cdn.shopify.com/s/files/1/0778/3278/2013/files/89dc2bba-fa64-40ec-a7c1-919df6ef399d-Max-Origin.webp?v=1787536272","89dc2bba-fa64-40ec-a7c1-919df6ef399d-Max-Origin","good"
"gid://shopify/Product/8469518745789","Men's Full Size Longline Hooded Down Coat Plus Size","https://cdn.shopify.com/s/files/1/0778/3278/2013/files/dad2b736-b1b6-4f67-9bd4-8314860a79c9-Max-Origin.webp?v=1787536282","dad2b736-b1b6-4f67-9bd4-8314860a79c9-Max-Origin","good"
"gid://shopify/Product/8469518745789","Men's Full Size Longline Hooded Down Coat Plus Size","https://cdn.shopify.com/s/files/1/0778/3278/2013/files/c1786cde-c043-41c2-a0e3-6121a5f56796-Max-Origin.webp?v=1787536282","c1786cde-c043-41c2-a0e3-6121a5f56796-Max-Origin","good"
"gid://shopify/Product/8469518745789","Men's Full Size Longline Hooded Down Coat Plus Size","https://cdn.shopify.com/s/files/1/0778/3278/2013/files/43afb737cece4a1690246afaafa3af77-Max-Origin.webp?v=1787536282","43afb737cece4a1690246afaafa3af77-Max-Origin","good"
"gid://shopify/Product/8469518745789","Men's Full Size Longline Hooded Down Coat Plus Size","https://cdn.shopify.com/s/files/1/0778/3278/2013/files/30d3f4f1f6744799bf764106347ea465-Max-Origin.webp?v=1787536282","30d3f4f1f6744799bf764106347ea465-Max-Origin","good"
"gid://shopify/Product/8469518745789","Men's Full Size Longline Hooded Down Coat Plus Size","https://cdn.shopify.com/s/files/1/0778/3278/2013/files/f24fc222-f818-41ff-baa7-542a8cd118e1-Max-Origin.webp?v=1787536282","f24fc222-f818-41ff-baa7-542a8cd118e1-Max-Origin","good"
"gid://shopify/Product/8469518778557","Button Detail Long Sleeve Shirt","https://cdn.shopify.com/s/files/1/0778/3278/2013/files/bfc86dc8a1fc4b74ad6703485d5baa7b-Max-Origin.webp?v=1787536292","bfc86dc8a1fc4b74ad6703485d5baa7b-Max-Origin","good"
"gid://shopify/Product/8469518778557","Button Detail Long Sleeve Shirt","https://cdn.shopify.com/s/files/1/0778/3278/2013/files/5e5c0ae840494bac878e89d4579c08f0-Max-Origin.webp?v=1787536292","5e5c0ae840494bac878e89d4579c08f0-Max-Origin","good"
"gid://shopify/Product/8469518778557","Button Detail Long Sleeve Shirt","https://cdn.shopify.com/s/files/1/0778/3278/2013/files/5849fd848fa648bbb3d5f3227b4ef84e-Max-Origin.webp?v=1787536292","5849fd848fa648bbb3d5f3227b4ef84e-Max-Origin","good"
"gid://shopify/Product/8469518778557","Button Detail Long Sleeve Shirt","https://cdn.shopify.com/s/files/1/0778/3278/2013/files/811661a15a6f42d59e4744a18e34af00-Max-Origin.webp?v=1787536292","811661a15a6f42d59e4744a18e34af00-Max-Origin","good"
"gid://shopify/Product/8469518778557","Button Detail Long Sleeve Shirt","https://cdn.shopify.com/s/files/1/0778/3278/2013/files/00e850e61a2b4959985ba98c6c4ae4be-Max-Origin.webp?v=1787536292","00e850e61a2b4959985ba98c6c4ae4be-Max-Origin","good"
"gid://shopify/Product/8469518778557","Button Detail Long Sleeve Shirt","https://cdn.shopify.com/s/files/1/0778/3278/2013/files/f3ad62b48f8e4d399b1bc67ff380f6ad-Max-Origin.webp?v=1787536292","f3ad62b48f8e4d399b1bc67ff380f6ad-Max-Origin","good"
"gid://shopify/Product/8469518778557","Button Detail Long Sleeve Shirt","https://cdn.shopify.com/s/files/1/0778/3278/2013/files/11d73d12e77c4481b89d9b755834ca20-Max-Origin.webp?v=1787536292","11d73d12e77c4481b89d9b755834ca20-Max-Origin","good"
"gid://shopify/Product/8469518778557","Button Detail Long Sleeve Shirt","https://cdn.shopify.com/s/files/1/0778/3278/2013/files/b0263a5cd5b64b3aa687647dcab0293c-Max-Origin.webp?v=1787536292","b0263a5cd5b64b3aa687647dcab0293c-Max-Origin","good"
"gid://shopify/Product/8469518811325","Men's Plus Size Zip Up Long Sleeve Jacket","https://cdn.shopify.com/s/files/1/0778/3278/2013/files/7484a961b8cc46cf9d4e1eaf64e1beeb-Max-Origin.webp?v=1787536302","7484a961b8cc46cf9d4e1eaf64e1beeb-Max-Origin","good"
"gid://shopify/Product/8469518811325","Men's Plus Size Zip Up Long Sleeve Jacket","https://cdn.shopify.com/s/files/1/0778/3278/2013/files/391cfc9d40c54d93b041ebb6cdc2fbd5-Max-Origin.webp?v=1787536302","391cfc9d40c54d93b041ebb6cdc2fbd5-Max-Origin","good"
"gid://shopify/Product/8469518811325","Men's Plus Size Zip Up Long Sleeve Jacket","https://cdn.shopify.com/s/files/1/0778/3278/2013/files/f6c72e8c34204c728e2088d6778dbb34-Max-Origin.webp?v=1787536302","f6c72e8c34204c728e2088d6778dbb34-Max-Origin","good"
"gid://shopify/Product/8469518811325","Men's Plus Size Zip Up Long Sleeve Jacket","https://cdn.shopify.com/s/files/1/0778/3278/2013/files/08c5b7498d80447fa824d5ffc60ff52a-Max-Origin.webp?v=1787536302","08c5b7498d80447fa824d5ffc60ff52a-Max-Origin","good"
"gid://shopify/Product/8469518811325","Men's Plus Size Zip Up Long Sleeve Jacket","https://cdn.shopify.com/s/files/1/0778/3278/2013/files/e2c20a4146744e3d98220c92a81d760c-Max-Origin.webp?v=1787536302","e2c20a4146744e3d98220c92a81d760c-Max-Origin","good"
"gid://shopify/Product/8469518909629","Men's Plus Size Vibrant Leaf Print Blazer","https://cdn.shopify.com/s/files/1/0778/3278/2013/files/607f7faf-71c2-42c9-aca2-bd7b8cb5a992-Max-Origin.webp?v=1787536312","607f7faf-71c2-42c9-aca2-bd7b8cb5a992-Max-Origin","good"
"gid://shopify/Product/8469518909629","Men's Plus Size Vibrant Leaf Print Blazer","https://cdn.shopify.com/s/files/1/0778/3278/2013/files/0edb98f2-ae5b-46d4-b8c7-e209fae295c0-Max-Origin.webp?v=1787536312","0edb98f2-ae5b-46d4-b8c7-e209fae295c0-Max-Origin","good"
"gid://shopify/Product/8469518909629","Men's Plus Size Vibrant Leaf Print Blazer","https://cdn.shopify.com/s/files/1/0778/3278/2013/files/c5852fbe-d877-42cd-9a18-4a60258a8c33-Max-Origin.webp?v=1787536312","c5852fbe-d877-42cd-9a18-4a60258a8c33-Max-Origin","good"
"gid://shopify/Product/8469518909629","Men's Plus Size Vibrant Leaf Print Blazer","https://cdn.shopify.com/s/files/1/0778/3278/2013/files/654e1735-365b-4228-bb17-9bb6bbc537bd-Max-Origin.webp?v=1787536312","654e1735-365b-4228-bb17-9bb6bbc537bd-Max-Origin","good"
"gid://shopify/Product/8469519040701","Men's Plus Size Zip Up Long Sleeve Jacket","https://cdn.shopify.com/s/files/1/0778/3278/2013/files/75aeda18-3503-4804-aabc-40bcc3447146-Max-Origin.webp?v=1787536322","75aeda18-3503-4804-aabc-40bcc3447146-Max-Origin","good"
"gid://shopify/Product/8469519040701","Men's Plus Size Zip Up Long Sleeve Jacket","https://cdn.shopify.com/s/files/1/0778/3278/2013/files/322d5045-a47c-4469-ac00-767df7fec7f3-Max-Origin.webp?v=1787536322","322d5045-a47c-4469-ac00-767df7fec7f3-Max-Origin","good"
"gid://shopify/Product/8469519040701","Men's Plus Size Zip Up Long Sleeve Jacket","https://cdn.shopify.com/s/files/1/0778/3278/2013/files/e19246fb-20be-4c7e-ad63-b36a194e1b12-Max-Origin.webp?v=1787536323","e19246fb-20be-4c7e-ad63-b36a194e1b12-Max-Origin","good"
"gid://shopify/Product/8469519040701","Men's Plus Size Zip Up Long Sleeve Jacket","https://cdn.shopify.com/s/files/1/0778/3278/2013/files/7d10eb56-f856-4ae3-9444-7ad567cfedf5-Max-Origin.webp?v=1787536322","7d10eb56-f856-4ae3-9444-7ad567cfedf5-Max-Origin","good"
"gid://shopify/Product/8469519040701","Men's Plus Size Zip Up Long Sleeve Jacket","https://cdn.shopify.com/s/files/1/0778/3278/2013/files/476eafee-361d-45d3-b2d6-f3018e9061f0-Max-Origin.webp?v=1787536322","476eafee-361d-45d3-b2d6-f3018e9061f0-Max-Origin","good"
"gid://shopify/Product/8469519073469","Men's Full Size Casual Linen Long Sleeve Polo Shirt Plus Size","https://cdn.shopify.com/s/files/1/0778/3278/2013/files/f913412aca2a45bda606707ddddbeb67-Max-Origin.webp?v=1787536333","f913412aca2a45bda606707ddddbeb67-Max-Origin","good"
"gid://shopify/Product/8469519073469","Men's Full Size Casual Linen Long Sleeve Polo Shirt Plus Size","https://cdn.shopify.com/s/files/1/0778/3278/2013/files/3d918623bfd74943bd59ceea0a18d450-Max-Origin.webp?v=1787536332","3d918623bfd74943bd59ceea0a18d450-Max-Origin","good"
"gid://shopify/Product/8469519073469","Men's Full Size Casual Linen Long Sleeve Polo Shirt Plus Size","https://cdn.shopify.com/s/files/1/0778/3278/2013/files/59ef24d6e1164fad96890b5a1fd945f4-Max-Origin.webp?v=1787536333","59ef24d6e1164fad96890b5a1fd945f4-Max-Origin","good"
"gid://shopify/Product/8469519073469","Men's Full Size Casual Linen Long Sleeve Polo Shirt Plus Size","https://cdn.shopify.com/s/files/1/0778/3278/2013/files/34a8881ec7da498fbb70bf52d69a8965-Max-Origin.webp?v=1787536333","34a8881ec7da498fbb70bf52d69a8965-Max-Origin","good"
"gid://shopify/Product/8469519073469","Men's Full Size Casual Linen Long Sleeve Polo Shirt Plus Size","https://cdn.shopify.com/s/files/1/0778/3278/2013/files/ad6dd57aa37d42338038e1a25ece9368-Max-Origin.webp?v=1787536333","ad6dd57aa37d42338038e1a25ece9368-Max-Origin","good"
"gid://shopify/Product/8469519106237","Men's Plus Size Hooded Colorblock Lightweight Jacket","https://cdn.shopify.com/s/files/1/0778/3278/2013/files/11491dd9dcca401fb4fb72aad19f79ca-Max-Origin.webp?v=1787536342","11491dd9dcca401fb4fb72aad19f79ca-Max-Origin","good"
"gid://shopify/Product/8469519106237","Men's Plus Size Hooded Colorblock Lightweight Jacket","https://cdn.shopify.com/s/files/1/0778/3278/2013/files/49c00e8a018747a48f686d844cd32e3e-Max-Origin.webp?v=1787536343","49c00e8a018747a48f686d844cd32e3e-Max-Origin","good"
"gid://shopify/Product/8469519106237","Men's Plus Size Hooded Colorblock Lightweight Jacket","https://cdn.shopify.com/s/files/1/0778/3278/2013/files/b3684131c2cd4dcab2757b50dd269619-Max-Origin.webp?v=1787536343","b3684131c2cd4dcab2757b50dd269619-Max-Origin","good"
"gid://shopify/Product/8469519171773","Men's Full Size Leather Biker Jacket with Zipper Pockets Plus Size","https://cdn.shopify.com/s/files/1/0778/3278/2013/files/980c5ccfaddb444597be673982a625df-Max-Origin.webp?v=1787536353","980c5ccfaddb444597be673982a625df-Max-Origin","good"
"gid://shopify/Product/8469519171773","Men's Full Size Leather Biker Jacket with Zipper Pockets Plus Size","https://cdn.shopify.com/s/files/1/0778/3278/2013/files/9084b0ece35845ec8ca1cc1cd1ea4c09-Max-Origin.webp?v=1787536353","9084b0ece35845ec8ca1cc1cd1ea4c09-Max-Origin","good"
"gid://shopify/Product/8469519171773","Men's Full Size Leather Biker Jacket with Zipper Pockets Plus Size","https://cdn.shopify.com/s/files/1/0778/3278/2013/files/611fb6a43a2e49f2aa4417b506f0c285-Max-Origin.webp?v=1787536353","611fb6a43a2e49f2aa4417b506f0c285-Max-Origin","good"
"gid://shopify/Product/8469519171773","Men's Full Size Leather Biker Jacket with Zipper Pockets Plus Size","https://cdn.shopify.com/s/files/1/0778/3278/2013/files/9fca56842a314a19b02a4bad5638ae30-Max-Origin.webp?v=1787536353","9fca56842a314a19b02a4bad5638ae30-Max-Origin","good"
"gid://shopify/Product/8469519171773","Men's Full Size Leather Biker Jacket with Zipper Pockets Plus Size","https://cdn.shopify.com/s/files/1/0778/3278/2013/files/d136c4f8a12641858c2d7caa73184f0b-Max-Origin.webp?v=1787536353","d136c4f8a12641858c2d7caa73184f0b-Max-Origin","good"
"gid://shopify/Product/8469519171773","Men's Full Size Leather Biker Jacket with Zipper Pockets Plus Size","https://cdn.shopify.com/s/files/1/0778/3278/2013/files/af90f975928947e6a6c0d4d923f7c1ac-Max-Origin.webp?v=1787536353","af90f975928947e6a6c0d4d923f7c1ac-Max-Origin","good"
"gid://shopify/Product/8469519171773","Men's Full Size Leather Biker Jacket with Zipper Pockets Plus Size","https://cdn.shopify.com/s/files/1/0778/3278/2013/files/3f66de85c7244af1a3d87c01d49abc6d-Max-Origin.webp?v=1787536353","3f66de85c7244af1a3d87c01d49abc6d-Max-Origin","good"
"gid://shopify/Product/8469519171773","Men's Full Size Leather Biker Jacket with Zipper Pockets Plus Size","https://cdn.shopify.com/s/files/1/0778/3278/2013/files/f89868583e0841368229135f2c134d0c-Max-Origin.webp?v=1787536353","f89868583e0841368229135f2c134d0c-Max-Origin","good"
"gid://shopify/Product/8469519171773","Men's Full Size Leather Biker Jacket with Zipper Pockets Plus Size","https://cdn.shopify.com/s/files/1/0778/3278/2013/files/7cf73ce8e52b4e648486f27201472265-Max-Origin.webp?v=1787536353","7cf73ce8e52b4e648486f27201472265-Max-Origin","good"
"gid://shopify/Product/8469519270077","Men's Plus Size Lapel Collar Button Up Blazer","https://cdn.shopify.com/s/files/1/0778/3278/2013/files/cde5fdc410a54dc2878229c4a7f42f3b-Max-Origin.webp?v=1787536363","cde5fdc410a54dc2878229c4a7f42f3b-Max-Origin","good"
"gid://shopify/Product/8469519270077","Men's Plus Size Lapel Collar Button Up Blazer","https://cdn.shopify.com/s/files/1/0778/3278/2013/files/979178d988124ce5b9fdbb5125db0324-Max-Origin.webp?v=1787536363","979178d988124ce5b9fdbb5125db0324-Max-Origin","good"
"gid://shopify/Product/8469519270077","Men's Plus Size Lapel Collar Button Up Blazer","https://cdn.shopify.com/s/files/1/0778/3278/2013/files/af3afd4e1784491aa61527a7563f9fc4-Max-Origin.webp?v=1787536363","af3afd4e1784491aa61527a7563f9fc4-Max-Origin","good"
"gid://shopify/Product/8469519270077","Men's Plus Size Lapel Collar Button Up Blazer","https://cdn.shopify.com/s/files/1/0778/3278/2013/files/682fa783-326c-4bc6-97dd-002fd43b3650-Max-Origin.webp?v=1787536363","682fa783-326c-4bc6-97dd-002fd43b3650-Max-Origin","good"
"gid://shopify/Product/8469519270077","Men's Plus Size Lapel Collar Button Up Blazer","https://cdn.shopify.com/s/files/1/0778/3278/2013/files/65550ce6-1a7d-4b27-8f4e-65e31d6c7788-Max-Origin.webp?v=1787536363","65550ce6-1a7d-4b27-8f4e-65e31d6c7788-Max-Origin","good"
"gid://shopify/Product/8469519302845","Men's Plus Size Letter Back Round Neck T-Shirt","https://cdn.shopify.com/s/files/1/0778/3278/2013/files/51a83216360e45aab19f9f5305cbdb41-Max-Origin.webp?v=1787536373","51a83216360e45aab19f9f5305cbdb41-Max-Origin","good"
"gid://shopify/Product/8469519302845","Men's Plus Size Letter Back Round Neck T-Shirt","https://cdn.shopify.com/s/files/1/0778/3278/2013/files/fbffd61c10cc409ea3517b65d2bb715b-Max-Origin.webp?v=1787536373","fbffd61c10cc409ea3517b65d2bb715b-Max-Origin","good"
"gid://shopify/Product/8469519302845","Men's Plus Size Letter Back Round Neck T-Shirt","https://cdn.shopify.com/s/files/1/0778/3278/2013/files/a6987a5bc6bd457ba3d90a33a84c00af-Max-Origin.webp?v=1787536373","a6987a5bc6bd457ba3d90a33a84c00af-Max-Origin","good"
"gid://shopify/Product/8469519302845","Men's Plus Size Letter Back Round Neck T-Shirt","https://cdn.shopify.com/s/files/1/0778/3278/2013/files/babd0efcb94b4447ab0e4616c719af82-Max-Origin.webp?v=1787536373","babd0efcb94b4447ab0e4616c719af82-Max-Origin","good"
"gid://shopify/Product/8469519368381","Men's Full Size Camouflage Hooded Faux Leather Jacket Plus Size","https://cdn.shopify.com/s/files/1/0778/3278/2013/files/f5854a4a46474ca5b9c4d9884ab1fe93-Max-Origin.webp?v=1787536383","f5854a4a46474ca5b9c4d9884ab1fe93-Max-Origin","good"
"gid://shopify/Product/8469519368381","Men's Full Size Camouflage Hooded Faux Leather Jacket Plus Size","https://cdn.shopify.com/s/files/1/0778/3278/2013/files/a34cc406e8214c82ad687f782c5cb2c0-Max-Origin.webp?v=1787536383","a34cc406e8214c82ad687f782c5cb2c0-Max-Origin","good"
"gid://shopify/Product/8469519368381","Men's Full Size Camouflage Hooded Faux Leather Jacket Plus Size","https://cdn.shopify.com/s/files/1/0778/3278/2013/files/9e0ffc20fb7f4eadaae934453129a6ff-Max-Origin.webp?v=1787536383","9e0ffc20fb7f4eadaae934453129a6ff-Max-Origin","good"
"gid://shopify/Product/8469519368381","Men's Full Size Camouflage Hooded Faux Leather Jacket Plus Size","https://cdn.shopify.com/s/files/1/0778/3278/2013/files/ffbf62e6f2ca460bae4a4007fdaf0a13-Max-Origin.webp?v=1787536383","ffbf62e6f2ca460bae4a4007fdaf0a13-Max-Origin","good"
"gid://shopify/Product/8469519368381","Men's Full Size Camouflage Hooded Faux Leather Jacket Plus Size","https://cdn.shopify.com/s/files/1/0778/3278/2013/files/fdbb9f531ed04c2c844300b8bc9d5c62-Max-Origin.webp?v=1787536383","fdbb9f531ed04c2c844300b8bc9d5c62-Max-Origin","good"
"gid://shopify/Product/8469519368381","Men's Full Size Camouflage Hooded Faux Leather Jacket Plus Size","https://cdn.shopify.com/s/files/1/0778/3278/2013/files/45575a003636479281855a40882e9125-Max-Origin.webp?v=1787536383","45575a003636479281855a40882e9125-Max-Origin","good"
"gid://shopify/Product/8469519368381","Men's Full Size Camouflage Hooded Faux Leather Jacket Plus Size","https://cdn.shopify.com/s/files/1/0778/3278/2013/files/59bbe199a5234b3d8e6636633ee2f3f9-Max-Origin.webp?v=1787536383","59bbe199a5234b3d8e6636633ee2f3f9-Max-Origin","good"
"gid://shopify/Product/8469519368381","Men's Full Size Camouflage Hooded Faux Leather Jacket Plus Size","https://cdn.shopify.com/s/files/1/0778/3278/2013/files/c97602dd5b5e427e98689edd59dc6cb4-Max-Origin.webp?v=1787536383","c97602dd5b5e427e98689edd59dc6cb4-Max-Origin","good"
"gid://shopify/Product/8469519368381","Men's Full Size Camouflage Hooded Faux Leather Jacket Plus Size","https://cdn.shopify.com/s/files/1/0778/3278/2013/files/d3f0d154bdd44a728f5439f63f0673d2-Max-Origin.webp?v=1787536383","d3f0d154bdd44a728f5439f63f0673d2-Max-Origin","good"
"gid://shopify/Product/8469519401149","Men's Plus Size Vintage Motorcycle Faux Leather Bomber Jacket","https://cdn.shopify.com/s/files/1/0778/3278/2013/files/12b1e7d76a8949e585bebc9c9ae86884-Max-Origin.webp?v=1787536403","12b1e7d76a8949e585bebc9c9ae86884-Max-Origin","good"
"gid://shopify/Product/8469519401149","Men's Plus Size Vintage Motorcycle Faux Leather Bomber Jacket","https://cdn.shopify.com/s/files/1/0778/3278/2013/files/ca4cc88bb8e74d9f87ee9101a47cf024-Max-Origin.webp?v=1787536403","ca4cc88bb8e74d9f87ee9101a47cf024-Max-Origin","good"
"gid://shopify/Product/8469519401149","Men's Plus Size Vintage Motorcycle Faux Leather Bomber Jacket","https://cdn.shopify.com/s/files/1/0778/3278/2013/files/12f7f987-9212-40f0-bdfa-fa741aa5d614-Max-Origin.webp?v=1787536403","12f7f987-9212-40f0-bdfa-fa741aa5d614-Max-Origin","good"
"gid://shopify/Product/8469519499453","Men's Plus Size Camouflage Zip Up Bomber Jacket","https://cdn.shopify.com/s/files/1/0778/3278/2013/files/01e2ba18a19b46c095f4ba042a2aebe8-Max-Origin.webp?v=1787536414","01e2ba18a19b46c095f4ba042a2aebe8-Max-Origin","good"
"gid://shopify/Product/8469519499453","Men's Plus Size Camouflage Zip Up Bomber Jacket","https://cdn.shopify.com/s/files/1/0778/3278/2013/files/f4d8fd108c5b4a6d9119b38e6d8eedeb-Max-Origin.webp?v=1787536413","f4d8fd108c5b4a6d9119b38e6d8eedeb-Max-Origin","good"
"gid://shopify/Product/8469519499453","Men's Plus Size Camouflage Zip Up Bomber Jacket","https://cdn.shopify.com/s/files/1/0778/3278/2013/files/8cd57974-05de-490b-ab6b-c36451b05001-Max-Origin.webp?v=1787536413","8cd57974-05de-490b-ab6b-c36451b05001-Max-Origin","good"
"gid://shopify/Product/8469519499453","Men's Plus Size Camouflage Zip Up Bomber Jacket","https://cdn.shopify.com/s/files/1/0778/3278/2013/files/c1501674acda4221b82f480c42b8879c-Max-Origin.webp?v=1787536413","c1501674acda4221b82f480c42b8879c-Max-Origin","good"
"gid://shopify/Product/8469519532221","Men's Plus Size Hooded Windproof Casual Jacket","https://cdn.shopify.com/s/files/1/0778/3278/2013/files/d47fa6aa0ede4acfa08e894612fc827e-Max-Origin.webp?v=1787536423","d47fa6aa0ede4acfa08e894612fc827e-Max-Origin","good"
"gid://shopify/Product/8469519532221","Men's Plus Size Hooded Windproof Casual Jacket","https://cdn.shopify.com/s/files/1/0778/3278/2013/files/7e7f42b2117b4eb6b52e6db93c44384c-Max-Origin.webp?v=1787536424","7e7f42b2117b4eb6b52e6db93c44384c-Max-Origin","good"
"gid://shopify/Product/8469519532221","Men's Plus Size Hooded Windproof Casual Jacket","https://cdn.shopify.com/s/files/1/0778/3278/2013/files/d076bfabc6c649bdaa8bba613f41a40f-Max-Origin.webp?v=1787536424","d076bfabc6c649bdaa8bba613f41a40f-Max-Origin","good"
"gid://shopify/Product/8469519532221","Men's Plus Size Hooded Windproof Casual Jacket","https://cdn.shopify.com/s/files/1/0778/3278/2013/files/976c7bfcd3c2464bba033d60ce6cfeb0-Max-Origin.webp?v=1787536424","976c7bfcd3c2464bba033d60ce6cfeb0-Max-Origin","good"
"gid://shopify/Product/8469519532221","Men's Plus Size Hooded Windproof Casual Jacket","https://cdn.shopify.com/s/files/1/0778/3278/2013/files/20d3ecac51bf49ba836d2ca10dc10842-Max-Origin.webp?v=1787536424","20d3ecac51bf49ba836d2ca10dc10842-Max-Origin","good"
"gid://shopify/Product/8469519564989","Men's Full Size Hooded Faux Leather Motorcycle Jacket Plus Size","https://cdn.shopify.com/s/files/1/0778/3278/2013/files/ddff5f06d3dc4c6582cd30069c7b8bb7-Max-Origin.webp?v=1787536434","ddff5f06d3dc4c6582cd30069c7b8bb7-Max-Origin","good"
"gid://shopify/Product/8469519564989","Men's Full Size Hooded Faux Leather Motorcycle Jacket Plus Size","https://cdn.shopify.com/s/files/1/0778/3278/2013/files/f2503fea26d040fa831eeac271e848cb-Max-Origin.webp?v=1787536434","f2503fea26d040fa831eeac271e848cb-Max-Origin","good"
"gid://shopify/Product/8469519564989","Men's Full Size Hooded Faux Leather Motorcycle Jacket Plus Size","https://cdn.shopify.com/s/files/1/0778/3278/2013/files/bbf6082b6fc748c3b18ee061fc8fba63-Max-Origin.webp?v=1787536434","bbf6082b6fc748c3b18ee061fc8fba63-Max-Origin","good"
"gid://shopify/Product/8469519564989","Men's Full Size Hooded Faux Leather Motorcycle Jacket Plus Size","https://cdn.shopify.com/s/files/1/0778/3278/2013/files/a8a62b0346a84c15a27d97110d6a0d42-Max-Origin.webp?v=1787536434","a8a62b0346a84c15a27d97110d6a0d42-Max-Origin","good"
"gid://shopify/Product/8469519564989","Men's Full Size Hooded Faux Leather Motorcycle Jacket Plus Size","https://cdn.shopify.com/s/files/1/0778/3278/2013/files/bc73b8ef34cc4a28890889a7021cebb5-Max-Origin.webp?v=1787536433","bc73b8ef34cc4a28890889a7021cebb5-Max-Origin","good"
"gid://shopify/Product/8469519564989","Men's Full Size Hooded Faux Leather Motorcycle Jacket Plus Size","https://cdn.shopify.com/s/files/1/0778/3278/2013/files/5b6fa66153b0499bb70cfabcdf651e08-Max-Origin.webp?v=1787536434","5b6fa66153b0499bb70cfabcdf651e08-Max-Origin","good"
"gid://shopify/Product/8469519564989","Men's Full Size Hooded Faux Leather Motorcycle Jacket Plus Size","https://cdn.shopify.com/s/files/1/0778/3278/2013/files/68ef7946-df97-49b1-8f05-174795339ef4-Max-Origin.webp?v=1787536433","68ef7946-df97-49b1-8f05-174795339ef4-Max-Origin","good"
"gid://shopify/Product/8469519630525","Men's Plus Size Plaid Button Up Casual Shacket","https://cdn.shopify.com/s/files/1/0778/3278/2013/files/33192ba277e4419f82c4bdf45685e55e-Max-Origin.webp?v=1787536444","33192ba277e4419f82c4bdf45685e55e-Max-Origin","good"
"gid://shopify/Product/8469519630525","Men's Plus Size Plaid Button Up Casual Shacket","https://cdn.shopify.com/s/files/1/0778/3278/2013/files/1020bc5715394e03b6a02bccd8adc8d3-Max-Origin.webp?v=1787536444","1020bc5715394e03b6a02bccd8adc8d3-Max-Origin","good"
"gid://shopify/Product/8469519630525","Men's Plus Size Plaid Button Up Casual Shacket","https://cdn.shopify.com/s/files/1/0778/3278/2013/files/40162dba85e84c44b982455dd9ab7845-Max-Origin.webp?v=1787536444","40162dba85e84c44b982455dd9ab7845-Max-Origin","good"
"gid://shopify/Product/8469519630525","Men's Plus Size Plaid Button Up Casual Shacket","https://cdn.shopify.com/s/files/1/0778/3278/2013/files/e7e757c0cae44b2ca38163ac9380262d-Max-Origin.webp?v=1787536444","e7e757c0cae44b2ca38163ac9380262d-Max-Origin","good"
"gid://shopify/Product/8469519696061","Men's Plus Size Lapel Collar Long Sleeve Outerwear","https://cdn.shopify.com/s/files/1/0778/3278/2013/files/2668fe80d90d441f87cf2a6cbc81f019-Max-Origin.webp?v=1787536454","2668fe80d90d441f87cf2a6cbc81f019-Max-Origin","good"
"gid://shopify/Product/8469519696061","Men's Plus Size Lapel Collar Long Sleeve Outerwear","https://cdn.shopify.com/s/files/1/0778/3278/2013/files/d5144dad-9463-4ea9-ac64-c6e14fd4f067-Max-Origin.webp?v=1787536454","d5144dad-9463-4ea9-ac64-c6e14fd4f067-Max-Origin","good"
"gid://shopify/Product/8469519696061","Men's Plus Size Lapel Collar Long Sleeve Outerwear","https://cdn.shopify.com/s/files/1/0778/3278/2013/files/997a4b3c788f44e891c64cb8f6010bc5-Max-Origin.webp?v=1787536454","997a4b3c788f44e891c64cb8f6010bc5-Max-Origin","good"
"gid://shopify/Product/8469519696061","Men's Plus Size Lapel Collar Long Sleeve Outerwear","https://cdn.shopify.com/s/files/1/0778/3278/2013/files/0d77c610-8bfc-41e8-8e85-f764b197a37b-Max-Origin.webp?v=1787536454","0d77c610-8bfc-41e8-8e85-f764b197a37b-Max-Origin","good"
"gid://shopify/Product/8469519696061","Men's Plus Size Lapel Collar Long Sleeve Outerwear","https://cdn.shopify.com/s/files/1/0778/3278/2013/files/a0f6c4aa6c6843e1afc8bedd8405051d-Max-Origin.webp?v=1787536454","a0f6c4aa6c6843e1afc8bedd8405051d-Max-Origin","good"
"gid://shopify/Product/8469519696061","Men's Plus Size Lapel Collar Long Sleeve Outerwear","https://cdn.shopify.com/s/files/1/0778/3278/2013/files/b512c67a-af95-422f-bdfe-07b007729aef-Max-Origin.webp?v=1787536454","b512c67a-af95-422f-bdfe-07b007729aef-Max-Origin","good"
"gid://shopify/Product/8469519859901","Men's Plus Size Zip Up Hooded Puffer Jacket","https://cdn.shopify.com/s/files/1/0778/3278/2013/files/a7ff4ed3a8304198aa15db282c9c67c6-Max-Origin.webp?v=1787536464","a7ff4ed3a8304198aa15db282c9c67c6-Max-Origin","good"
"gid://shopify/Product/8469519859901","Men's Plus Size Zip Up Hooded Puffer Jacket","https://cdn.shopify.com/s/files/1/0778/3278/2013/files/5be9cdfa97d343b799d222a0d2657111-Max-Origin.webp?v=1787536464","5be9cdfa97d343b799d222a0d2657111-Max-Origin","good"
"gid://shopify/Product/8469519859901","Men's Plus Size Zip Up Hooded Puffer Jacket","https://cdn.shopify.com/s/files/1/0778/3278/2013/files/3ccc21970ff04e34860db1d88ed12f19-Max-Origin.webp?v=1787536464","3ccc21970ff04e34860db1d88ed12f19-Max-Origin","good"
"gid://shopify/Product/8469519859901","Men's Plus Size Zip Up Hooded Puffer Jacket","https://cdn.shopify.com/s/files/1/0778/3278/2013/files/08da732614b54e1cb2162a86ca4edec7-Max-Origin.webp?v=1787536464","08da732614b54e1cb2162a86ca4edec7-Max-Origin","good"
"gid://shopify/Product/8469519892669","Men's Plus Size Hooded Outdoor Windproof Coat","https://cdn.shopify.com/s/files/1/0778/3278/2013/files/dcd46500-3c78-406d-97dc-66725a92164b-Max-Origin.webp?v=1787536475","dcd46500-3c78-406d-97dc-66725a92164b-Max-Origin","good"
"gid://shopify/Product/8469519892669","Men's Plus Size Hooded Outdoor Windproof Coat","https://cdn.shopify.com/s/files/1/0778/3278/2013/files/ed0e0225-5816-4c84-88da-7f2057637d38-Max-Origin.webp?v=1787536475","ed0e0225-5816-4c84-88da-7f2057637d38-Max-Origin","good"
"gid://shopify/Product/8469519892669","Men's Plus Size Hooded Outdoor Windproof Coat","https://cdn.shopify.com/s/files/1/0778/3278/2013/files/118c3b99d69d400786a43fd445bf7378-Max-Origin.webp?v=1787536475","118c3b99d69d400786a43fd445bf7378-Max-Origin","good"
"gid://shopify/Product/8469519892669","Men's Plus Size Hooded Outdoor Windproof Coat","https://cdn.shopify.com/s/files/1/0778/3278/2013/files/e691ce06e9024596bd372285aa351136-Max-Origin.webp?v=1787536475","e691ce06e9024596bd372285aa351136-Max-Origin","good"
"gid://shopify/Product/8469519892669","Men's Plus Size Hooded Outdoor Windproof Coat","https://cdn.shopify.com/s/files/1/0778/3278/2013/files/73db8041d83d4d2f9ba2e78426b6e056-Max-Origin.webp?v=1787536474","73db8041d83d4d2f9ba2e78426b6e056-Max-Origin","good"
"gid://shopify/Product/8469519892669","Men's Plus Size Hooded Outdoor Windproof Coat","https://cdn.shopify.com/s/files/1/0778/3278/2013/files/89e87ef3c325468a9a6e19630e5c9db2-Max-Origin.webp?v=1787536475","89e87ef3c325468a9a6e19630e5c9db2-Max-Origin","good"
"gid://shopify/Product/8469519892669","Men's Plus Size Hooded Outdoor Windproof Coat","https://cdn.shopify.com/s/files/1/0778/3278/2013/files/74ca3f60803e4ea4a10e7821bd87e0a4-Max-Origin.webp?v=1787536474","74ca3f60803e4ea4a10e7821bd87e0a4-Max-Origin","good"
"gid://shopify/Product/8469519892669","Men's Plus Size Hooded Outdoor Windproof Coat","https://cdn.shopify.com/s/files/1/0778/3278/2013/files/b0777de9d1ef42e78b26b9b6d000a707-Max-Origin.webp?v=1787536475","b0777de9d1ef42e78b26b9b6d000a707-Max-Origin","good"
"gid://shopify/Product/8469519892669","Men's Plus Size Hooded Outdoor Windproof Coat","https://cdn.shopify.com/s/files/1/0778/3278/2013/files/fa37764c3b8f4502b3903945b548c91c-Max-Origin.webp?v=1787536475","fa37764c3b8f4502b3903945b548c91c-Max-Origin","good"
"gid://shopify/Product/8469519925437","Men's Plus Size Contrast Trim Zip Up Jacket","https://cdn.shopify.com/s/files/1/0778/3278/2013/files/40ada210-c652-4a0f-9094-3df342420955-Max-Origin.webp?v=1787536485","40ada210-c652-4a0f-9094-3df342420955-Max-Origin","good"
"gid://shopify/Product/8469519925437","Men's Plus Size Contrast Trim Zip Up Jacket","https://cdn.shopify.com/s/files/1/0778/3278/2013/files/b5dfba024fb3491a91b6d3f4a5c4797d-Max-Origin.webp?v=1787536485","b5dfba024fb3491a91b6d3f4a5c4797d-Max-Origin","good"
"gid://shopify/Product/8469519925437","Men's Plus Size Contrast Trim Zip Up Jacket","https://cdn.shopify.com/s/files/1/0778/3278/2013/files/4bbcfe8b-ef9e-40cd-bfec-a89205924679-Max-Origin.webp?v=1787536484","4bbcfe8b-ef9e-40cd-bfec-a89205924679-Max-Origin","good"
"gid://shopify/Product/8469519925437","Men's Plus Size Contrast Trim Zip Up Jacket","https://cdn.shopify.com/s/files/1/0778/3278/2013/files/110cf5d1-f15c-4607-aef3-fb28a58537f6-Max-Origin.webp?v=1787536484","110cf5d1-f15c-4607-aef3-fb28a58537f6-Max-Origin","good"
"gid://shopify/Product/8469520056509","Men's Plus Size Striped Zip Up Jacket","https://cdn.shopify.com/s/files/1/0778/3278/2013/files/957a1522a364453dbce514aeff7e0b9b-Max-Origin.webp?v=1787536496","957a1522a364453dbce514aeff7e0b9b-Max-Origin","good"
"gid://shopify/Product/8469520056509","Men's Plus Size Striped Zip Up Jacket","https://cdn.shopify.com/s/files/1/0778/3278/2013/files/13e782dc-6ab4-4810-b5c1-2d63e70507fe-Max-Origin.webp?v=1787536495","13e782dc-6ab4-4810-b5c1-2d63e70507fe-Max-Origin","good"
"gid://shopify/Product/8469520056509","Men's Plus Size Striped Zip Up Jacket","https://cdn.shopify.com/s/files/1/0778/3278/2013/files/b4cda180029c4d91a9c861ed2659d0fe-Max-Origin.webp?v=1787536495","b4cda180029c4d91a9c861ed2659d0fe-Max-Origin","good"
"gid://shopify/Product/8469520056509","Men's Plus Size Striped Zip Up Jacket","https://cdn.shopify.com/s/files/1/0778/3278/2013/files/d234c156b11b4ad7974785a8abd81cdc-Max-Origin.webp?v=1787536496","d234c156b11b4ad7974785a8abd81cdc-Max-Origin","good"
"gid://shopify/Product/8469520056509","Men's Plus Size Striped Zip Up Jacket","https://cdn.shopify.com/s/files/1/0778/3278/2013/files/6a5c7e97-de7a-4d3a-80cc-c313408ab5f8-Max-Origin.webp?v=1787536496","6a5c7e97-de7a-4d3a-80cc-c313408ab5f8-Max-Origin","good"
"gid://shopify/Product/8490969923773","Faux Leather Moto Jacket with Asymmetrical Zip","https://cdn.shopify.com/s/files/1/0778/3278/2013/files/441bc144-b9da-4ef8-a7f5-9a98426a7853-Max-Origin.webp?v=1788832674","441bc144-b9da-4ef8-a7f5-9a98426a7853-Max-Origin","good"
"gid://shopify/Product/8490969923773","Faux Leather Moto Jacket with Asymmetrical Zip","https://cdn.shopify.com/s/files/1/0778/3278/2013/files/32c2d825-e6c3-41ee-8d09-2f1fb86ff62a-Max-Origin.webp?v=1788832674","32c2d825-e6c3-41ee-8d09-2f1fb86ff62a-Max-Origin","good"
"gid://shopify/Product/8490969923773","Faux Leather Moto Jacket with Asymmetrical Zip","https://cdn.shopify.com/s/files/1/0778/3278/2013/files/1869b1b4-3668-4754-9114-1bb60e7c88ec-Max-Origin.webp?v=1788832674","1869b1b4-3668-4754-9114-1bb60e7c88ec-Max-Origin","good"
"gid://shopify/Product/8490969923773","Faux Leather Moto Jacket with Asymmetrical Zip","https://cdn.shopify.com/s/files/1/0778/3278/2013/files/5ecc8077-dc77-4284-8ca3-9fc7a20ad44f-Max-Origin.webp?v=1788832674","5ecc8077-dc77-4284-8ca3-9fc7a20ad44f-Max-Origin","good"
"gid://shopify/Product/8490970153149","Full Size Halloween Pumpkin Loose Knit Cover Up Plus Size","https://cdn.shopify.com/s/files/1/0778/3278/2013/files/50fca19ced4f40399fb9f80ce2a396aa-Max-Origin.webp?v=1788832683","50fca19ced4f40399fb9f80ce2a396aa-Max-Origin","good"
"gid://shopify/Product/8490970153149","Full Size Halloween Pumpkin Loose Knit Cover Up Plus Size","https://cdn.shopify.com/s/files/1/0778/3278/2013/files/e61d6d37e1fc491fac0c6011cad10b97-Max-Origin.webp?v=1788832683","e61d6d37e1fc491fac0c6011cad10b97-Max-Origin","good"
"gid://shopify/Product/8490970153149","Full Size Halloween Pumpkin Loose Knit Cover Up Plus Size","https://cdn.shopify.com/s/files/1/0778/3278/2013/files/a8470a1f346f4e67a14aa66d4031862f-Max-Origin.webp?v=1788832683","a8470a1f346f4e67a14aa66d4031862f-Max-Origin","good"
"gid://shopify/Product/8490970153149","Full Size Halloween Pumpkin Loose Knit Cover Up Plus Size","https://cdn.shopify.com/s/files/1/0778/3278/2013/files/df605ecb-690c-4aa9-b7ea-6584502afd26-Max-Origin.webp?v=1788832683","df605ecb-690c-4aa9-b7ea-6584502afd26-Max-Origin","good"
"gid://shopify/Product/8490970153149","Full Size Halloween Pumpkin Loose Knit Cover Up Plus Size","https://cdn.shopify.com/s/files/1/0778/3278/2013/files/5f9f2ebec9da47a3aa32b3736713864b-Max-Origin.webp?v=1788832683","5f9f2ebec9da47a3aa32b3736713864b-Max-Origin","good"
"gid://shopify/Product/8490970153149","Full Size Halloween Pumpkin Loose Knit Cover Up Plus Size","https://cdn.shopify.com/s/files/1/0778/3278/2013/files/bb0badfb-3341-41e8-858c-b6aa71c5ca05-Max-Origin.webp?v=1788832683","bb0badfb-3341-41e8-858c-b6aa71c5ca05-Max-Origin","good"
"gid://shopify/Product/8490970153149","Full Size Halloween Pumpkin Loose Knit Cover Up Plus Size","https://cdn.shopify.com/s/files/1/0778/3278/2013/files/e9bdc7c418b7485b93b1c9ee42b5e45b-Max-Origin.webp?v=1788832683","e9bdc7c418b7485b93b1c9ee42b5e45b-Max-Origin","good"
"gid://shopify/Product/8490970153149","Full Size Halloween Pumpkin Loose Knit Cover Up Plus Size","https://cdn.shopify.com/s/files/1/0778/3278/2013/files/b36855b9-0ff8-40f6-aa36-75f57c0e4bfa-Max-Origin.webp?v=1788832683","b36855b9-0ff8-40f6-aa36-75f57c0e4bfa-Max-Origin","good"
"gid://shopify/Product/8490970415293","Off-Shoulder Ruched Lace Mermaid Maxi Dress","https://cdn.shopify.com/s/files/1/0778/3278/2013/files/5dd1e85d-0035-4a41-aca6-96722e58268a-Max-Origin.webp?v=1788832693","5dd1e85d-0035-4a41-aca6-96722e58268a-Max-Origin","good"
"gid://shopify/Product/8490970415293","Off-Shoulder Ruched Lace Mermaid Maxi Dress","https://cdn.shopify.com/s/files/1/0778/3278/2013/files/29aae7d5-4b23-48f5-85c4-4319e841b860-Max-Origin.webp?v=1788832693","29aae7d5-4b23-48f5-85c4-4319e841b860-Max-Origin","good"
"gid://shopify/Product/8490970415293","Off-Shoulder Ruched Lace Mermaid Maxi Dress","https://cdn.shopify.com/s/files/1/0778/3278/2013/files/f71f42c5caf74394893d32774a9900f6-Max-Origin.webp?v=1788832693","f71f42c5caf74394893d32774a9900f6-Max-Origin","good"
"gid://shopify/Product/8490970415293","Off-Shoulder Ruched Lace Mermaid Maxi Dress","https://cdn.shopify.com/s/files/1/0778/3278/2013/files/811f15ff99e6401d83802d71818df05b-Max-Origin.webp?v=1788832693","811f15ff99e6401d83802d71818df05b-Max-Origin","good"
"gid://shopify/Product/8490970415293","Off-Shoulder Ruched Lace Mermaid Maxi Dress","https://cdn.shopify.com/s/files/1/0778/3278/2013/files/8bbf997d366a487594a84373717c9152-Max-Origin.webp?v=1788832693","8bbf997d366a487594a84373717c9152-Max-Origin","good"
"gid://shopify/Product/8490970415293","Off-Shoulder Ruched Lace Mermaid Maxi Dress","https://cdn.shopify.com/s/files/1/0778/3278/2013/files/c7d4113f-bd56-4df2-b891-b4b25b7dfe00-Max-Origin.webp?v=1788832694","c7d4113f-bd56-4df2-b891-b4b25b7dfe00-Max-Origin","good"
"gid://shopify/Product/8490970415293","Off-Shoulder Ruched Lace Mermaid Maxi Dress","https://cdn.shopify.com/s/files/1/0778/3278/2013/files/58b8b6a6-821a-473b-8aef-692c4e8b8064-Max-Origin.webp?v=1788832693","58b8b6a6-821a-473b-8aef-692c4e8b8064-Max-Origin","good"
"gid://shopify/Product/8490970415293","Off-Shoulder Ruched Lace Mermaid Maxi Dress","https://cdn.shopify.com/s/files/1/0778/3278/2013/files/4f835d78a2c1426ba9cc7a55f749cf2e-Max-Origin.webp?v=1788832693","4f835d78a2c1426ba9cc7a55f749cf2e-Max-Origin","good"
"gid://shopify/Product/8490970415293","Off-Shoulder Ruched Lace Mermaid Maxi Dress","https://cdn.shopify.com/s/files/1/0778/3278/2013/files/752b492ad0444eb99dbd697d8cc182b5-Max-Origin.webp?v=1788832693","752b492ad0444eb99dbd697d8cc182b5-Max-Origin","good"
"gid://shopify/Product/8490970415293","Off-Shoulder Ruched Lace Mermaid Maxi Dress","https://cdn.shopify.com/s/files/1/0778/3278/2013/files/ac1b0b8477aa44d4ab5ee8c8eb09a5b5-Max-Origin.webp?v=1788832693","ac1b0b8477aa44d4ab5ee8c8eb09a5b5-Max-Origin","good"
"gid://shopify/Product/8490970415293","Off-Shoulder Ruched Lace Mermaid Maxi Dress","https://cdn.shopify.com/s/files/1/0778/3278/2013/files/4400658c-01c0-461f-8ddc-f7c69d6e661e-Max-Origin.webp?v=1788832694","4400658c-01c0-461f-8ddc-f7c69d6e661e-Max-Origin","good"
"gid://shopify/Product/8490970611901","Double Take Full Size Openwork Contrast Long Sleeve Hooded Sweater Plus Size","https://cdn.shopify.com/s/files/1/0778/3278/2013/files/7ef91899-2d69-4f13-ae09-faf5e70489a0-Max.webp?v=1788832704","7ef91899-2d69-4f13-ae09-faf5e70489a0-Max","good"
"gid://shopify/Product/8490970611901","Double Take Full Size Openwork Contrast Long Sleeve Hooded Sweater Plus Size","https://cdn.shopify.com/s/files/1/0778/3278/2013/files/7899835b-d094-4b6d-8da8-0d0aeb172b1f-Max.webp?v=1788832703","7899835b-d094-4b6d-8da8-0d0aeb172b1f-Max","good"
"gid://shopify/Product/8490970611901","Double Take Full Size Openwork Contrast Long Sleeve Hooded Sweater Plus Size","https://cdn.shopify.com/s/files/1/0778/3278/2013/files/4929315d-15c3-47db-8b4c-ca6449d9f289-Max.webp?v=1788832703","4929315d-15c3-47db-8b4c-ca6449d9f289-Max","good"
"gid://shopify/Product/8490970611901","Double Take Full Size Openwork Contrast Long Sleeve Hooded Sweater Plus Size","https://cdn.shopify.com/s/files/1/0778/3278/2013/files/d27d1ea5-f8d3-45d5-83be-327df5d8e96a-Max.webp?v=1788832703","d27d1ea5-f8d3-45d5-83be-327df5d8e96a-Max","good"
"gid://shopify/Product/8490970972349","Halloween Rhinestone Pumpkin Face Contrast Ribbed Long Sleeve Patchwork Top","https://cdn.shopify.com/s/files/1/0778/3278/2013/files/e450925a-d205-4642-8f14-02d9a3f25338-Max-Origin.webp?v=1788832714","e450925a-d205-4642-8f14-02d9a3f25338-Max-Origin","good"
"gid://shopify/Product/8490970972349","Halloween Rhinestone Pumpkin Face Contrast Ribbed Long Sleeve Patchwork Top","https://cdn.shopify.com/s/files/1/0778/3278/2013/files/3c37f9997a1f42d6afb1fb35b76679b1-Max-Origin.webp?v=1788832713","3c37f9997a1f42d6afb1fb35b76679b1-Max-Origin","good"
"gid://shopify/Product/8490970972349","Halloween Rhinestone Pumpkin Face Contrast Ribbed Long Sleeve Patchwork Top","https://cdn.shopify.com/s/files/1/0778/3278/2013/files/3acad3244fb24f0fa868564d5890a23d-Max-Origin.webp?v=1788832713","3acad3244fb24f0fa868564d5890a23d-Max-Origin","good"
"gid://shopify/Product/8490970972349","Halloween Rhinestone Pumpkin Face Contrast Ribbed Long Sleeve Patchwork Top","https://cdn.shopify.com/s/files/1/0778/3278/2013/files/faf80f8d6a464a62b0248d460f42d325-Max-Origin.webp?v=1788832713","faf80f8d6a464a62b0248d460f42d325-Max-Origin","good"
"gid://shopify/Product/8490970972349","Halloween Rhinestone Pumpkin Face Contrast Ribbed Long Sleeve Patchwork Top","https://cdn.shopify.com/s/files/1/0778/3278/2013/files/bc100201632d4a9bb18f40f4e372bda0-Max-Origin.webp?v=1788832713","bc100201632d4a9bb18f40f4e372bda0-Max-Origin","good"
"gid://shopify/Product/8490970972349","Halloween Rhinestone Pumpkin Face Contrast Ribbed Long Sleeve Patchwork Top","https://cdn.shopify.com/s/files/1/0778/3278/2013/files/1442320429fc44c4b562433e57be3818-Max-Origin.webp?v=1788832713","1442320429fc44c4b562433e57be3818-Max-Origin","good"
"gid://shopify/Product/8490970972349","Halloween Rhinestone Pumpkin Face Contrast Ribbed Long Sleeve Patchwork Top","https://cdn.shopify.com/s/files/1/0778/3278/2013/files/a698375292414533b24e9a7d8b172524-Max-Origin.webp?v=1788832714","a698375292414533b24e9a7d8b172524-Max-Origin","good"
"gid://shopify/Product/8490970972349","Halloween Rhinestone Pumpkin Face Contrast Ribbed Long Sleeve Patchwork Top","https://cdn.shopify.com/s/files/1/0778/3278/2013/files/eb3d8164c364494c8db4b9e25d6ba72e-Max-Origin.webp?v=1788832713","eb3d8164c364494c8db4b9e25d6ba72e-Max-Origin","good"
"gid://shopify/Product/8490970972349","Halloween Rhinestone Pumpkin Face Contrast Ribbed Long Sleeve Patchwork Top","https://cdn.shopify.com/s/files/1/0778/3278/2013/files/0844e573be614fa9b4a558ca4c305b16-Max-Origin.webp?v=1788832713","0844e573be614fa9b4a558ca4c305b16-Max-Origin","good"
"gid://shopify/Product/8490971201725","Plus Size Halloween Ghost and Pumpkin Print Top and Pants Lounge Set","https://cdn.shopify.com/s/files/1/0778/3278/2013/files/e26f3c04-e69a-4a13-a896-febdbb4c3741-Max-Origin.webp?v=1788832723","e26f3c04-e69a-4a13-a896-febdbb4c3741-Max-Origin","good"
"gid://shopify/Product/8490971201725","Plus Size Halloween Ghost and Pumpkin Print Top and Pants Lounge Set","https://cdn.shopify.com/s/files/1/0778/3278/2013/files/be0dd5bc-b42a-4b65-ba5b-87c09a3a9eb2-Max-Origin.webp?v=1788832724","be0dd5bc-b42a-4b65-ba5b-87c09a3a9eb2-Max-Origin","good"
"gid://shopify/Product/8490971201725","Plus Size Halloween Ghost and Pumpkin Print Top and Pants Lounge Set","https://cdn.shopify.com/s/files/1/0778/3278/2013/files/297cbc3d-10c2-4155-8bb5-f4ce1abb78ea-Max-Origin.webp?v=1788832724","297cbc3d-10c2-4155-8bb5-f4ce1abb78ea-Max-Origin","good"
"gid://shopify/Product/8490971201725","Plus Size Halloween Ghost and Pumpkin Print Top and Pants Lounge Set","https://cdn.shopify.com/s/files/1/0778/3278/2013/files/f00af397-c06a-4423-b10a-9989f11665f0-Max-Origin.webp?v=1788832723","f00af397-c06a-4423-b10a-9989f11665f0-Max-Origin","good"
"gid://shopify/Product/8490971431101","Satin Mini Dress with Lace Detachable Cape","https://cdn.shopify.com/s/files/1/0778/3278/2013/files/5ce09798-5a26-4205-a28e-ae17ac8d41e6-Max-Origin.webp?v=1788832733","5ce09798-5a26-4205-a28e-ae17ac8d41e6-Max-Origin","good"
"gid://shopify/Product/8490971431101","Satin Mini Dress with Lace Detachable Cape","https://cdn.shopify.com/s/files/1/0778/3278/2013/files/6e498935-20f8-4973-b5a9-8a0ab8c07319-Max-Origin.webp?v=1788832734","6e498935-20f8-4973-b5a9-8a0ab8c07319-Max-Origin","good"
"gid://shopify/Product/8490971431101","Satin Mini Dress with Lace Detachable Cape","https://cdn.shopify.com/s/files/1/0778/3278/2013/files/84151be7-d988-436b-adf0-4e605fa3ad6d-Max-Origin.webp?v=1788832734","84151be7-d988-436b-adf0-4e605fa3ad6d-Max-Origin","good"
"gid://shopify/Product/8490971431101","Satin Mini Dress with Lace Detachable Cape","https://cdn.shopify.com/s/files/1/0778/3278/2013/files/6802adc0-af1e-4655-9a06-5db3aac48070-Max-Origin.webp?v=1788832733","6802adc0-af1e-4655-9a06-5db3aac48070-Max-Origin","good"
"gid://shopify/Product/8490971431101","Satin Mini Dress with Lace Detachable Cape","https://cdn.shopify.com/s/files/1/0778/3278/2013/files/c14ef59e-764b-42fe-9af4-6f130348a04e-Max-Origin.webp?v=1788832733","c14ef59e-764b-42fe-9af4-6f130348a04e-Max-Origin","good"
"gid://shopify/Product/8490971431101","Satin Mini Dress with Lace Detachable Cape","https://cdn.shopify.com/s/files/1/0778/3278/2013/files/60a17b3e-dfa3-4351-b71c-8ff4bfb6f432-Max-Origin.webp?v=1788832734","60a17b3e-dfa3-4351-b71c-8ff4bfb6f432-Max-Origin","good"
"gid://shopify/Product/8490971431101","Satin Mini Dress with Lace Detachable Cape","https://cdn.shopify.com/s/files/1/0778/3278/2013/files/980f63bf-ecb0-4aaa-b436-25fe036d095d-Max-Origin.webp?v=1788832734","980f63bf-ecb0-4aaa-b436-25fe036d095d-Max-Origin","good"
"gid://shopify/Product/8490971431101","Satin Mini Dress with Lace Detachable Cape","https://cdn.shopify.com/s/files/1/0778/3278/2013/files/e05bf606-17dc-4950-848c-06c6c5804598-Max-Origin.webp?v=1788832734","e05bf606-17dc-4950-848c-06c6c5804598-Max-Origin","good"
"gid://shopify/Product/8490971431101","Satin Mini Dress with Lace Detachable Cape","https://cdn.shopify.com/s/files/1/0778/3278/2013/files/9c4c6b6e2a244bdca23a5fe74b85c44c-Max-Origin.webp?v=1788832734","9c4c6b6e2a244bdca23a5fe74b85c44c-Max-Origin","good"
"gid://shopify/Product/8490971431101","Satin Mini Dress with Lace Detachable Cape","https://cdn.shopify.com/s/files/1/0778/3278/2013/files/7fcafbd4b68d4540a94a6c4880003950-Max-Origin.webp?v=1788832734","7fcafbd4b68d4540a94a6c4880003950-Max-Origin","good"
"gid://shopify/Product/8490971431101","Satin Mini Dress with Lace Detachable Cape","https://cdn.shopify.com/s/files/1/0778/3278/2013/files/953e605bc9284825ac4e4a1681accbc2-Max-Origin.webp?v=1788832734","953e605bc9284825ac4e4a1681accbc2-Max-Origin","good"
"gid://shopify/Product/8490971431101","Satin Mini Dress with Lace Detachable Cape","https://cdn.shopify.com/s/files/1/0778/3278/2013/files/aa66b4e9a9fb4444b87a84d327509701-Max-Origin.webp?v=1788832734","aa66b4e9a9fb4444b87a84d327509701-Max-Origin","good"
"gid://shopify/Product/8490971431101","Satin Mini Dress with Lace Detachable Cape","https://cdn.shopify.com/s/files/1/0778/3278/2013/files/f89714ccb7124ecda4df08bcbe9c9253-Max-Origin.webp?v=1788832734","f89714ccb7124ecda4df08bcbe9c9253-Max-Origin","good"
"gid://shopify/Product/8490971431101","Satin Mini Dress with Lace Detachable Cape","https://cdn.shopify.com/s/files/1/0778/3278/2013/files/8ee479ffe88d42b48e65ab2aa95155b6-Max-Origin.webp?v=1788832733","8ee479ffe88d42b48e65ab2aa95155b6-Max-Origin","good"
"gid://shopify/Product/8490971431101","Satin Mini Dress with Lace Detachable Cape","https://cdn.shopify.com/s/files/1/0778/3278/2013/files/2c3b3a16dacb41049dee89177f88b881-Max-Origin.webp?v=1788832734","2c3b3a16dacb41049dee89177f88b881-Max-Origin","good"
"gid://shopify/Product/8490971431101","Satin Mini Dress with Lace Detachable Cape","https://cdn.shopify.com/s/files/1/0778/3278/2013/files/576480bf50fd47469cb80032796da127-Max-Origin.webp?v=1788832734","576480bf50fd47469cb80032796da127-Max-Origin","good"
"gid://shopify/Product/8490971431101","Satin Mini Dress with Lace Detachable Cape","https://cdn.shopify.com/s/files/1/0778/3278/2013/files/0ae49ba706104daa8bdb3128c4c22236-Max-Origin.webp?v=1788832734","0ae49ba706104daa8bdb3128c4c22236-Max-Origin","good"
"gid://shopify/Product/8490971431101","Satin Mini Dress with Lace Detachable Cape","https://cdn.shopify.com/s/files/1/0778/3278/2013/files/4c2f78320f1c4eae81d8c965d3c0f743-Max-Origin.webp?v=1788832733","4c2f78320f1c4eae81d8c965d3c0f743-Max-Origin","good"
"gid://shopify/Product/8490971627709","Geometric Pattern Long Sleeve Sweater","https://cdn.shopify.com/s/files/1/0778/3278/2013/files/8f54dc43-6523-4e67-b3f5-4ab9f3ad6eba-Max-Origin.webp?v=1788832744","8f54dc43-6523-4e67-b3f5-4ab9f3ad6eba-Max-Origin","good"
"gid://shopify/Product/8490971627709","Geometric Pattern Long Sleeve Sweater","https://cdn.shopify.com/s/files/1/0778/3278/2013/files/f75c023a-da20-45e1-a148-eeddbb6a99ff-Max-Origin.webp?v=1788832744","f75c023a-da20-45e1-a148-eeddbb6a99ff-Max-Origin","good"
"gid://shopify/Product/8490971627709","Geometric Pattern Long Sleeve Sweater","https://cdn.shopify.com/s/files/1/0778/3278/2013/files/13fe0409-8189-4454-be7d-c1332a624ee5-Max-Origin.webp?v=1788832744","13fe0409-8189-4454-be7d-c1332a624ee5-Max-Origin","good"
"gid://shopify/Product/8490971627709","Geometric Pattern Long Sleeve Sweater","https://cdn.shopify.com/s/files/1/0778/3278/2013/files/2b6625a9-b98e-4dfd-9726-90baf06264e3-Max-Origin.webp?v=1788832744","2b6625a9-b98e-4dfd-9726-90baf06264e3-Max-Origin","good"
"gid://shopify/Product/8490971627709","Geometric Pattern Long Sleeve Sweater","https://cdn.shopify.com/s/files/1/0778/3278/2013/files/950740f5-1593-4bcf-8b5e-7f2566346175-Max-Origin.webp?v=1788832744","950740f5-1593-4bcf-8b5e-7f2566346175-Max-Origin","good"
"gid://shopify/Product/8490971627709","Geometric Pattern Long Sleeve Sweater","https://cdn.shopify.com/s/files/1/0778/3278/2013/files/1c0b1362-07bd-4fc4-a62e-2ebe3646d91d-Max-Origin.webp?v=1788832744","1c0b1362-07bd-4fc4-a62e-2ebe3646d91d-Max-Origin","good"
"gid://shopify/Product/8490971627709","Geometric Pattern Long Sleeve Sweater","https://cdn.shopify.com/s/files/1/0778/3278/2013/files/f8ed782d-effa-49a2-a533-059c9b387b35-Max-Origin.webp?v=1788832744","f8ed782d-effa-49a2-a533-059c9b387b35-Max-Origin","good"
"gid://shopify/Product/8490971627709","Geometric Pattern Long Sleeve Sweater","https://cdn.shopify.com/s/files/1/0778/3278/2013/files/2861167f-c420-4b8c-a575-92b9b8e89585-Max-Origin.webp?v=1788832744","2861167f-c420-4b8c-a575-92b9b8e89585-Max-Origin","good"
"gid://shopify/Product/8490971627709","Geometric Pattern Long Sleeve Sweater","https://cdn.shopify.com/s/files/1/0778/3278/2013/files/92f0ddc5-e0ba-4fe2-8d64-982b936a813b-Max-Origin.webp?v=1788832744","92f0ddc5-e0ba-4fe2-8d64-982b936a813b-Max-Origin","good"
"gid://shopify/Product/8490971627709","Geometric Pattern Long Sleeve Sweater","https://cdn.shopify.com/s/files/1/0778/3278/2013/files/97ac3550-19a3-4470-b268-8eb89d7164bd-Max-Origin.webp?v=1788832744","97ac3550-19a3-4470-b268-8eb89d7164bd-Max-Origin","good"
"gid://shopify/Product/8490971627709","Geometric Pattern Long Sleeve Sweater","https://cdn.shopify.com/s/files/1/0778/3278/2013/files/4d3233f4-3649-4a76-874f-8d1f188e21ea-Max-Origin.webp?v=1788832744","4d3233f4-3649-4a76-874f-8d1f188e21ea-Max-Origin","good"
"gid://shopify/Product/8490971627709","Geometric Pattern Long Sleeve Sweater","https://cdn.shopify.com/s/files/1/0778/3278/2013/files/e1fcbfa3-3287-41b2-9394-c213c576bb6c-Max-Origin.webp?v=1788832744","e1fcbfa3-3287-41b2-9394-c213c576bb6c-Max-Origin","good"
"gid://shopify/Product/8490971627709","Geometric Pattern Long Sleeve Sweater","https://cdn.shopify.com/s/files/1/0778/3278/2013/files/cbf5ce8f-c6fc-4161-9a6f-aaa3df7e9c00-Max-Origin.webp?v=1788832744","cbf5ce8f-c6fc-4161-9a6f-aaa3df7e9c00-Max-Origin","good"
"gid://shopify/Product/8490971627709","Geometric Pattern Long Sleeve Sweater","https://cdn.shopify.com/s/files/1/0778/3278/2013/files/a2df0640-58d9-4460-9882-dfcfeb773591-Max-Origin.webp?v=1788832744","a2df0640-58d9-4460-9882-dfcfeb773591-Max-Origin","good"
"gid://shopify/Product/8490971791549","Rhinestone Embellished Mock Neck Long Sleeve Maxi Dress","https://cdn.shopify.com/s/files/1/0778/3278/2013/files/8cbda29d-c239-43bf-ae4a-1c6164c4703c-Max-Origin.webp?v=1788832754","8cbda29d-c239-43bf-ae4a-1c6164c4703c-Max-Origin","good"
"gid://shopify/Product/8490971791549","Rhinestone Embellished Mock Neck Long Sleeve Maxi Dress","https://cdn.shopify.com/s/files/1/0778/3278/2013/files/2d60e4a1-eab4-4bdf-a6c9-6c63ad7e196c-Max-Origin.webp?v=1788832754","2d60e4a1-eab4-4bdf-a6c9-6c63ad7e196c-Max-Origin","good"
"gid://shopify/Product/8490971791549","Rhinestone Embellished Mock Neck Long Sleeve Maxi Dress","https://cdn.shopify.com/s/files/1/0778/3278/2013/files/b77fa150-4956-4feb-a448-4092bf0b5db1-Max-Origin.webp?v=1788832754","b77fa150-4956-4feb-a448-4092bf0b5db1-Max-Origin","good"
"gid://shopify/Product/8490971791549","Rhinestone Embellished Mock Neck Long Sleeve Maxi Dress","https://cdn.shopify.com/s/files/1/0778/3278/2013/files/7369aea2-1232-4157-a7e4-e9dd487da2fa-Max-Origin.webp?v=1788832754","7369aea2-1232-4157-a7e4-e9dd487da2fa-Max-Origin","good"
"gid://shopify/Product/8490971791549","Rhinestone Embellished Mock Neck Long Sleeve Maxi Dress","https://cdn.shopify.com/s/files/1/0778/3278/2013/files/badac302-6ce3-451b-a390-125d5ac56609-Max-Origin.webp?v=1788832754","badac302-6ce3-451b-a390-125d5ac56609-Max-Origin","good"
"gid://shopify/Product/8490971791549","Rhinestone Embellished Mock Neck Long Sleeve Maxi Dress","https://cdn.shopify.com/s/files/1/0778/3278/2013/files/e9a04d44-4c7f-4d78-ae52-4b765a11a55e-Max-Origin.webp?v=1788832754","e9a04d44-4c7f-4d78-ae52-4b765a11a55e-Max-Origin","good"
"gid://shopify/Product/8490971791549","Rhinestone Embellished Mock Neck Long Sleeve Maxi Dress","https://cdn.shopify.com/s/files/1/0778/3278/2013/files/26a4e5f6-cd81-49df-b43c-0daa4bb87c3c-Max-Origin.webp?v=1788832754","26a4e5f6-cd81-49df-b43c-0daa4bb87c3c-Max-Origin","good"
"gid://shopify/Product/8490971791549","Rhinestone Embellished Mock Neck Long Sleeve Maxi Dress","https://cdn.shopify.com/s/files/1/0778/3278/2013/files/0983ce20-e7d3-4033-9d06-ca7a1b2cb4aa-Max-Origin.webp?v=1788832754","0983ce20-e7d3-4033-9d06-ca7a1b2cb4aa-Max-Origin","good"
"gid://shopify/Product/8490971955389","Double Take Full Size Pumpkin Button Up Long Sleeve Cardigan Plus Size","https://cdn.shopify.com/s/files/1/0778/3278/2013/files/4d2ecb5b-a225-43be-8e6d-ad060e1efdb4-Max.webp?v=1788832764","4d2ecb5b-a225-43be-8e6d-ad060e1efdb4-Max","good"
"gid://shopify/Product/8490971955389","Double Take Full Size Pumpkin Button Up Long Sleeve Cardigan Plus Size","https://cdn.shopify.com/s/files/1/0778/3278/2013/files/dc356c3e-15ce-45ad-8782-93206228b05a-Max.webp?v=1788832764","dc356c3e-15ce-45ad-8782-93206228b05a-Max","good"
"gid://shopify/Product/8490971955389","Double Take Full Size Pumpkin Button Up Long Sleeve Cardigan Plus Size","https://cdn.shopify.com/s/files/1/0778/3278/2013/files/e824b901-c6bd-4308-b220-27319e711f02-Max.webp?v=1788832764","e824b901-c6bd-4308-b220-27319e711f02-Max","good"
"gid://shopify/Product/8490972184765","Halloween Pumpkin Print Long Sleeve Two Piece Lounge Set","https://cdn.shopify.com/s/files/1/0778/3278/2013/files/be01f551-f186-47b8-ac54-dd982f9424cd-Max-Origin.webp?v=1788832774","be01f551-f186-47b8-ac54-dd982f9424cd-Max-Origin","good"
"gid://shopify/Product/8490972184765","Halloween Pumpkin Print Long Sleeve Two Piece Lounge Set","https://cdn.shopify.com/s/files/1/0778/3278/2013/files/9565c71c-0b21-47bc-aebe-17ff0c625714-Max-Origin.webp?v=1788832774","9565c71c-0b21-47bc-aebe-17ff0c625714-Max-Origin","good"
"gid://shopify/Product/8490972184765","Halloween Pumpkin Print Long Sleeve Two Piece Lounge Set","https://cdn.shopify.com/s/files/1/0778/3278/2013/files/0afa358e-9926-4e59-9a78-e2c0156d2637-Max-Origin.webp?v=1788832774","0afa358e-9926-4e59-9a78-e2c0156d2637-Max-Origin","good"
"gid://shopify/Product/8490972184765","Halloween Pumpkin Print Long Sleeve Two Piece Lounge Set","https://cdn.shopify.com/s/files/1/0778/3278/2013/files/d65d21f1-d81b-4675-acf0-ae2d64814c5c-Max-Origin.webp?v=1788832774","d65d21f1-d81b-4675-acf0-ae2d64814c5c-Max-Origin","good"
"gid://shopify/Product/8490972184765","Halloween Pumpkin Print Long Sleeve Two Piece Lounge Set","https://cdn.shopify.com/s/files/1/0778/3278/2013/files/e0ca78a0-cb7d-4539-ae34-5b7156c0557a-Max-Origin.webp?v=1788832774","e0ca78a0-cb7d-4539-ae34-5b7156c0557a-Max-Origin","good"
"gid://shopify/Product/8490972184765","Halloween Pumpkin Print Long Sleeve Two Piece Lounge Set","https://cdn.shopify.com/s/files/1/0778/3278/2013/files/520d658f-0b81-48c7-856b-9410f0a034fd-Max-Origin.webp?v=1788832774","520d658f-0b81-48c7-856b-9410f0a034fd-Max-Origin","good"
"gid://shopify/Product/8490972184765","Halloween Pumpkin Print Long Sleeve Two Piece Lounge Set","https://cdn.shopify.com/s/files/1/0778/3278/2013/files/b32b751a-7702-4db3-9b07-b4b8ccfc301d-Max-Origin.webp?v=1788832774","b32b751a-7702-4db3-9b07-b4b8ccfc301d-Max-Origin","good"
"gid://shopify/Product/8490972184765","Halloween Pumpkin Print Long Sleeve Two Piece Lounge Set","https://cdn.shopify.com/s/files/1/0778/3278/2013/files/0500cb8a-91a6-4f61-9859-b7b2d1125180-Max-Origin.webp?v=1788832774","0500cb8a-91a6-4f61-9859-b7b2d1125180-Max-Origin","good"
"gid://shopify/Product/8490972184765","Halloween Pumpkin Print Long Sleeve Two Piece Lounge Set","https://cdn.shopify.com/s/files/1/0778/3278/2013/files/794601a4-8b6f-4e4d-98a6-de1d9f3c4d13-Max-Origin.webp?v=1788832774","794601a4-8b6f-4e4d-98a6-de1d9f3c4d13-Max-Origin","good"
"gid://shopify/Product/8490972184765","Halloween Pumpkin Print Long Sleeve Two Piece Lounge Set","https://cdn.shopify.com/s/files/1/0778/3278/2013/files/fea63d72-ced1-40bb-b230-c992d7c51e7c-Max-Origin.webp?v=1788832774","fea63d72-ced1-40bb-b230-c992d7c51e7c-Max-Origin","good"
"gid://shopify/Product/8490972184765","Halloween Pumpkin Print Long Sleeve Two Piece Lounge Set","https://cdn.shopify.com/s/files/1/0778/3278/2013/files/964ee243-3357-4a3d-95f6-70943628c06e-Max-Origin.webp?v=1788832774","964ee243-3357-4a3d-95f6-70943628c06e-Max-Origin","good"
"gid://shopify/Product/8490972184765","Halloween Pumpkin Print Long Sleeve Two Piece Lounge Set","https://cdn.shopify.com/s/files/1/0778/3278/2013/files/34f8b092-5d08-4520-8b18-67ce00ace8a9-Max-Origin.webp?v=1788832774","34f8b092-5d08-4520-8b18-67ce00ace8a9-Max-Origin","good"
"gid://shopify/Product/8490972381373","Lace Keyhole High-Slit Maxi Dress","https://cdn.shopify.com/s/files/1/0778/3278/2013/files/66cd7e37-cc8b-4db2-8110-0ab3c127a0a7-Max-Origin.webp?v=1788832784","66cd7e37-cc8b-4db2-8110-0ab3c127a0a7-Max-Origin","good"
"gid://shopify/Product/8490972381373","Lace Keyhole High-Slit Maxi Dress","https://cdn.shopify.com/s/files/1/0778/3278/2013/files/b623b8db-1b43-4132-9501-0d12ac040199-Max-Origin.webp?v=1788832784","b623b8db-1b43-4132-9501-0d12ac040199-Max-Origin","good"
"gid://shopify/Product/8490972381373","Lace Keyhole High-Slit Maxi Dress","https://cdn.shopify.com/s/files/1/0778/3278/2013/files/562557e0-cc0c-4304-bd51-29cb2af4007a-Max-Origin.webp?v=1788832784","562557e0-cc0c-4304-bd51-29cb2af4007a-Max-Origin","good"
"gid://shopify/Product/8490972381373","Lace Keyhole High-Slit Maxi Dress","https://cdn.shopify.com/s/files/1/0778/3278/2013/files/9faf66ad-28fb-4e4a-a2db-f7d582e289c5-Max-Origin.webp?v=1788832784","9faf66ad-28fb-4e4a-a2db-f7d582e289c5-Max-Origin","good"
"gid://shopify/Product/8490972381373","Lace Keyhole High-Slit Maxi Dress","https://cdn.shopify.com/s/files/1/0778/3278/2013/files/702c651b-3cf2-4676-91d3-007da78a5ade-Max-Origin.webp?v=1788832784","702c651b-3cf2-4676-91d3-007da78a5ade-Max-Origin","good"
"gid://shopify/Product/8490972381373","Lace Keyhole High-Slit Maxi Dress","https://cdn.shopify.com/s/files/1/0778/3278/2013/files/814ce952-6686-4c6d-85c0-094dd5fecce6-Max-Origin.webp?v=1788832784","814ce952-6686-4c6d-85c0-094dd5fecce6-Max-Origin","good"
"gid://shopify/Product/8490972381373","Lace Keyhole High-Slit Maxi Dress","https://cdn.shopify.com/s/files/1/0778/3278/2013/files/f361f8b3-f5e3-45bf-8589-9e57adeccb1c-Max-Origin.webp?v=1788832784","f361f8b3-f5e3-45bf-8589-9e57adeccb1c-Max-Origin","good"
"gid://shopify/Product/8490972381373","Lace Keyhole High-Slit Maxi Dress","https://cdn.shopify.com/s/files/1/0778/3278/2013/files/b7e5aa93-d8c6-4c2b-9235-c024d3a5bf06-Max-Origin.webp?v=1788832784","b7e5aa93-d8c6-4c2b-9235-c024d3a5bf06-Max-Origin","good"
"gid://shopify/Product/8490972381373","Lace Keyhole High-Slit Maxi Dress","https://cdn.shopify.com/s/files/1/0778/3278/2013/files/99657b03-208b-46fd-9c1a-4bd7bf7654c0-Max-Origin.webp?v=1788832784","99657b03-208b-46fd-9c1a-4bd7bf7654c0-Max-Origin","good"
"gid://shopify/Product/8490972381373","Lace Keyhole High-Slit Maxi Dress","https://cdn.shopify.com/s/files/1/0778/3278/2013/files/04061fb8-a985-43d3-9fe3-94b8ebc3b818-Max-Origin.webp?v=1788832784","04061fb8-a985-43d3-9fe3-94b8ebc3b818-Max-Origin","good"
"gid://shopify/Product/8490972577981","Double Take Full Size Printed Ruffle Hem Long Sleeve Dress Plus Size","https://cdn.shopify.com/s/files/1/0778/3278/2013/files/efc2ef80-b533-4fc6-be8e-192267925476-Max.webp?v=1788832796","efc2ef80-b533-4fc6-be8e-192267925476-Max","good"
"gid://shopify/Product/8490972577981","Double Take Full Size Printed Ruffle Hem Long Sleeve Dress Plus Size","https://cdn.shopify.com/s/files/1/0778/3278/2013/files/99abb103-da4e-43ff-9b61-91d6092bc403-Max.webp?v=1788832796","99abb103-da4e-43ff-9b61-91d6092bc403-Max","good"
"gid://shopify/Product/8490972577981","Double Take Full Size Printed Ruffle Hem Long Sleeve Dress Plus Size","https://cdn.shopify.com/s/files/1/0778/3278/2013/files/35b1d780-ab60-45e2-ab8c-a8bbfa229baa-Max.webp?v=1788832796","35b1d780-ab60-45e2-ab8c-a8bbfa229baa-Max","good"
"gid://shopify/Product/8490972577981","Double Take Full Size Printed Ruffle Hem Long Sleeve Dress Plus Size","https://cdn.shopify.com/s/files/1/0778/3278/2013/files/a623b87a-ff48-46f9-a313-01cbdc64c225-Max.webp?v=1788832796","a623b87a-ff48-46f9-a313-01cbdc64c225-Max","good"
"gid://shopify/Product/8490972577981","Double Take Full Size Printed Ruffle Hem Long Sleeve Dress Plus Size","https://cdn.shopify.com/s/files/1/0778/3278/2013/files/a293ad4b-15f4-4ae3-a5c6-4110ea2701ce-Max.webp?v=1788832796","a293ad4b-15f4-4ae3-a5c6-4110ea2701ce-Max","good"
"gid://shopify/Product/8490972577981","Double Take Full Size Printed Ruffle Hem Long Sleeve Dress Plus Size","https://cdn.shopify.com/s/files/1/0778/3278/2013/files/dc986157-53b7-467c-846f-886b8bb3e8ee-Max.webp?v=1788832796","dc986157-53b7-467c-846f-886b8bb3e8ee-Max","good"
"gid://shopify/Product/8490972577981","Double Take Full Size Printed Ruffle Hem Long Sleeve Dress Plus Size","https://cdn.shopify.com/s/files/1/0778/3278/2013/files/ec2bdd52-560a-4dc0-b28c-6f3890796590-Max.webp?v=1788832796","ec2bdd52-560a-4dc0-b28c-6f3890796590-Max","good"
"gid://shopify/Product/8490972577981","Double Take Full Size Printed Ruffle Hem Long Sleeve Dress Plus Size","https://cdn.shopify.com/s/files/1/0778/3278/2013/files/1bb6d35d-219f-4d0b-8af5-3361f70f877d-Max.webp?v=1788832796","1bb6d35d-219f-4d0b-8af5-3361f70f877d-Max","good"
"gid://shopify/Product/8490972577981","Double Take Full Size Printed Ruffle Hem Long Sleeve Dress Plus Size","https://cdn.shopify.com/s/files/1/0778/3278/2013/files/96008d2e-c84c-40e3-8eba-89fe5d3d137b-Max.webp?v=1788832796","96008d2e-c84c-40e3-8eba-89fe5d3d137b-Max","good"
"gid://shopify/Product/8490972577981","Double Take Full Size Printed Ruffle Hem Long Sleeve Dress Plus Size","https://cdn.shopify.com/s/files/1/0778/3278/2013/files/12121cbb-122e-46cb-9248-3c2de1fa4bd5-Max.webp?v=1788832796","12121cbb-122e-46cb-9248-3c2de1fa4bd5-Max","good"
"gid://shopify/Product/8490972577981","Double Take Full Size Printed Ruffle Hem Long Sleeve Dress Plus Size","https://cdn.shopify.com/s/files/1/0778/3278/2013/files/7525b188-a29b-4a6b-b484-f87a1672d1aa-Max.webp?v=1788832796","7525b188-a29b-4a6b-b484-f87a1672d1aa-Max","good"
"gid://shopify/Product/8490972577981","Double Take Full Size Printed Ruffle Hem Long Sleeve Dress Plus Size","https://cdn.shopify.com/s/files/1/0778/3278/2013/files/8e44ac0a-7bc2-4085-90c7-ae04ec66251c-Max.webp?v=1788832796","8e44ac0a-7bc2-4085-90c7-ae04ec66251c-Max","good"
"gid://shopify/Product/8490972577981","Double Take Full Size Printed Ruffle Hem Long Sleeve Dress Plus Size","https://cdn.shopify.com/s/files/1/0778/3278/2013/files/03f959cb-be38-4f65-aec9-116cbe900ac2-Max.webp?v=1788832796","03f959cb-be38-4f65-aec9-116cbe900ac2-Max","good"
"gid://shopify/Product/8490972577981","Double Take Full Size Printed Ruffle Hem Long Sleeve Dress Plus Size","https://cdn.shopify.com/s/files/1/0778/3278/2013/files/a473f5b9-c26a-4c83-8762-0a8e08fb33b6-Max.webp?v=1788832796","a473f5b9-c26a-4c83-8762-0a8e08fb33b6-Max","good"
"gid://shopify/Product/8490972577981","Double Take Full Size Printed Ruffle Hem Long Sleeve Dress Plus Size","https://cdn.shopify.com/s/files/1/0778/3278/2013/files/90401c64-8819-43f0-bfa2-af5205c6b64b-Max.webp?v=1788832796","90401c64-8819-43f0-bfa2-af5205c6b64b-Max","good"
"gid://shopify/Product/8490972577981","Double Take Full Size Printed Ruffle Hem Long Sleeve Dress Plus Size","https://cdn.shopify.com/s/files/1/0778/3278/2013/files/50a0ed25-3ff9-4e94-8df5-fa3024783427-Max.webp?v=1788832796","50a0ed25-3ff9-4e94-8df5-fa3024783427-Max","good"
"gid://shopify/Product/8490972577981","Double Take Full Size Printed Ruffle Hem Long Sleeve Dress Plus Size","https://cdn.shopify.com/s/files/1/0778/3278/2013/files/fa1f0a1e-18fc-4f9b-9708-517f18a3d4d7-Max.webp?v=1788832796","fa1f0a1e-18fc-4f9b-9708-517f18a3d4d7-Max","good"
"gid://shopify/Product/8490972741821","Gothic Punk Star Charm Toggle Necklace","https://cdn.shopify.com/s/files/1/0778/3278/2013/files/a08d5805-4138-4475-b609-3b138d896640-Max-Origin.webp?v=1788832804","a08d5805-4138-4475-b609-3b138d896640-Max-Origin","good"
"gid://shopify/Product/8490972741821","Gothic Punk Star Charm Toggle Necklace","https://cdn.shopify.com/s/files/1/0778/3278/2013/files/bef2b4e3-ddc7-461c-9fa2-418384858617-Max-Origin.webp?v=1788832804","bef2b4e3-ddc7-461c-9fa2-418384858617-Max-Origin","good"
"gid://shopify/Product/8490972741821","Gothic Punk Star Charm Toggle Necklace","https://cdn.shopify.com/s/files/1/0778/3278/2013/files/9a261143-75a9-48af-9fbe-f9b440afc0e9-Max-Origin.webp?v=1788832804","9a261143-75a9-48af-9fbe-f9b440afc0e9-Max-Origin","good"
"gid://shopify/Product/8490972741821","Gothic Punk Star Charm Toggle Necklace","https://cdn.shopify.com/s/files/1/0778/3278/2013/files/cf19b9b8-4aec-4f35-a0d7-d26401a1de3e-Max-Origin.webp?v=1788832804","cf19b9b8-4aec-4f35-a0d7-d26401a1de3e-Max-Origin","good"
"gid://shopify/Product/8490972741821","Gothic Punk Star Charm Toggle Necklace","https://cdn.shopify.com/s/files/1/0778/3278/2013/files/7c13801f-70ca-4b13-97a4-9b890e0bc357-Max-Origin.webp?v=1788832804","7c13801f-70ca-4b13-97a4-9b890e0bc357-Max-Origin","good"
"gid://shopify/Product/8490972741821","Gothic Punk Star Charm Toggle Necklace","https://cdn.shopify.com/s/files/1/0778/3278/2013/files/639cb588-d582-4e6d-b893-27711b79883d-Max-Origin.webp?v=1788832804","639cb588-d582-4e6d-b893-27711b79883d-Max-Origin","good"
"gid://shopify/Product/8490972741821","Gothic Punk Star Charm Toggle Necklace","https://cdn.shopify.com/s/files/1/0778/3278/2013/files/a6a01612-9fe6-47a3-8249-ce336a869ba6-Max-Origin.webp?v=1788832804","a6a01612-9fe6-47a3-8249-ce336a869ba6-Max-Origin","good"
"gid://shopify/Product/8490972938429","Halloween Ghost Graphic Round Neck Sweatshirt","https://cdn.shopify.com/s/files/1/0778/3278/2013/files/867d3d5d-5c51-44fd-8231-9a309658d01e-Max-Origin.webp?v=1788832814","867d3d5d-5c51-44fd-8231-9a309658d01e-Max-Origin","good"
"gid://shopify/Product/8490972938429","Halloween Ghost Graphic Round Neck Sweatshirt","https://cdn.shopify.com/s/files/1/0778/3278/2013/files/5d0a14cf-dc71-46c5-a9e3-6e85539ace53-Max-Origin.webp?v=1788832814","5d0a14cf-dc71-46c5-a9e3-6e85539ace53-Max-Origin","good"
"gid://shopify/Product/8490972938429","Halloween Ghost Graphic Round Neck Sweatshirt","https://cdn.shopify.com/s/files/1/0778/3278/2013/files/3e6407a3-597c-4f29-b085-8b4aa643859e-Max-Origin.webp?v=1788832814","3e6407a3-597c-4f29-b085-8b4aa643859e-Max-Origin","good"
"gid://shopify/Product/8490973233341","Full Size Halloween Ghost Graphic Short Sleeve T-Shirt Plus Size","https://cdn.shopify.com/s/files/1/0778/3278/2013/files/0e40dd1a-75b7-41b5-9918-df25cc6dcb35-Max-Origin.webp?v=1788832824","0e40dd1a-75b7-41b5-9918-df25cc6dcb35-Max-Origin","good"
"gid://shopify/Product/8490973233341","Full Size Halloween Ghost Graphic Short Sleeve T-Shirt Plus Size","https://cdn.shopify.com/s/files/1/0778/3278/2013/files/71552624-72cf-44ce-ad4d-8184078c9a40-Max-Origin.webp?v=1788832824","71552624-72cf-44ce-ad4d-8184078c9a40-Max-Origin","good"
"gid://shopify/Product/8490973233341","Full Size Halloween Ghost Graphic Short Sleeve T-Shirt Plus Size","https://cdn.shopify.com/s/files/1/0778/3278/2013/files/7f32f4eb-7b5b-4e76-a550-9152cf6de0af-Max-Origin.webp?v=1788832824","7f32f4eb-7b5b-4e76-a550-9152cf6de0af-Max-Origin","good"
"gid://shopify/Product/8490973233341","Full Size Halloween Ghost Graphic Short Sleeve T-Shirt Plus Size","https://cdn.shopify.com/s/files/1/0778/3278/2013/files/83c71376-97bc-4f17-b6ca-7c4052501ef3-Max-Origin.webp?v=1788832824","83c71376-97bc-4f17-b6ca-7c4052501ef3-Max-Origin","good"
"gid://shopify/Product/8490973233341","Full Size Halloween Ghost Graphic Short Sleeve T-Shirt Plus Size","https://cdn.shopify.com/s/files/1/0778/3278/2013/files/a81152be-1888-4ca8-be4d-2fd77a2969c0-Max-Origin.webp?v=1788832824","a81152be-1888-4ca8-be4d-2fd77a2969c0-Max-Origin","good"
"gid://shopify/Product/8490973233341","Full Size Halloween Ghost Graphic Short Sleeve T-Shirt Plus Size","https://cdn.shopify.com/s/files/1/0778/3278/2013/files/ad6e4c60-682d-4eca-af5f-1b80c6ba76f8-Max-Origin.webp?v=1788832824","ad6e4c60-682d-4eca-af5f-1b80c6ba76f8-Max-Origin","good"
"gid://shopify/Product/8490973331645","Multicolour Leopard Print Western Style Wide Leg Full Length Pants","https://cdn.shopify.com/s/files/1/0778/3278/2013/files/8c495458-a6b1-49b7-8aee-bf5b88c0ddd9-Max-Origin.webp?v=1788832835","8c495458-a6b1-49b7-8aee-bf5b88c0ddd9-Max-Origin","good"
"gid://shopify/Product/8490973331645","Multicolour Leopard Print Western Style Wide Leg Full Length Pants","https://cdn.shopify.com/s/files/1/0778/3278/2013/files/675e41a1-5e27-4e48-b017-7db118e612dd-Max-Origin.webp?v=1788832835","675e41a1-5e27-4e48-b017-7db118e612dd-Max-Origin","good"
"gid://shopify/Product/8490973331645","Multicolour Leopard Print Western Style Wide Leg Full Length Pants","https://cdn.shopify.com/s/files/1/0778/3278/2013/files/cef89fe1-3286-44c3-b738-b21b39aa0eba-Max-Origin.webp?v=1788832835","cef89fe1-3286-44c3-b738-b21b39aa0eba-Max-Origin","good"
"gid://shopify/Product/8490973331645","Multicolour Leopard Print Western Style Wide Leg Full Length Pants","https://cdn.shopify.com/s/files/1/0778/3278/2013/files/30d35fd7-1b88-451b-91bc-fc632d16a000-Max-Origin.webp?v=1788832835","30d35fd7-1b88-451b-91bc-fc632d16a000-Max-Origin","good"
"gid://shopify/Product/8490973331645","Multicolour Leopard Print Western Style Wide Leg Full Length Pants","https://cdn.shopify.com/s/files/1/0778/3278/2013/files/74e60194-cd6b-4375-905f-238518887d56-Max-Origin.webp?v=1788832835","74e60194-cd6b-4375-905f-238518887d56-Max-Origin","good"
"gid://shopify/Product/8490973331645","Multicolour Leopard Print Western Style Wide Leg Full Length Pants","https://cdn.shopify.com/s/files/1/0778/3278/2013/files/d27721d5-c988-4fe6-8d0b-98931ba089c7-Max-Origin.webp?v=1788832835","d27721d5-c988-4fe6-8d0b-98931ba089c7-Max-Origin","good"
"gid://shopify/Product/8490973331645","Multicolour Leopard Print Western Style Wide Leg Full Length Pants","https://cdn.shopify.com/s/files/1/0778/3278/2013/files/8a251c06-3476-49ed-97c7-bc84d863b486-Max-Origin.webp?v=1788832835","8a251c06-3476-49ed-97c7-bc84d863b486-Max-Origin","good"
"gid://shopify/Product/8490973331645","Multicolour Leopard Print Western Style Wide Leg Full Length Pants","https://cdn.shopify.com/s/files/1/0778/3278/2013/files/7d634b5f-918c-44a4-9d3d-5199c1be80ff-Max-Origin.webp?v=1788832835","7d634b5f-918c-44a4-9d3d-5199c1be80ff-Max-Origin","good"
"gid://shopify/Product/8490973331645","Multicolour Leopard Print Western Style Wide Leg Full Length Pants","https://cdn.shopify.com/s/files/1/0778/3278/2013/files/a1e687ce-2c84-4c31-8c9d-9bd6e862ab56-Max-Origin.webp?v=1788832835","a1e687ce-2c84-4c31-8c9d-9bd6e862ab56-Max-Origin","good"
"gid://shopify/Product/8490973331645","Multicolour Leopard Print Western Style Wide Leg Full Length Pants","https://cdn.shopify.com/s/files/1/0778/3278/2013/files/e73b0a1c-ae3f-401c-b2fb-9bc592de12b5-Max-Origin.webp?v=1788832835","e73b0a1c-ae3f-401c-b2fb-9bc592de12b5-Max-Origin","good"
"gid://shopify/Product/8490973331645","Multicolour Leopard Print Western Style Wide Leg Full Length Pants","https://cdn.shopify.com/s/files/1/0778/3278/2013/files/36fb4d07-afe9-44d9-bd64-87e275df9c5a-Max-Origin.webp?v=1788832835","36fb4d07-afe9-44d9-bd64-87e275df9c5a-Max-Origin","good"
"gid://shopify/Product/8490973561021","STAYING ALIVE Funny Skeleton Graphic Round Neck T Shirt","https://cdn.shopify.com/s/files/1/0778/3278/2013/files/adb220ee-3f83-46df-9d0a-a688ce4960e5-Max-Origin.webp?v=1788832845","adb220ee-3f83-46df-9d0a-a688ce4960e5-Max-Origin","good"
"gid://shopify/Product/8490973561021","STAYING ALIVE Funny Skeleton Graphic Round Neck T Shirt","https://cdn.shopify.com/s/files/1/0778/3278/2013/files/1ff65e72-2969-4406-976e-16e0a535c2b1-Max-Origin.webp?v=1788832845","1ff65e72-2969-4406-976e-16e0a535c2b1-Max-Origin","good"
"gid://shopify/Product/8490973561021","STAYING ALIVE Funny Skeleton Graphic Round Neck T Shirt","https://cdn.shopify.com/s/files/1/0778/3278/2013/files/200b67fd-ed80-4379-a059-3d72e573c188-Max-Origin.webp?v=1788832845","200b67fd-ed80-4379-a059-3d72e573c188-Max-Origin","good"
"gid://shopify/Product/8490973561021","STAYING ALIVE Funny Skeleton Graphic Round Neck T Shirt","https://cdn.shopify.com/s/files/1/0778/3278/2013/files/0d4caa39-9a4f-4b96-9fc9-640c8b69df40-Max-Origin.webp?v=1788832845","0d4caa39-9a4f-4b96-9fc9-640c8b69df40-Max-Origin","good"
"gid://shopify/Product/8490973561021","STAYING ALIVE Funny Skeleton Graphic Round Neck T Shirt","https://cdn.shopify.com/s/files/1/0778/3278/2013/files/1574e5d9-9e4c-4d20-b689-2d6a8c471b2c-Max-Origin.webp?v=1788832845","1574e5d9-9e4c-4d20-b689-2d6a8c471b2c-Max-Origin","good"
"gid://shopify/Product/8490973561021","STAYING ALIVE Funny Skeleton Graphic Round Neck T Shirt","https://cdn.shopify.com/s/files/1/0778/3278/2013/files/d89c6b80-b73a-4449-908c-b85b9f2b3350-Max-Origin.webp?v=1788832845","d89c6b80-b73a-4449-908c-b85b9f2b3350-Max-Origin","good"
"gid://shopify/Product/8490973757629","One-Shoulder Lace Bodysuit","https://cdn.shopify.com/s/files/1/0778/3278/2013/files/84131bc0-5673-4b81-b37f-f2b2a157d6f3-Max-Origin.webp?v=1788832855","84131bc0-5673-4b81-b37f-f2b2a157d6f3-Max-Origin","good"
"gid://shopify/Product/8490973757629","One-Shoulder Lace Bodysuit","https://cdn.shopify.com/s/files/1/0778/3278/2013/files/141d445a09f24b30b0ad7dda4c4ffd89-Max-Origin.webp?v=1788832855","141d445a09f24b30b0ad7dda4c4ffd89-Max-Origin","good"
"gid://shopify/Product/8490973757629","One-Shoulder Lace Bodysuit","https://cdn.shopify.com/s/files/1/0778/3278/2013/files/4068e907-dd9d-499d-9ab7-747d7172eeee-Max-Origin.webp?v=1788832855","4068e907-dd9d-499d-9ab7-747d7172eeee-Max-Origin","good"
"gid://shopify/Product/8490973757629","One-Shoulder Lace Bodysuit","https://cdn.shopify.com/s/files/1/0778/3278/2013/files/1431bb13-a6a8-4e5f-8d6c-52a2cf3a9197-Max-Origin.webp?v=1788832855","1431bb13-a6a8-4e5f-8d6c-52a2cf3a9197-Max-Origin","good"
"gid://shopify/Product/8490973757629","One-Shoulder Lace Bodysuit","https://cdn.shopify.com/s/files/1/0778/3278/2013/files/d90ee23c-446a-4080-ab65-6c77c598d9e2-Max-Origin.webp?v=1788832855","d90ee23c-446a-4080-ab65-6c77c598d9e2-Max-Origin","good"
"gid://shopify/Product/8490973757629","One-Shoulder Lace Bodysuit","https://cdn.shopify.com/s/files/1/0778/3278/2013/files/63166909-7e24-4d09-abf0-9d9ac3ad7bf7-Max-Origin.webp?v=1788832855","63166909-7e24-4d09-abf0-9d9ac3ad7bf7-Max-Origin","good"
"gid://shopify/Product/8490973987005","Raw Seam Colorblock Wide Leg Ankle Length Casual Pants","https://cdn.shopify.com/s/files/1/0778/3278/2013/files/71fd96dc-949e-4957-bcc2-cbd071dc5d19-Max-Origin.webp?v=1788832865","71fd96dc-949e-4957-bcc2-cbd071dc5d19-Max-Origin","good"
"gid://shopify/Product/8490973987005","Raw Seam Colorblock Wide Leg Ankle Length Casual Pants","https://cdn.shopify.com/s/files/1/0778/3278/2013/files/d556463b-3525-4bd6-aa8a-8c99f3ed1787-Max-Origin.webp?v=1788832865","d556463b-3525-4bd6-aa8a-8c99f3ed1787-Max-Origin","good"
"gid://shopify/Product/8490973987005","Raw Seam Colorblock Wide Leg Ankle Length Casual Pants","https://cdn.shopify.com/s/files/1/0778/3278/2013/files/9f8cb92b-db84-4a4c-918d-06c4563eb464-Max-Origin.webp?v=1788832865","9f8cb92b-db84-4a4c-918d-06c4563eb464-Max-Origin","good"
"gid://shopify/Product/8490973987005","Raw Seam Colorblock Wide Leg Ankle Length Casual Pants","https://cdn.shopify.com/s/files/1/0778/3278/2013/files/ccdd2e17-7d94-48ba-a0bc-be6f82a3ad5c-Max-Origin.webp?v=1788832865","ccdd2e17-7d94-48ba-a0bc-be6f82a3ad5c-Max-Origin","good"
"gid://shopify/Product/8490973987005","Raw Seam Colorblock Wide Leg Ankle Length Casual Pants","https://cdn.shopify.com/s/files/1/0778/3278/2013/files/d2a9ea2a-f050-4a83-9bde-7ad340400d9d-Max-Origin.webp?v=1788832865","d2a9ea2a-f050-4a83-9bde-7ad340400d9d-Max-Origin","good"
"gid://shopify/Product/8490973987005","Raw Seam Colorblock Wide Leg Ankle Length Casual Pants","https://cdn.shopify.com/s/files/1/0778/3278/2013/files/1d881a9c-1564-4f89-ab4c-6a7c9d3c6b41-Max-Origin.webp?v=1788832865","1d881a9c-1564-4f89-ab4c-6a7c9d3c6b41-Max-Origin","good"
"gid://shopify/Product/8490973987005","Raw Seam Colorblock Wide Leg Ankle Length Casual Pants","https://cdn.shopify.com/s/files/1/0778/3278/2013/files/f943c3c6-5c30-4627-b2e9-260832879a2f-Max-Origin.webp?v=1788832865","f943c3c6-5c30-4627-b2e9-260832879a2f-Max-Origin","good"
"gid://shopify/Product/8490973987005","Raw Seam Colorblock Wide Leg Ankle Length Casual Pants","https://cdn.shopify.com/s/files/1/0778/3278/2013/files/ccd21e51-f543-4eb2-9aa3-50d5e113ae54-Max-Origin.webp?v=1788832865","ccd21e51-f543-4eb2-9aa3-50d5e113ae54-Max-Origin","good"
"gid://shopify/Product/8490974150845","Round Neck Ghost Print Regular Fit Graphic Long Sleeve T-Shirt","https://cdn.shopify.com/s/files/1/0778/3278/2013/files/964d3c1f-b8f4-49de-ad16-82d593b7f573-Max-Origin.webp?v=1788832875","964d3c1f-b8f4-49de-ad16-82d593b7f573-Max-Origin","good"
"gid://shopify/Product/8490974150845","Round Neck Ghost Print Regular Fit Graphic Long Sleeve T-Shirt","https://cdn.shopify.com/s/files/1/0778/3278/2013/files/234a1ea5-a075-4472-998f-f568ad149936-Max-Origin.webp?v=1788832875","234a1ea5-a075-4472-998f-f568ad149936-Max-Origin","good"
"gid://shopify/Product/8490974150845","Round Neck Ghost Print Regular Fit Graphic Long Sleeve T-Shirt","https://cdn.shopify.com/s/files/1/0778/3278/2013/files/d4db504f-8588-4673-bd8c-22cc29b67919-Max-Origin.webp?v=1788832875","d4db504f-8588-4673-bd8c-22cc29b67919-Max-Origin","good"
"gid://shopify/Product/8490974150845","Round Neck Ghost Print Regular Fit Graphic Long Sleeve T-Shirt","https://cdn.shopify.com/s/files/1/0778/3278/2013/files/afdac8d4-311e-4f33-8746-eb1c8bc00d16-Max-Origin.webp?v=1788832875","afdac8d4-311e-4f33-8746-eb1c8bc00d16-Max-Origin","good"
"gid://shopify/Product/8490974150845","Round Neck Ghost Print Regular Fit Graphic Long Sleeve T-Shirt","https://cdn.shopify.com/s/files/1/0778/3278/2013/files/9c01df24-f8d9-4455-a5c5-78e343d13892-Max-Origin.webp?v=1788832875","9c01df24-f8d9-4455-a5c5-78e343d13892-Max-Origin","good"
"gid://shopify/Product/8490974380221","Rhinestone Pearl Detail One-Shoulder Mermaid Maxi Dress","https://cdn.shopify.com/s/files/1/0778/3278/2013/files/97296168-bca9-48b7-b76f-7ceb53e06965-Max-Origin.webp?v=1788832885","97296168-bca9-48b7-b76f-7ceb53e06965-Max-Origin","good"
"gid://shopify/Product/8490974380221","Rhinestone Pearl Detail One-Shoulder Mermaid Maxi Dress","https://cdn.shopify.com/s/files/1/0778/3278/2013/files/ce84fe52-0ea0-4a3c-a0ac-c552a5533d8a-Max-Origin.webp?v=1788832886","ce84fe52-0ea0-4a3c-a0ac-c552a5533d8a-Max-Origin","good"
"gid://shopify/Product/8490974380221","Rhinestone Pearl Detail One-Shoulder Mermaid Maxi Dress","https://cdn.shopify.com/s/files/1/0778/3278/2013/files/68d67c04-4198-4040-984c-454e88e64735-Max-Origin.webp?v=1788832886","68d67c04-4198-4040-984c-454e88e64735-Max-Origin","good"
"gid://shopify/Product/8490974380221","Rhinestone Pearl Detail One-Shoulder Mermaid Maxi Dress","https://cdn.shopify.com/s/files/1/0778/3278/2013/files/8d143e619ed34ecc82b17db57c93e3b7-Max-Origin.webp?v=1788832886","8d143e619ed34ecc82b17db57c93e3b7-Max-Origin","good"
"gid://shopify/Product/8490974380221","Rhinestone Pearl Detail One-Shoulder Mermaid Maxi Dress","https://cdn.shopify.com/s/files/1/0778/3278/2013/files/5489cb256fa9478e99369714b0b71a19-Max-Origin.webp?v=1788832885","5489cb256fa9478e99369714b0b71a19-Max-Origin","good"
"gid://shopify/Product/8490974380221","Rhinestone Pearl Detail One-Shoulder Mermaid Maxi Dress","https://cdn.shopify.com/s/files/1/0778/3278/2013/files/36a5fc821cf44c3ab5c57b1f6a56f279-Max-Origin.webp?v=1788832886","36a5fc821cf44c3ab5c57b1f6a56f279-Max-Origin","good"
"gid://shopify/Product/8490974380221","Rhinestone Pearl Detail One-Shoulder Mermaid Maxi Dress","https://cdn.shopify.com/s/files/1/0778/3278/2013/files/1f49969f-8fa9-4526-a285-fe8b1d4e2003-Max-Origin.webp?v=1788832885","1f49969f-8fa9-4526-a285-fe8b1d4e2003-Max-Origin","good"
"gid://shopify/Product/8490974380221","Rhinestone Pearl Detail One-Shoulder Mermaid Maxi Dress","https://cdn.shopify.com/s/files/1/0778/3278/2013/files/b675ebe0ae924a3487bcd4ef0f04a384-Max-Origin.webp?v=1788832886","b675ebe0ae924a3487bcd4ef0f04a384-Max-Origin","good"
"gid://shopify/Product/8490974380221","Rhinestone Pearl Detail One-Shoulder Mermaid Maxi Dress","https://cdn.shopify.com/s/files/1/0778/3278/2013/files/751a10e788b8497e92439a5b8777dd06-Max-Origin.webp?v=1788832885","751a10e788b8497e92439a5b8777dd06-Max-Origin","good"
"gid://shopify/Product/8490974380221","Rhinestone Pearl Detail One-Shoulder Mermaid Maxi Dress","https://cdn.shopify.com/s/files/1/0778/3278/2013/files/0748e83bb1d3498fa718a5a27abf2f69-Max-Origin.webp?v=1788832885","0748e83bb1d3498fa718a5a27abf2f69-Max-Origin","good"
"gid://shopify/Product/8490974380221","Rhinestone Pearl Detail One-Shoulder Mermaid Maxi Dress","https://cdn.shopify.com/s/files/1/0778/3278/2013/files/9e9a8ce84a4e4d619d3eecea0e224392-Max-Origin.webp?v=1788832886","9e9a8ce84a4e4d619d3eecea0e224392-Max-Origin","good"
"gid://shopify/Product/8490974380221","Rhinestone Pearl Detail One-Shoulder Mermaid Maxi Dress","https://cdn.shopify.com/s/files/1/0778/3278/2013/files/7fcc4fdea2f348ffbe8e4d005caf8e78-Max-Origin.webp?v=1788832886","7fcc4fdea2f348ffbe8e4d005caf8e78-Max-Origin","good"
"gid://shopify/Product/8490974380221","Rhinestone Pearl Detail One-Shoulder Mermaid Maxi Dress","https://cdn.shopify.com/s/files/1/0778/3278/2013/files/a1244c2e757e4bc48825d79329c13469-Max-Origin.webp?v=1788832885","a1244c2e757e4bc48825d79329c13469-Max-Origin","good"
"gid://shopify/Product/8490974380221","Rhinestone Pearl Detail One-Shoulder Mermaid Maxi Dress","https://cdn.shopify.com/s/files/1/0778/3278/2013/files/9b20dfe06295434c9845029ce68f9463-Max-Origin.webp?v=1788832886","9b20dfe06295434c9845029ce68f9463-Max-Origin","good"
"gid://shopify/Product/8490974380221","Rhinestone Pearl Detail One-Shoulder Mermaid Maxi Dress","https://cdn.shopify.com/s/files/1/0778/3278/2013/files/2037f8af630b48fa9dfec7259edbd13d-Max-Origin.webp?v=1788832886","2037f8af630b48fa9dfec7259edbd13d-Max-Origin","good"
"gid://shopify/Product/8490974380221","Rhinestone Pearl Detail One-Shoulder Mermaid Maxi Dress","https://cdn.shopify.com/s/files/1/0778/3278/2013/files/98fde42d55c747b7bc6413572dc3655f-Max-Origin.webp?v=1788832886","98fde42d55c747b7bc6413572dc3655f-Max-Origin","good"
"gid://shopify/Product/8490974609597","Asymmetrical One-Shoulder Cami with Lace Trim and Gold Hardware","https://cdn.shopify.com/s/files/1/0778/3278/2013/files/97690bfe7362447fb0295321701afe74-Max-Origin.webp?v=1788832895","97690bfe7362447fb0295321701afe74-Max-Origin","good"
"gid://shopify/Product/8490974609597","Asymmetrical One-Shoulder Cami with Lace Trim and Gold Hardware","https://cdn.shopify.com/s/files/1/0778/3278/2013/files/f424b044d17b4067be56da38d738b273-Max-Origin.webp?v=1788832895","f424b044d17b4067be56da38d738b273-Max-Origin","good"
"gid://shopify/Product/8490974609597","Asymmetrical One-Shoulder Cami with Lace Trim and Gold Hardware","https://cdn.shopify.com/s/files/1/0778/3278/2013/files/eb6a4433d29b4abb8132cc9cf8787508-Max-Origin.webp?v=1788832895","eb6a4433d29b4abb8132cc9cf8787508-Max-Origin","good"
"gid://shopify/Product/8490974609597","Asymmetrical One-Shoulder Cami with Lace Trim and Gold Hardware","https://cdn.shopify.com/s/files/1/0778/3278/2013/files/5518b2f276024714919d4a41f6a4bcd5-Max-Origin.webp?v=1788832896","5518b2f276024714919d4a41f6a4bcd5-Max-Origin","good"
"gid://shopify/Product/8490974609597","Asymmetrical One-Shoulder Cami with Lace Trim and Gold Hardware","https://cdn.shopify.com/s/files/1/0778/3278/2013/files/d025355e0cf948e7ba58897d7a6ea320-Max-Origin.webp?v=1788832896","d025355e0cf948e7ba58897d7a6ea320-Max-Origin","good"
"gid://shopify/Product/8490974609597","Asymmetrical One-Shoulder Cami with Lace Trim and Gold Hardware","https://cdn.shopify.com/s/files/1/0778/3278/2013/files/524f83342f5f42029f04db430303c02a-Max-Origin.webp?v=1788832896","524f83342f5f42029f04db430303c02a-Max-Origin","good"
"gid://shopify/Product/8490974806205","Halloween Ghost Print Mineral Wash Oversize Hoodie","https://cdn.shopify.com/s/files/1/0778/3278/2013/files/cdd6dc49-d346-48cd-b49f-7e296a061d2c-Max-Origin.webp?v=1788832906","cdd6dc49-d346-48cd-b49f-7e296a061d2c-Max-Origin","good"
"gid://shopify/Product/8490974806205","Halloween Ghost Print Mineral Wash Oversize Hoodie","https://cdn.shopify.com/s/files/1/0778/3278/2013/files/c4761c9a-21a5-4274-8927-d0defb0ccc73-Max-Origin.webp?v=1788832906","c4761c9a-21a5-4274-8927-d0defb0ccc73-Max-Origin","good"
"gid://shopify/Product/8490974806205","Halloween Ghost Print Mineral Wash Oversize Hoodie","https://cdn.shopify.com/s/files/1/0778/3278/2013/files/42279e0c-f4f5-40d3-9a1c-a241fd501f3e-Max-Origin.webp?v=1788832906","42279e0c-f4f5-40d3-9a1c-a241fd501f3e-Max-Origin","good"
"gid://shopify/Product/8490974806205","Halloween Ghost Print Mineral Wash Oversize Hoodie","https://cdn.shopify.com/s/files/1/0778/3278/2013/files/c897cba4-3e85-462b-bf44-c406448559d3-Max-Origin.webp?v=1788832905","c897cba4-3e85-462b-bf44-c406448559d3-Max-Origin","good"
"gid://shopify/Product/8490974806205","Halloween Ghost Print Mineral Wash Oversize Hoodie","https://cdn.shopify.com/s/files/1/0778/3278/2013/files/04884f8c-cf73-4657-9223-27b62ac939a2-Max-Origin.webp?v=1788832905","04884f8c-cf73-4657-9223-27b62ac939a2-Max-Origin","good"
"gid://shopify/Product/8490974806205","Halloween Ghost Print Mineral Wash Oversize Hoodie","https://cdn.shopify.com/s/files/1/0778/3278/2013/files/29bbd634-fdb9-4204-b7d7-412b73fcce06-Max-Origin.webp?v=1788832906","29bbd634-fdb9-4204-b7d7-412b73fcce06-Max-Origin","good"
"gid://shopify/Product/8490974806205","Halloween Ghost Print Mineral Wash Oversize Hoodie","https://cdn.shopify.com/s/files/1/0778/3278/2013/files/b1fe4938-128c-4621-929a-ef06ffb40f84-Max-Origin.webp?v=1788832906","b1fe4938-128c-4621-929a-ef06ffb40f84-Max-Origin","good"
"gid://shopify/Product/8490974806205","Halloween Ghost Print Mineral Wash Oversize Hoodie","https://cdn.shopify.com/s/files/1/0778/3278/2013/files/d7105067-23e4-4a02-bf61-2af622a46420-Max-Origin.webp?v=1788832906","d7105067-23e4-4a02-bf61-2af622a46420-Max-Origin","good"
"gid://shopify/Product/8490974806205","Halloween Ghost Print Mineral Wash Oversize Hoodie","https://cdn.shopify.com/s/files/1/0778/3278/2013/files/d09496b4-ebbe-4698-8ada-8b96dd78661c-Max-Origin.webp?v=1788832906","d09496b4-ebbe-4698-8ada-8b96dd78661c-Max-Origin","good"
"gid://shopify/Product/8490975035581","Double Take Full Size Plaid Dropped Shoulder Fleece Hoodie Plus Size","https://cdn.shopify.com/s/files/1/0778/3278/2013/files/d42331d1-bf99-43ce-9c47-d8e559f76655-Max.webp?v=1788832918","d42331d1-bf99-43ce-9c47-d8e559f76655-Max","good"
"gid://shopify/Product/8490975035581","Double Take Full Size Plaid Dropped Shoulder Fleece Hoodie Plus Size","https://cdn.shopify.com/s/files/1/0778/3278/2013/files/75ccfcdb-1f5d-4e95-955f-7fceee3c3c93-Max.webp?v=1788832918","75ccfcdb-1f5d-4e95-955f-7fceee3c3c93-Max","good"
"gid://shopify/Product/8490975035581","Double Take Full Size Plaid Dropped Shoulder Fleece Hoodie Plus Size","https://cdn.shopify.com/s/files/1/0778/3278/2013/files/fdcd7123-37fc-4119-b5cf-93b10fe2f43a-Max.webp?v=1788832918","fdcd7123-37fc-4119-b5cf-93b10fe2f43a-Max","good"
"gid://shopify/Product/8490975035581","Double Take Full Size Plaid Dropped Shoulder Fleece Hoodie Plus Size","https://cdn.shopify.com/s/files/1/0778/3278/2013/files/0ecad6b4-71da-4fe2-990e-4fc0b8c50ad5-Max.webp?v=1788832918","0ecad6b4-71da-4fe2-990e-4fc0b8c50ad5-Max","good"
"gid://shopify/Product/8490975035581","Double Take Full Size Plaid Dropped Shoulder Fleece Hoodie Plus Size","https://cdn.shopify.com/s/files/1/0778/3278/2013/files/122870be-9b36-403f-a644-41569dd1cef3-Max.webp?v=1788832918","122870be-9b36-403f-a644-41569dd1cef3-Max","good"
"gid://shopify/Product/8490975035581","Double Take Full Size Plaid Dropped Shoulder Fleece Hoodie Plus Size","https://cdn.shopify.com/s/files/1/0778/3278/2013/files/4da717c7-d6eb-4ad6-8b21-c6d5d17ec70d-Max.webp?v=1788832918","4da717c7-d6eb-4ad6-8b21-c6d5d17ec70d-Max","good"
"gid://shopify/Product/8490975035581","Double Take Full Size Plaid Dropped Shoulder Fleece Hoodie Plus Size","https://cdn.shopify.com/s/files/1/0778/3278/2013/files/de74b384-7be0-49a7-8263-b1c5bdac36fe-Max.webp?v=1788832918","de74b384-7be0-49a7-8263-b1c5bdac36fe-Max","good"
"gid://shopify/Product/8490975035581","Double Take Full Size Plaid Dropped Shoulder Fleece Hoodie Plus Size","https://cdn.shopify.com/s/files/1/0778/3278/2013/files/50c4f7f7-32ce-4d0e-a243-1aeee342442b-Max.webp?v=1788832918","50c4f7f7-32ce-4d0e-a243-1aeee342442b-Max","good"
"gid://shopify/Product/8490975035581","Double Take Full Size Plaid Dropped Shoulder Fleece Hoodie Plus Size","https://cdn.shopify.com/s/files/1/0778/3278/2013/files/4be40d3a-88fc-4534-bb9b-0b8592c24aab-Max.webp?v=1788832918","4be40d3a-88fc-4534-bb9b-0b8592c24aab-Max","good"
"gid://shopify/Product/8490975035581","Double Take Full Size Plaid Dropped Shoulder Fleece Hoodie Plus Size","https://cdn.shopify.com/s/files/1/0778/3278/2013/files/e7bc99bb-8b37-4b8d-a505-92db05b0c9a3-Max.webp?v=1788832918","e7bc99bb-8b37-4b8d-a505-92db05b0c9a3-Max","good"
"gid://shopify/Product/8490975035581","Double Take Full Size Plaid Dropped Shoulder Fleece Hoodie Plus Size","https://cdn.shopify.com/s/files/1/0778/3278/2013/files/3606545f-f02f-407c-b4de-665d06606425-Max.webp?v=1788832918","3606545f-f02f-407c-b4de-665d06606425-Max","good"
"gid://shopify/Product/8490975035581","Double Take Full Size Plaid Dropped Shoulder Fleece Hoodie Plus Size","https://cdn.shopify.com/s/files/1/0778/3278/2013/files/c8aef248-37aa-42e3-8a0a-272622b88d16-Max.webp?v=1788832918","c8aef248-37aa-42e3-8a0a-272622b88d16-Max","good"
"gid://shopify/Product/8490975035581","Double Take Full Size Plaid Dropped Shoulder Fleece Hoodie Plus Size","https://cdn.shopify.com/s/files/1/0778/3278/2013/files/c54b4a79-2996-45d2-a56d-23cf94dcb255-Max.webp?v=1788832919","c54b4a79-2996-45d2-a56d-23cf94dcb255-Max","good"
"gid://shopify/Product/8490975035581","Double Take Full Size Plaid Dropped Shoulder Fleece Hoodie Plus Size","https://cdn.shopify.com/s/files/1/0778/3278/2013/files/8d08653b-8420-49dd-800a-2cf15e8fff02-Max.webp?v=1788832918","8d08653b-8420-49dd-800a-2cf15e8fff02-Max","good"
"gid://shopify/Product/8490975035581","Double Take Full Size Plaid Dropped Shoulder Fleece Hoodie Plus Size","https://cdn.shopify.com/s/files/1/0778/3278/2013/files/44208907-1dda-4aba-800a-e3fabcac6deb-Max.webp?v=1788832918","44208907-1dda-4aba-800a-e3fabcac6deb-Max","good"
"gid://shopify/Product/8490975035581","Double Take Full Size Plaid Dropped Shoulder Fleece Hoodie Plus Size","https://cdn.shopify.com/s/files/1/0778/3278/2013/files/9e22b81a-75cd-41bb-a9f3-6ecad06ac933-Max.webp?v=1788832918","9e22b81a-75cd-41bb-a9f3-6ecad06ac933-Max","good"
"gid://shopify/Product/8490975035581","Double Take Full Size Plaid Dropped Shoulder Fleece Hoodie Plus Size","https://cdn.shopify.com/s/files/1/0778/3278/2013/files/d17809a3-4224-4dff-84bd-b8f2e632d7e0-Max.webp?v=1788832918","d17809a3-4224-4dff-84bd-b8f2e632d7e0-Max","good"
"gid://shopify/Product/8490975035581","Double Take Full Size Plaid Dropped Shoulder Fleece Hoodie Plus Size","https://cdn.shopify.com/s/files/1/0778/3278/2013/files/cadd653d-b2c2-440b-ab87-fa6e65c57e47-Max.webp?v=1788832918","cadd653d-b2c2-440b-ab87-fa6e65c57e47-Max","good"
"gid://shopify/Product/8490975035581","Double Take Full Size Plaid Dropped Shoulder Fleece Hoodie Plus Size","https://cdn.shopify.com/s/files/1/0778/3278/2013/files/4415657f-a8ae-4b4b-8842-6115230bbcd7-Max.webp?v=1788832918","4415657f-a8ae-4b4b-8842-6115230bbcd7-Max","good"
"gid://shopify/Product/8490975035581","Double Take Full Size Plaid Dropped Shoulder Fleece Hoodie Plus Size","https://cdn.shopify.com/s/files/1/0778/3278/2013/files/82101767-04cc-4060-a8e8-0e99c4903b16-Max.webp?v=1788832918","82101767-04cc-4060-a8e8-0e99c4903b16-Max","good"
"gid://shopify/Product/8490975035581","Double Take Full Size Plaid Dropped Shoulder Fleece Hoodie Plus Size","https://cdn.shopify.com/s/files/1/0778/3278/2013/files/7461f38b-928d-490b-a2d1-e90f975c880b-Max.webp?v=1788832918","7461f38b-928d-490b-a2d1-e90f975c880b-Max","good"
"gid://shopify/Product/8490975035581","Double Take Full Size Plaid Dropped Shoulder Fleece Hoodie Plus Size","https://cdn.shopify.com/s/files/1/0778/3278/2013/files/69add124-65fc-4b45-9cf7-267a33384103-Max.webp?v=1788832918","69add124-65fc-4b45-9cf7-267a33384103-Max","good"
"gid://shopify/Product/8490975035581","Double Take Full Size Plaid Dropped Shoulder Fleece Hoodie Plus Size","https://cdn.shopify.com/s/files/1/0778/3278/2013/files/682d882e-0985-4041-9320-b778d485b5e0-Max.webp?v=1788832918","682d882e-0985-4041-9320-b778d485b5e0-Max","good"
"gid://shopify/Product/8490975035581","Double Take Full Size Plaid Dropped Shoulder Fleece Hoodie Plus Size","https://cdn.shopify.com/s/files/1/0778/3278/2013/files/bd994b71-cefe-4a62-adb7-bb46b52986fc-Max.webp?v=1788832918","bd994b71-cefe-4a62-adb7-bb46b52986fc-Max","good"
"gid://shopify/Product/8490975035581","Double Take Full Size Plaid Dropped Shoulder Fleece Hoodie Plus Size","https://cdn.shopify.com/s/files/1/0778/3278/2013/files/6d2e39c1-64a0-48e0-9f95-d981b44e667e-Max.webp?v=1788832918","6d2e39c1-64a0-48e0-9f95-d981b44e667e-Max","good"
"gid://shopify/Product/8490975166653","Halloween Pumpkin Print Cami and Shorts Lounge Set","https://cdn.shopify.com/s/files/1/0778/3278/2013/files/44557628244f4994ac7847e8913dff28-Max-Origin.webp?v=1788832926","44557628244f4994ac7847e8913dff28-Max-Origin","good"
"gid://shopify/Product/8490975166653","Halloween Pumpkin Print Cami and Shorts Lounge Set","https://cdn.shopify.com/s/files/1/0778/3278/2013/files/476ab1e91bc64b0ebdd48380216e48ff-Max-Origin.webp?v=1788832926","476ab1e91bc64b0ebdd48380216e48ff-Max-Origin","good"
"gid://shopify/Product/8490975166653","Halloween Pumpkin Print Cami and Shorts Lounge Set","https://cdn.shopify.com/s/files/1/0778/3278/2013/files/e1ef07d49ada47edabcdb1001e8a7145-Max-Origin.webp?v=1788832926","e1ef07d49ada47edabcdb1001e8a7145-Max-Origin","good"
"gid://shopify/Product/8490975166653","Halloween Pumpkin Print Cami and Shorts Lounge Set","https://cdn.shopify.com/s/files/1/0778/3278/2013/files/3fffef2a0f2f439d8a26aa9939b77ce8-Max-Origin.webp?v=1788832926","3fffef2a0f2f439d8a26aa9939b77ce8-Max-Origin","good"
"gid://shopify/Product/8490975166653","Halloween Pumpkin Print Cami and Shorts Lounge Set","https://cdn.shopify.com/s/files/1/0778/3278/2013/files/c035132eb53746bda6bcaeb95838e4cd-Max-Origin.webp?v=1788832926","c035132eb53746bda6bcaeb95838e4cd-Max-Origin","good"
"gid://shopify/Product/8490975166653","Halloween Pumpkin Print Cami and Shorts Lounge Set","https://cdn.shopify.com/s/files/1/0778/3278/2013/files/4c12f6e9f306491e92d93d73525fa615-Max-Origin.webp?v=1788832926","4c12f6e9f306491e92d93d73525fa615-Max-Origin","good"
"gid://shopify/Product/8490975166653","Halloween Pumpkin Print Cami and Shorts Lounge Set","https://cdn.shopify.com/s/files/1/0778/3278/2013/files/db902a7733f34956bb004cbb81beb7ec-Max-Origin.webp?v=1788832926","db902a7733f34956bb004cbb81beb7ec-Max-Origin","good"
"gid://shopify/Product/8490975166653","Halloween Pumpkin Print Cami and Shorts Lounge Set","https://cdn.shopify.com/s/files/1/0778/3278/2013/files/794ef654c10841bd82cf5fd0477af833-Max-Origin.webp?v=1788832926","794ef654c10841bd82cf5fd0477af833-Max-Origin","good"
"gid://shopify/Product/8490975166653","Halloween Pumpkin Print Cami and Shorts Lounge Set","https://cdn.shopify.com/s/files/1/0778/3278/2013/files/d91344a4733544fb90fbfe6869277160-Max-Origin.webp?v=1788832926","d91344a4733544fb90fbfe6869277160-Max-Origin","good"
"gid://shopify/Product/8490975396029","Abstract Halloween Pattern Long Sleeve Mock Neck Blouse","https://cdn.shopify.com/s/files/1/0778/3278/2013/files/506d998a-11c6-4686-8e53-1a76e9de0e0e-Max-Origin.webp?v=1788832936","506d998a-11c6-4686-8e53-1a76e9de0e0e-Max-Origin","good"
"gid://shopify/Product/8490975396029","Abstract Halloween Pattern Long Sleeve Mock Neck Blouse","https://cdn.shopify.com/s/files/1/0778/3278/2013/files/75409e2a-033e-42b4-bdc4-413674b0d999-Max-Origin.webp?v=1788832936","75409e2a-033e-42b4-bdc4-413674b0d999-Max-Origin","good"
"gid://shopify/Product/8490975396029","Abstract Halloween Pattern Long Sleeve Mock Neck Blouse","https://cdn.shopify.com/s/files/1/0778/3278/2013/files/13bfcfbe-a3e1-4352-b08f-c8300080a92f-Max-Origin.webp?v=1788832936","13bfcfbe-a3e1-4352-b08f-c8300080a92f-Max-Origin","good"
"gid://shopify/Product/8490975396029","Abstract Halloween Pattern Long Sleeve Mock Neck Blouse","https://cdn.shopify.com/s/files/1/0778/3278/2013/files/5c5b5e3e-f68c-400d-ab18-70c4d95b11e3-Max-Origin.webp?v=1788832936","5c5b5e3e-f68c-400d-ab18-70c4d95b11e3-Max-Origin","good"
"gid://shopify/Product/8490975396029","Abstract Halloween Pattern Long Sleeve Mock Neck Blouse","https://cdn.shopify.com/s/files/1/0778/3278/2013/files/f7b3f2a5-8dbf-4221-86d9-ea184e8e48ad-Max-Origin.webp?v=1788832936","f7b3f2a5-8dbf-4221-86d9-ea184e8e48ad-Max-Origin","good"
"gid://shopify/Product/8490975396029","Abstract Halloween Pattern Long Sleeve Mock Neck Blouse","https://cdn.shopify.com/s/files/1/0778/3278/2013/files/1dab51cd51a9470ebcbed73d40605a06-Max-Origin.webp?v=1788832936","1dab51cd51a9470ebcbed73d40605a06-Max-Origin","good"
"gid://shopify/Product/8490975396029","Abstract Halloween Pattern Long Sleeve Mock Neck Blouse","https://cdn.shopify.com/s/files/1/0778/3278/2013/files/9b22028208b642569c7fd8405f0f1758-Max-Origin.webp?v=1788832936","9b22028208b642569c7fd8405f0f1758-Max-Origin","good"
"gid://shopify/Product/8490975396029","Abstract Halloween Pattern Long Sleeve Mock Neck Blouse","https://cdn.shopify.com/s/files/1/0778/3278/2013/files/03caaf96265e4af2b7005ea54c3dc6de-Max-Origin.webp?v=1788832937","03caaf96265e4af2b7005ea54c3dc6de-Max-Origin","good"
"gid://shopify/Product/8490975396029","Abstract Halloween Pattern Long Sleeve Mock Neck Blouse","https://cdn.shopify.com/s/files/1/0778/3278/2013/files/5b30e1bdec4046869e81f824e260ead1-Max-Origin.webp?v=1788832936","5b30e1bdec4046869e81f824e260ead1-Max-Origin","good"
"gid://shopify/Product/8490975396029","Abstract Halloween Pattern Long Sleeve Mock Neck Blouse","https://cdn.shopify.com/s/files/1/0778/3278/2013/files/2dd070779dad4701a1e7e9ae1abc6542-Max-Origin.webp?v=1788832936","2dd070779dad4701a1e7e9ae1abc6542-Max-Origin","good"
"gid://shopify/Product/8490975396029","Abstract Halloween Pattern Long Sleeve Mock Neck Blouse","https://cdn.shopify.com/s/files/1/0778/3278/2013/files/7c59a50c7e4c4872967d1f7d065412b6-Max-Origin.webp?v=1788832936","7c59a50c7e4c4872967d1f7d065412b6-Max-Origin","good"
"gid://shopify/Product/8490975559869","Glitter Cape-Sleeve Maxi Dress","https://cdn.shopify.com/s/files/1/0778/3278/2013/files/3c40d133-5667-442b-b210-f9765c27ffdf-Max-Origin.webp?v=1788832947","3c40d133-5667-442b-b210-f9765c27ffdf-Max-Origin","good"
"gid://shopify/Product/8490975559869","Glitter Cape-Sleeve Maxi Dress","https://cdn.shopify.com/s/files/1/0778/3278/2013/files/777c9873-58f2-4a18-a519-46788eeb99a8-Max-Origin.webp?v=1788832946","777c9873-58f2-4a18-a519-46788eeb99a8-Max-Origin","good"
"gid://shopify/Product/8490975559869","Glitter Cape-Sleeve Maxi Dress","https://cdn.shopify.com/s/files/1/0778/3278/2013/files/71ce1e49-d034-466f-8ff0-1c5ae4a43572-Max-Origin.webp?v=1788832946","71ce1e49-d034-466f-8ff0-1c5ae4a43572-Max-Origin","good"
"gid://shopify/Product/8490975559869","Glitter Cape-Sleeve Maxi Dress","https://cdn.shopify.com/s/files/1/0778/3278/2013/files/ac341486-a938-48b7-9e86-77ffd6b6e011-Max-Origin.webp?v=1788832946","ac341486-a938-48b7-9e86-77ffd6b6e011-Max-Origin","good"
"gid://shopify/Product/8490975559869","Glitter Cape-Sleeve Maxi Dress","https://cdn.shopify.com/s/files/1/0778/3278/2013/files/d0cf9fa1-1960-44dc-afaa-b8048e6c3213-Max-Origin.webp?v=1788832946","d0cf9fa1-1960-44dc-afaa-b8048e6c3213-Max-Origin","good"
"gid://shopify/Product/8490975822013","Halloween Pumpkin and Bat Print Button-Down Top and Pants Lounge Set","https://cdn.shopify.com/s/files/1/0778/3278/2013/files/e542bd34-8efc-46b5-abc2-0ce7a2eaf35c-Max-Origin.webp?v=1788832956","e542bd34-8efc-46b5-abc2-0ce7a2eaf35c-Max-Origin","good"
"gid://shopify/Product/8490975822013","Halloween Pumpkin and Bat Print Button-Down Top and Pants Lounge Set","https://cdn.shopify.com/s/files/1/0778/3278/2013/files/7c702081-feed-433b-904d-8165884bddc3-Max-Origin.webp?v=1788832956","7c702081-feed-433b-904d-8165884bddc3-Max-Origin","good"
"gid://shopify/Product/8490975822013","Halloween Pumpkin and Bat Print Button-Down Top and Pants Lounge Set","https://cdn.shopify.com/s/files/1/0778/3278/2013/files/ec6b3fb1-8e64-4483-a4ef-7ecb8c03aabd-Max-Origin.webp?v=1788832956","ec6b3fb1-8e64-4483-a4ef-7ecb8c03aabd-Max-Origin","good"
"gid://shopify/Product/8490975822013","Halloween Pumpkin and Bat Print Button-Down Top and Pants Lounge Set","https://cdn.shopify.com/s/files/1/0778/3278/2013/files/37284173-3c04-4d45-9db9-ebf236cbdde9-Max-Origin.webp?v=1788832956","37284173-3c04-4d45-9db9-ebf236cbdde9-Max-Origin","good"
"gid://shopify/Product/8490975822013","Halloween Pumpkin and Bat Print Button-Down Top and Pants Lounge Set","https://cdn.shopify.com/s/files/1/0778/3278/2013/files/9d41cb13-ce66-4280-b287-c904f99ce9f2-Max-Origin.webp?v=1788832956","9d41cb13-ce66-4280-b287-c904f99ce9f2-Max-Origin","good"
"gid://shopify/Product/8490975822013","Halloween Pumpkin and Bat Print Button-Down Top and Pants Lounge Set","https://cdn.shopify.com/s/files/1/0778/3278/2013/files/859c7a46-42a2-49fb-820f-786867884003-Max-Origin.webp?v=1788832956","859c7a46-42a2-49fb-820f-786867884003-Max-Origin","good"
"gid://shopify/Product/8490975822013","Halloween Pumpkin and Bat Print Button-Down Top and Pants Lounge Set","https://cdn.shopify.com/s/files/1/0778/3278/2013/files/7a2b3ca4-5a4e-4366-99f5-6b1b87853c55-Max-Origin.webp?v=1788832956","7a2b3ca4-5a4e-4366-99f5-6b1b87853c55-Max-Origin","good"
"gid://shopify/Product/8490975822013","Halloween Pumpkin and Bat Print Button-Down Top and Pants Lounge Set","https://cdn.shopify.com/s/files/1/0778/3278/2013/files/b9326359-b983-4e47-83b5-fccc8acc75e0-Max-Origin.webp?v=1788832956","b9326359-b983-4e47-83b5-fccc8acc75e0-Max-Origin","good"
"gid://shopify/Product/8490975822013","Halloween Pumpkin and Bat Print Button-Down Top and Pants Lounge Set","https://cdn.shopify.com/s/files/1/0778/3278/2013/files/002dac3f-8559-42df-a5fb-db1567e261b9-Max-Origin.webp?v=1788832956","002dac3f-8559-42df-a5fb-db1567e261b9-Max-Origin","good"
"gid://shopify/Product/8490975822013","Halloween Pumpkin and Bat Print Button-Down Top and Pants Lounge Set","https://cdn.shopify.com/s/files/1/0778/3278/2013/files/ff58fbde-e30c-4c03-b901-9298d1717bfc-Max-Origin.webp?v=1788832956","ff58fbde-e30c-4c03-b901-9298d1717bfc-Max-Origin","good"
"gid://shopify/Product/8490975822013","Halloween Pumpkin and Bat Print Button-Down Top and Pants Lounge Set","https://cdn.shopify.com/s/files/1/0778/3278/2013/files/0d05b49e-a981-43fb-beee-84003e324e2f-Max-Origin.webp?v=1788832956","0d05b49e-a981-43fb-beee-84003e324e2f-Max-Origin","good"
"gid://shopify/Product/8490975822013","Halloween Pumpkin and Bat Print Button-Down Top and Pants Lounge Set","https://cdn.shopify.com/s/files/1/0778/3278/2013/files/274c57b3-a3cc-4116-9f9c-c588ea459ac0-Max-Origin.webp?v=1788832956","274c57b3-a3cc-4116-9f9c-c588ea459ac0-Max-Origin","good"
"gid://shopify/Product/8490975822013","Halloween Pumpkin and Bat Print Button-Down Top and Pants Lounge Set","https://cdn.shopify.com/s/files/1/0778/3278/2013/files/0a6941a9-1888-444e-9b31-58357693cba6-Max-Origin.webp?v=1788832956","0a6941a9-1888-444e-9b31-58357693cba6-Max-Origin","good"
"gid://shopify/Product/8490975822013","Halloween Pumpkin and Bat Print Button-Down Top and Pants Lounge Set","https://cdn.shopify.com/s/files/1/0778/3278/2013/files/2cda656c-19ca-4791-84f1-fffe36c453d0-Max-Origin.webp?v=1788832956","2cda656c-19ca-4791-84f1-fffe36c453d0-Max-Origin","good"
"gid://shopify/Product/8490975822013","Halloween Pumpkin and Bat Print Button-Down Top and Pants Lounge Set","https://cdn.shopify.com/s/files/1/0778/3278/2013/files/2b6aa52f-7b97-4650-8b7e-1f3f2c0a81cf-Max-Origin.webp?v=1788832956","2b6aa52f-7b97-4650-8b7e-1f3f2c0a81cf-Max-Origin","good"
"gid://shopify/Product/8490976051389","Full Size Halloween Graphic Long Sleeve Hoodie Plus Size","https://cdn.shopify.com/s/files/1/0778/3278/2013/files/33c4e55928f149cf9fbf46e15c372452-Max-Origin.webp?v=1788832967","33c4e55928f149cf9fbf46e15c372452-Max-Origin","good"
"gid://shopify/Product/8490976051389","Full Size Halloween Graphic Long Sleeve Hoodie Plus Size","https://cdn.shopify.com/s/files/1/0778/3278/2013/files/efd20f0d-f240-46d6-baad-cfb13c63a5f3-Max-Origin.webp?v=1788832967","efd20f0d-f240-46d6-baad-cfb13c63a5f3-Max-Origin","good"
"gid://shopify/Product/8490976051389","Full Size Halloween Graphic Long Sleeve Hoodie Plus Size","https://cdn.shopify.com/s/files/1/0778/3278/2013/files/69e370cec8db468a908697e6e63cdb67-Max-Origin.webp?v=1788832967","69e370cec8db468a908697e6e63cdb67-Max-Origin","good"
"gid://shopify/Product/8490976051389","Full Size Halloween Graphic Long Sleeve Hoodie Plus Size","https://cdn.shopify.com/s/files/1/0778/3278/2013/files/37f006b6ecf8415b89880b2f01c6088e-Max-Origin.webp?v=1788832967","37f006b6ecf8415b89880b2f01c6088e-Max-Origin","good"
"gid://shopify/Product/8490976051389","Full Size Halloween Graphic Long Sleeve Hoodie Plus Size","https://cdn.shopify.com/s/files/1/0778/3278/2013/files/b7c2ca548e794dff925631b137445a0d-Max-Origin.webp?v=1788832967","b7c2ca548e794dff925631b137445a0d-Max-Origin","good"
"gid://shopify/Product/8490976051389","Full Size Halloween Graphic Long Sleeve Hoodie Plus Size","https://cdn.shopify.com/s/files/1/0778/3278/2013/files/f9b4ba38ccf045a79c5016bcfd89db54-Max-Origin.webp?v=1788832967","f9b4ba38ccf045a79c5016bcfd89db54-Max-Origin","good"
"gid://shopify/Product/8490976051389","Full Size Halloween Graphic Long Sleeve Hoodie Plus Size","https://cdn.shopify.com/s/files/1/0778/3278/2013/files/4bf0aef3c55c4f79aa68f21179f2ec6c-Max-Origin.webp?v=1788832967","4bf0aef3c55c4f79aa68f21179f2ec6c-Max-Origin","good"
"gid://shopify/Product/8490976051389","Full Size Halloween Graphic Long Sleeve Hoodie Plus Size","https://cdn.shopify.com/s/files/1/0778/3278/2013/files/901a81bd3d6445d2a0484f8c14feccd9-Max-Origin.webp?v=1788832967","901a81bd3d6445d2a0484f8c14feccd9-Max-Origin","good"
"gid://shopify/Product/8490976051389","Full Size Halloween Graphic Long Sleeve Hoodie Plus Size","https://cdn.shopify.com/s/files/1/0778/3278/2013/files/f33613c3-9ab1-4d40-8a71-a847db0cdc20-Max-Origin.webp?v=1788832967","f33613c3-9ab1-4d40-8a71-a847db0cdc20-Max-Origin","good"
"gid://shopify/Product/8490976051389","Full Size Halloween Graphic Long Sleeve Hoodie Plus Size","https://cdn.shopify.com/s/files/1/0778/3278/2013/files/19c8a4a7709342a1a87258079ddbde0b-Max-Origin.webp?v=1788832967","19c8a4a7709342a1a87258079ddbde0b-Max-Origin","good"
"gid://shopify/Product/8490976051389","Full Size Halloween Graphic Long Sleeve Hoodie Plus Size","https://cdn.shopify.com/s/files/1/0778/3278/2013/files/2c0b2afb-81ab-4d9e-9148-e55d4a671e94-Max-Origin.webp?v=1788832967","2c0b2afb-81ab-4d9e-9148-e55d4a671e94-Max-Origin","good"
"gid://shopify/Product/8490976313533","Full Size Twisted Sleeveless Ruched Waist A-Line Dress Plus Size","https://cdn.shopify.com/s/files/1/0778/3278/2013/files/f92d89e0f44f47d188f8369e14c56f11-Max-Origin.webp?v=1788832977","f92d89e0f44f47d188f8369e14c56f11-Max-Origin","good"
"gid://shopify/Product/8490976313533","Full Size Twisted Sleeveless Ruched Waist A-Line Dress Plus Size","https://cdn.shopify.com/s/files/1/0778/3278/2013/files/d9153c19-04b9-4add-81ea-211cf165ac3b-Max-Origin.webp?v=1788832977","d9153c19-04b9-4add-81ea-211cf165ac3b-Max-Origin","good"
"gid://shopify/Product/8490976313533","Full Size Twisted Sleeveless Ruched Waist A-Line Dress Plus Size","https://cdn.shopify.com/s/files/1/0778/3278/2013/files/5f13e44b-1d77-4783-b302-862abcc7a2a1-Max-Origin.webp?v=1788832977","5f13e44b-1d77-4783-b302-862abcc7a2a1-Max-Origin","good"
"gid://shopify/Product/8490976313533","Full Size Twisted Sleeveless Ruched Waist A-Line Dress Plus Size","https://cdn.shopify.com/s/files/1/0778/3278/2013/files/b01c0069-f797-4912-a0ec-9d29de88135c-Max-Origin.webp?v=1788832978","b01c0069-f797-4912-a0ec-9d29de88135c-Max-Origin","good"
"gid://shopify/Product/8490976313533","Full Size Twisted Sleeveless Ruched Waist A-Line Dress Plus Size","https://cdn.shopify.com/s/files/1/0778/3278/2013/files/7585ac7cfe974ecf8a202750410a7f6c-Max-Origin.webp?v=1788832977","7585ac7cfe974ecf8a202750410a7f6c-Max-Origin","good"
"gid://shopify/Product/8490976313533","Full Size Twisted Sleeveless Ruched Waist A-Line Dress Plus Size","https://cdn.shopify.com/s/files/1/0778/3278/2013/files/d8e52831-dc69-4ed4-8a34-6a16a58b705a-Max-Origin.webp?v=1788832977","d8e52831-dc69-4ed4-8a34-6a16a58b705a-Max-Origin","good"
"gid://shopify/Product/8490976313533","Full Size Twisted Sleeveless Ruched Waist A-Line Dress Plus Size","https://cdn.shopify.com/s/files/1/0778/3278/2013/files/a836a9e43a3b445b817af17adaf1b1e1-Max-Origin.webp?v=1788832977","a836a9e43a3b445b817af17adaf1b1e1-Max-Origin","good"
"gid://shopify/Product/8490976313533","Full Size Twisted Sleeveless Ruched Waist A-Line Dress Plus Size","https://cdn.shopify.com/s/files/1/0778/3278/2013/files/a1bc3208-76f2-4f23-bc9a-48adddc7231c-Max-Origin.webp?v=1788832977","a1bc3208-76f2-4f23-bc9a-48adddc7231c-Max-Origin","good"
"gid://shopify/Product/8490976313533","Full Size Twisted Sleeveless Ruched Waist A-Line Dress Plus Size","https://cdn.shopify.com/s/files/1/0778/3278/2013/files/7af3d74481bc4675b7886f4afd501ae4-Max-Origin.webp?v=1788832977","7af3d74481bc4675b7886f4afd501ae4-Max-Origin","good"
"gid://shopify/Product/8490976313533","Full Size Twisted Sleeveless Ruched Waist A-Line Dress Plus Size","https://cdn.shopify.com/s/files/1/0778/3278/2013/files/8a05d78146c442288d47dfb880d75430-Max-Origin.webp?v=1788832977","8a05d78146c442288d47dfb880d75430-Max-Origin","good"
"gid://shopify/Product/8490976313533","Full Size Twisted Sleeveless Ruched Waist A-Line Dress Plus Size","https://cdn.shopify.com/s/files/1/0778/3278/2013/files/1842daae-10d0-4e03-a638-9ebadb3feb67-Max-Origin.webp?v=1788832977","1842daae-10d0-4e03-a638-9ebadb3feb67-Max-Origin","good"
"gid://shopify/Product/8490976313533","Full Size Twisted Sleeveless Ruched Waist A-Line Dress Plus Size","https://cdn.shopify.com/s/files/1/0778/3278/2013/files/19c4f5b2526a4acea6bfa6f3f05fd267-Max-Origin.webp?v=1788832977","19c4f5b2526a4acea6bfa6f3f05fd267-Max-Origin","good"
"gid://shopify/Product/8490976313533","Full Size Twisted Sleeveless Ruched Waist A-Line Dress Plus Size","https://cdn.shopify.com/s/files/1/0778/3278/2013/files/89066dc7e3324d52ac51c557f624500e-Max-Origin.webp?v=1788832977","89066dc7e3324d52ac51c557f624500e-Max-Origin","good"
"gid://shopify/Product/8490976313533","Full Size Twisted Sleeveless Ruched Waist A-Line Dress Plus Size","https://cdn.shopify.com/s/files/1/0778/3278/2013/files/0a909589-a89c-4cc3-b5b6-77494ab0a087-Max-Origin.webp?v=1788832977","0a909589-a89c-4cc3-b5b6-77494ab0a087-Max-Origin","good"
"gid://shopify/Product/8490976313533","Full Size Twisted Sleeveless Ruched Waist A-Line Dress Plus Size","https://cdn.shopify.com/s/files/1/0778/3278/2013/files/177360205633410b99877cb26ed5dbd1-Max-Origin.webp?v=1788832977","177360205633410b99877cb26ed5dbd1-Max-Origin","good"
"gid://shopify/Product/8490976313533","Full Size Twisted Sleeveless Ruched Waist A-Line Dress Plus Size","https://cdn.shopify.com/s/files/1/0778/3278/2013/files/0b5f8a19df664d6aabfd34e1d6ab560c-Max-Origin.webp?v=1788832977","0b5f8a19df664d6aabfd34e1d6ab560c-Max-Origin","good"
"gid://shopify/Product/8490976313533","Full Size Twisted Sleeveless Ruched Waist A-Line Dress Plus Size","https://cdn.shopify.com/s/files/1/0778/3278/2013/files/08926198-5ce0-4d0c-b28f-8f5e4eb3c1d6-Max-Origin.webp?v=1788832977","08926198-5ce0-4d0c-b28f-8f5e4eb3c1d6-Max-Origin","good"
"gid://shopify/Product/8490976542909","Polka Dot V Neck Long Sleeve Button Shift Dress","https://cdn.shopify.com/s/files/1/0778/3278/2013/files/1190dbfd-414b-4024-ad8c-0e576051af81-Max-Origin.webp?v=1788832987","1190dbfd-414b-4024-ad8c-0e576051af81-Max-Origin","good"
"gid://shopify/Product/8490976542909","Polka Dot V Neck Long Sleeve Button Shift Dress","https://cdn.shopify.com/s/files/1/0778/3278/2013/files/04998542-9f63-4c35-be5e-03f9c120fad9-Max-Origin.webp?v=1788832987","04998542-9f63-4c35-be5e-03f9c120fad9-Max-Origin","good"
"gid://shopify/Product/8490976542909","Polka Dot V Neck Long Sleeve Button Shift Dress","https://cdn.shopify.com/s/files/1/0778/3278/2013/files/47b07ef5-d319-4bd5-a003-9b5a47424b1e-Max-Origin.webp?v=1788832987","47b07ef5-d319-4bd5-a003-9b5a47424b1e-Max-Origin","good"
"gid://shopify/Product/8490976772285","Gothic Cross Pendant Layered Necklace","https://cdn.shopify.com/s/files/1/0778/3278/2013/files/b66fd914-062f-4ca6-8fac-911c33141eac-Max-Origin.webp?v=1788832997","b66fd914-062f-4ca6-8fac-911c33141eac-Max-Origin","good"
"gid://shopify/Product/8490976772285","Gothic Cross Pendant Layered Necklace","https://cdn.shopify.com/s/files/1/0778/3278/2013/files/968229bb-db99-4531-92c9-970546c024a7-Max-Origin.webp?v=1788832997","968229bb-db99-4531-92c9-970546c024a7-Max-Origin","good"
"gid://shopify/Product/8490976772285","Gothic Cross Pendant Layered Necklace","https://cdn.shopify.com/s/files/1/0778/3278/2013/files/0351f848-6ede-415e-9fb4-2b48592ec173-Max-Origin.webp?v=1788832997","0351f848-6ede-415e-9fb4-2b48592ec173-Max-Origin","good"
"gid://shopify/Product/8490976772285","Gothic Cross Pendant Layered Necklace","https://cdn.shopify.com/s/files/1/0778/3278/2013/files/2db021ea-7db7-4975-b188-b171a1164481-Max-Origin.webp?v=1788832996","2db021ea-7db7-4975-b188-b171a1164481-Max-Origin","good"
"gid://shopify/Product/8490976772285","Gothic Cross Pendant Layered Necklace","https://cdn.shopify.com/s/files/1/0778/3278/2013/files/92c313ee-4cf6-43af-91fd-0cad13ce02ba-Max-Origin.webp?v=1788832996","92c313ee-4cf6-43af-91fd-0cad13ce02ba-Max-Origin","good"
"gid://shopify/Product/8490976772285","Gothic Cross Pendant Layered Necklace","https://cdn.shopify.com/s/files/1/0778/3278/2013/files/57dd4d08-1a7e-442e-bbc8-2d9188dcb836-Max-Origin.webp?v=1788832997","57dd4d08-1a7e-442e-bbc8-2d9188dcb836-Max-Origin","good"
"gid://shopify/Product/8490976772285","Gothic Cross Pendant Layered Necklace","https://cdn.shopify.com/s/files/1/0778/3278/2013/files/b0280fd7-50f1-4930-9013-f61ba1a9c43f-Max-Origin.webp?v=1788832997","b0280fd7-50f1-4930-9013-f61ba1a9c43f-Max-Origin","good"
"gid://shopify/Product/8490976772285","Gothic Cross Pendant Layered Necklace","https://cdn.shopify.com/s/files/1/0778/3278/2013/files/66c7c6af-2df1-4a4d-a86d-825b6404b1af-Max-Origin.webp?v=1788832997","66c7c6af-2df1-4a4d-a86d-825b6404b1af-Max-Origin","good"
"gid://shopify/Product/8490977034429","Halloween Ghost Print Button-Down Top and Shorts Lounge Set","https://cdn.shopify.com/s/files/1/0778/3278/2013/files/3dfe3ad1-a3a3-48b4-8a97-6d44ee7298ef-Max-Origin.webp?v=1788833007","3dfe3ad1-a3a3-48b4-8a97-6d44ee7298ef-Max-Origin","good"
"gid://shopify/Product/8490977034429","Halloween Ghost Print Button-Down Top and Shorts Lounge Set","https://cdn.shopify.com/s/files/1/0778/3278/2013/files/72b781b3-bfb3-4345-ae71-d65d74ee015a-Max-Origin.webp?v=1788833007","72b781b3-bfb3-4345-ae71-d65d74ee015a-Max-Origin","good"
"gid://shopify/Product/8490977034429","Halloween Ghost Print Button-Down Top and Shorts Lounge Set","https://cdn.shopify.com/s/files/1/0778/3278/2013/files/5ab0c3a7-31d4-4f83-93c7-08c88412d9cd-Max-Origin.webp?v=1788833007","5ab0c3a7-31d4-4f83-93c7-08c88412d9cd-Max-Origin","good"
"gid://shopify/Product/8490977034429","Halloween Ghost Print Button-Down Top and Shorts Lounge Set","https://cdn.shopify.com/s/files/1/0778/3278/2013/files/2df049d9-cc2a-4c62-b0fc-6b367a5fa5ff-Max-Origin.webp?v=1788833007","2df049d9-cc2a-4c62-b0fc-6b367a5fa5ff-Max-Origin","good"
"gid://shopify/Product/8490977034429","Halloween Ghost Print Button-Down Top and Shorts Lounge Set","https://cdn.shopify.com/s/files/1/0778/3278/2013/files/7f263458-bf37-4661-81ea-c37497866a0a-Max-Origin.webp?v=1788833007","7f263458-bf37-4661-81ea-c37497866a0a-Max-Origin","good"
"gid://shopify/Product/8490977034429","Halloween Ghost Print Button-Down Top and Shorts Lounge Set","https://cdn.shopify.com/s/files/1/0778/3278/2013/files/ddd3f57b-8666-47d5-9ec6-cd94f4e3f669-Max-Origin.webp?v=1788833007","ddd3f57b-8666-47d5-9ec6-cd94f4e3f669-Max-Origin","good"
"gid://shopify/Product/8490977034429","Halloween Ghost Print Button-Down Top and Shorts Lounge Set","https://cdn.shopify.com/s/files/1/0778/3278/2013/files/8e965506-0533-41e8-ae3b-a2cdf107e382-Max-Origin.webp?v=1788833007","8e965506-0533-41e8-ae3b-a2cdf107e382-Max-Origin","good"
"gid://shopify/Product/8490977034429","Halloween Ghost Print Button-Down Top and Shorts Lounge Set","https://cdn.shopify.com/s/files/1/0778/3278/2013/files/5dc1ccb3-c3be-4521-b4f1-0fd8f685a259-Max-Origin.webp?v=1788833007","5dc1ccb3-c3be-4521-b4f1-0fd8f685a259-Max-Origin","good"
"gid://shopify/Product/8490977034429","Halloween Ghost Print Button-Down Top and Shorts Lounge Set","https://cdn.shopify.com/s/files/1/0778/3278/2013/files/cdc9414d-d95d-4e02-a081-3acab2c9505f-Max-Origin.webp?v=1788833007","cdc9414d-d95d-4e02-a081-3acab2c9505f-Max-Origin","good"
"gid://shopify/Product/8490977034429","Halloween Ghost Print Button-Down Top and Shorts Lounge Set","https://cdn.shopify.com/s/files/1/0778/3278/2013/files/5c51e47c-56c0-4676-9685-994507e1d5de-Max-Origin.webp?v=1788833007","5c51e47c-56c0-4676-9685-994507e1d5de-Max-Origin","good"
"gid://shopify/Product/8490977034429","Halloween Ghost Print Button-Down Top and Shorts Lounge Set","https://cdn.shopify.com/s/files/1/0778/3278/2013/files/d995769d-23da-432a-b5fb-9169334ec4d8-Max-Origin.webp?v=1788833007","d995769d-23da-432a-b5fb-9169334ec4d8-Max-Origin","good"
"gid://shopify/Product/8490977034429","Halloween Ghost Print Button-Down Top and Shorts Lounge Set","https://cdn.shopify.com/s/files/1/0778/3278/2013/files/9913224e-8264-4d47-adab-64ea12d0ba92-Max-Origin.webp?v=1788833007","9913224e-8264-4d47-adab-64ea12d0ba92-Max-Origin","good"
"gid://shopify/Product/8490977198269","Halloween Rhinestone Skull Graphic Mock Neck Baggy Pullover Sweatshirt","https://cdn.shopify.com/s/files/1/0778/3278/2013/files/ba893e98-3b86-4bf3-9145-da7845689040-Max-Origin.webp?v=1788833017","ba893e98-3b86-4bf3-9145-da7845689040-Max-Origin","good"
"gid://shopify/Product/8490977198269","Halloween Rhinestone Skull Graphic Mock Neck Baggy Pullover Sweatshirt","https://cdn.shopify.com/s/files/1/0778/3278/2013/files/ccede59f-3d6e-4694-9249-c53ea4c629d6-Max-Origin.webp?v=1788833017","ccede59f-3d6e-4694-9249-c53ea4c629d6-Max-Origin","good"
"gid://shopify/Product/8490977198269","Halloween Rhinestone Skull Graphic Mock Neck Baggy Pullover Sweatshirt","https://cdn.shopify.com/s/files/1/0778/3278/2013/files/83e1621e-1d0a-44e6-8f9c-32cfc190ddf6-Max-Origin.webp?v=1788833017","83e1621e-1d0a-44e6-8f9c-32cfc190ddf6-Max-Origin","good"
"gid://shopify/Product/8490977198269","Halloween Rhinestone Skull Graphic Mock Neck Baggy Pullover Sweatshirt","https://cdn.shopify.com/s/files/1/0778/3278/2013/files/5c8ef115-2ee7-480d-b253-3d02586ed82f-Max-Origin.webp?v=1788833017","5c8ef115-2ee7-480d-b253-3d02586ed82f-Max-Origin","good"
"gid://shopify/Product/8490977198269","Halloween Rhinestone Skull Graphic Mock Neck Baggy Pullover Sweatshirt","https://cdn.shopify.com/s/files/1/0778/3278/2013/files/2881ddfe-d83b-46a3-9aa0-43c92b9263dd-Max-Origin.webp?v=1788833017","2881ddfe-d83b-46a3-9aa0-43c92b9263dd-Max-Origin","good"
"gid://shopify/Product/8490977198269","Halloween Rhinestone Skull Graphic Mock Neck Baggy Pullover Sweatshirt","https://cdn.shopify.com/s/files/1/0778/3278/2013/files/278335b7-b28f-4a36-b811-e8dd7fe094fa-Max-Origin.webp?v=1788833017","278335b7-b28f-4a36-b811-e8dd7fe094fa-Max-Origin","good"
"gid://shopify/Product/8490977362109","Glittering Pumpkin Face Crewneck Halloween T Shirt","https://cdn.shopify.com/s/files/1/0778/3278/2013/files/5d86c15e903a469690125c3502bf9f20-Max-Origin.webp?v=1788833027","5d86c15e903a469690125c3502bf9f20-Max-Origin","good"
"gid://shopify/Product/8490977362109","Glittering Pumpkin Face Crewneck Halloween T Shirt","https://cdn.shopify.com/s/files/1/0778/3278/2013/files/2248de78abcf4abaaa3eb20ce4cb08fa-Max-Origin.webp?v=1788833027","2248de78abcf4abaaa3eb20ce4cb08fa-Max-Origin","good"
"gid://shopify/Product/8490977362109","Glittering Pumpkin Face Crewneck Halloween T Shirt","https://cdn.shopify.com/s/files/1/0778/3278/2013/files/b5afc7e786f54042905ab6aa5e5c9670-Max-Origin.webp?v=1788833027","b5afc7e786f54042905ab6aa5e5c9670-Max-Origin","good"
"gid://shopify/Product/8490977362109","Glittering Pumpkin Face Crewneck Halloween T Shirt","https://cdn.shopify.com/s/files/1/0778/3278/2013/files/d1d889e91d8d4271a95ad35a2c687dc9-Max-Origin.webp?v=1788833027","d1d889e91d8d4271a95ad35a2c687dc9-Max-Origin","good"
"gid://shopify/Product/8490977362109","Glittering Pumpkin Face Crewneck Halloween T Shirt","https://cdn.shopify.com/s/files/1/0778/3278/2013/files/144be95fc21648299b012fd5b206a070-Max-Origin.webp?v=1788833027","144be95fc21648299b012fd5b206a070-Max-Origin","good"
"gid://shopify/Product/8490977525949","Plus Size Skeleton Print Cami Lounge Set","https://cdn.shopify.com/s/files/1/0778/3278/2013/files/c0e29e7009b842b9bfacdd4429c5600b-Max-Origin.webp?v=1788833037","c0e29e7009b842b9bfacdd4429c5600b-Max-Origin","good"
"gid://shopify/Product/8490977525949","Plus Size Skeleton Print Cami Lounge Set","https://cdn.shopify.com/s/files/1/0778/3278/2013/files/7963b98e-bdd4-4219-b64e-aecab24821e2-Max-Origin.webp?v=1788833037","7963b98e-bdd4-4219-b64e-aecab24821e2-Max-Origin","good"
"gid://shopify/Product/8490977525949","Plus Size Skeleton Print Cami Lounge Set","https://cdn.shopify.com/s/files/1/0778/3278/2013/files/81770a6a121b4f4ba42c4f5a69521465-Max-Origin.webp?v=1788833037","81770a6a121b4f4ba42c4f5a69521465-Max-Origin","good"
"gid://shopify/Product/8490977755325","Leopard Print Cropped Faux Leather Jacket with Utility Pockets","https://cdn.shopify.com/s/files/1/0778/3278/2013/files/4e4afd9e-dbea-4bdd-8cfa-e6e4a889c0be-Max-Origin.webp?v=1788833047","4e4afd9e-dbea-4bdd-8cfa-e6e4a889c0be-Max-Origin","good"
"gid://shopify/Product/8490977755325","Leopard Print Cropped Faux Leather Jacket with Utility Pockets","https://cdn.shopify.com/s/files/1/0778/3278/2013/files/0425b8bf-25e5-4e49-9243-497da6517071-Max-Origin.webp?v=1788833047","0425b8bf-25e5-4e49-9243-497da6517071-Max-Origin","good"
"gid://shopify/Product/8490977755325","Leopard Print Cropped Faux Leather Jacket with Utility Pockets","https://cdn.shopify.com/s/files/1/0778/3278/2013/files/aa15260a-328a-49bf-80ce-8330689e9c16-Max-Origin.webp?v=1788833048","aa15260a-328a-49bf-80ce-8330689e9c16-Max-Origin","good"
"gid://shopify/Product/8490977755325","Leopard Print Cropped Faux Leather Jacket with Utility Pockets","https://cdn.shopify.com/s/files/1/0778/3278/2013/files/4a17b7c2-cb34-416f-af02-aef3b154f93d-Max-Origin.webp?v=1788833047","4a17b7c2-cb34-416f-af02-aef3b154f93d-Max-Origin","good"
"gid://shopify/Product/8490977755325","Leopard Print Cropped Faux Leather Jacket with Utility Pockets","https://cdn.shopify.com/s/files/1/0778/3278/2013/files/03797080-e1cd-4312-9b8c-a3ff309e3a69-Max-Origin.webp?v=1788833048","03797080-e1cd-4312-9b8c-a3ff309e3a69-Max-Origin","good"
"gid://shopify/Product/8490977951933","One-Shoulder Lace Top","https://cdn.shopify.com/s/files/1/0778/3278/2013/files/d3feec82-f515-4571-a4a1-1387b5424ca5-Max-Origin.webp?v=1788833058","d3feec82-f515-4571-a4a1-1387b5424ca5-Max-Origin","good"
"gid://shopify/Product/8490977951933","One-Shoulder Lace Top","https://cdn.shopify.com/s/files/1/0778/3278/2013/files/bd57de17-f12f-45b7-a79e-3b5084fcecb7-Max-Origin.webp?v=1788833058","bd57de17-f12f-45b7-a79e-3b5084fcecb7-Max-Origin","good"
"gid://shopify/Product/8490977951933","One-Shoulder Lace Top","https://cdn.shopify.com/s/files/1/0778/3278/2013/files/6f76be0e-c7ae-4953-9593-e4856efd8081-Max-Origin.webp?v=1788833058","6f76be0e-c7ae-4953-9593-e4856efd8081-Max-Origin","good"
"gid://shopify/Product/8490978214077","Stripe Halloween Ghost Patch Round Neck Long Sleeve Top","https://cdn.shopify.com/s/files/1/0778/3278/2013/files/16d5d939-c002-4744-9ea2-6548c2ca550a-Max-Origin.webp?v=1788833067","16d5d939-c002-4744-9ea2-6548c2ca550a-Max-Origin","good"
"gid://shopify/Product/8490978214077","Stripe Halloween Ghost Patch Round Neck Long Sleeve Top","https://cdn.shopify.com/s/files/1/0778/3278/2013/files/b82e5cba-562b-4b13-a36d-3c0fc0ca344b-Max-Origin.webp?v=1788833067","b82e5cba-562b-4b13-a36d-3c0fc0ca344b-Max-Origin","good"
"gid://shopify/Product/8490978214077","Stripe Halloween Ghost Patch Round Neck Long Sleeve Top","https://cdn.shopify.com/s/files/1/0778/3278/2013/files/d3065cef-5f7d-48fa-96a1-15a983b39041-Max-Origin.webp?v=1788833067","d3065cef-5f7d-48fa-96a1-15a983b39041-Max-Origin","good"
"gid://shopify/Product/8490978214077","Stripe Halloween Ghost Patch Round Neck Long Sleeve Top","https://cdn.shopify.com/s/files/1/0778/3278/2013/files/3a2a2879-ced6-40bd-82bc-3222d1973d20-Max-Origin.webp?v=1788833067","3a2a2879-ced6-40bd-82bc-3222d1973d20-Max-Origin","good"
"gid://shopify/Product/8490978443453","Reversible Halloween Graphic Mock Neck Tunic Sweatshirt","https://cdn.shopify.com/s/files/1/0778/3278/2013/files/8a1c1656-e22c-46ff-8ee9-060ba6e2ff2c-Max-Origin.webp?v=1788833078","8a1c1656-e22c-46ff-8ee9-060ba6e2ff2c-Max-Origin","good"
"gid://shopify/Product/8490978443453","Reversible Halloween Graphic Mock Neck Tunic Sweatshirt","https://cdn.shopify.com/s/files/1/0778/3278/2013/files/dee5c82e-532d-4ead-9966-714245213cb7-Max-Origin.webp?v=1788833078","dee5c82e-532d-4ead-9966-714245213cb7-Max-Origin","good"
"gid://shopify/Product/8490978443453","Reversible Halloween Graphic Mock Neck Tunic Sweatshirt","https://cdn.shopify.com/s/files/1/0778/3278/2013/files/29ee3f2d-cb58-4c43-8ae3-b0c419ed44d4-Max-Origin.webp?v=1788833078","29ee3f2d-cb58-4c43-8ae3-b0c419ed44d4-Max-Origin","good"
"gid://shopify/Product/8490978443453","Reversible Halloween Graphic Mock Neck Tunic Sweatshirt","https://cdn.shopify.com/s/files/1/0778/3278/2013/files/faf72b4e-a60a-4e68-b8eb-e5328b926b57-Max-Origin.webp?v=1788833078","faf72b4e-a60a-4e68-b8eb-e5328b926b57-Max-Origin","good"
"gid://shopify/Product/8490978443453","Reversible Halloween Graphic Mock Neck Tunic Sweatshirt","https://cdn.shopify.com/s/files/1/0778/3278/2013/files/13e457ff-f877-4d3f-bcde-997716654455-Max-Origin.webp?v=1788833078","13e457ff-f877-4d3f-bcde-997716654455-Max-Origin","good"
"gid://shopify/Product/8490978443453","Reversible Halloween Graphic Mock Neck Tunic Sweatshirt","https://cdn.shopify.com/s/files/1/0778/3278/2013/files/7cec6e30-ba56-479d-97a9-475e66b08d1d-Max-Origin.webp?v=1788833078","7cec6e30-ba56-479d-97a9-475e66b08d1d-Max-Origin","good"
"gid://shopify/Product/8490978443453","Reversible Halloween Graphic Mock Neck Tunic Sweatshirt","https://cdn.shopify.com/s/files/1/0778/3278/2013/files/4114382e-ff90-45f5-8e3b-6f9070b49b7f-Max-Origin.webp?v=1788833078","4114382e-ff90-45f5-8e3b-6f9070b49b7f-Max-Origin","good"
"gid://shopify/Product/8490978640061","Spooky Season Mock Neck Reversible Halloween Sweatshirt","https://cdn.shopify.com/s/files/1/0778/3278/2013/files/c0771ca7-9213-4a09-b013-9da4c8402214-Max-Origin.webp?v=1788833088","c0771ca7-9213-4a09-b013-9da4c8402214-Max-Origin","good"
"gid://shopify/Product/8490978640061","Spooky Season Mock Neck Reversible Halloween Sweatshirt","https://cdn.shopify.com/s/files/1/0778/3278/2013/files/cfa3f3a2-051a-48ab-8d0d-406c4670a883-Max-Origin.webp?v=1788833088","cfa3f3a2-051a-48ab-8d0d-406c4670a883-Max-Origin","good"
"gid://shopify/Product/8490978640061","Spooky Season Mock Neck Reversible Halloween Sweatshirt","https://cdn.shopify.com/s/files/1/0778/3278/2013/files/91bf5443-b702-417c-9dbd-53888fb008af-Max-Origin.webp?v=1788833088","91bf5443-b702-417c-9dbd-53888fb008af-Max-Origin","good"
"gid://shopify/Product/8490978640061","Spooky Season Mock Neck Reversible Halloween Sweatshirt","https://cdn.shopify.com/s/files/1/0778/3278/2013/files/b9171c19-743a-4513-8d9d-01f8d5089191-Max-Origin.webp?v=1788833088","b9171c19-743a-4513-8d9d-01f8d5089191-Max-Origin","good"
"gid://shopify/Product/8490978640061","Spooky Season Mock Neck Reversible Halloween Sweatshirt","https://cdn.shopify.com/s/files/1/0778/3278/2013/files/7512b282-1c54-4fae-ac46-9f8529a89456-Max-Origin.webp?v=1788833088","7512b282-1c54-4fae-ac46-9f8529a89456-Max-Origin","good"
"gid://shopify/Product/8490978640061","Spooky Season Mock Neck Reversible Halloween Sweatshirt","https://cdn.shopify.com/s/files/1/0778/3278/2013/files/25ecc479-4431-42bd-abd2-51e9b388b102-Max-Origin.webp?v=1788833088","25ecc479-4431-42bd-abd2-51e9b388b102-Max-Origin","good"
"gid://shopify/Product/8490978640061","Spooky Season Mock Neck Reversible Halloween Sweatshirt","https://cdn.shopify.com/s/files/1/0778/3278/2013/files/6cba3796-5041-4ef3-ac77-ec62b1bf08ba-Max-Origin.webp?v=1788833088","6cba3796-5041-4ef3-ac77-ec62b1bf08ba-Max-Origin","good"
"gid://shopify/Product/8490978836669","Rhinestone Slit Flare Sleeve Cape Maxi Dress","https://cdn.shopify.com/s/files/1/0778/3278/2013/files/e374a12d-5e5f-4603-af3b-557394b62fd6-Max-Origin.webp?v=1788833099","e374a12d-5e5f-4603-af3b-557394b62fd6-Max-Origin","good"
"gid://shopify/Product/8490978836669","Rhinestone Slit Flare Sleeve Cape Maxi Dress","https://cdn.shopify.com/s/files/1/0778/3278/2013/files/cff24bbb-66a2-42ee-957b-62faabfa2439-Max-Origin.webp?v=1788833101","cff24bbb-66a2-42ee-957b-62faabfa2439-Max-Origin","good"
"gid://shopify/Product/8490978836669","Rhinestone Slit Flare Sleeve Cape Maxi Dress","https://cdn.shopify.com/s/files/1/0778/3278/2013/files/e97da28e-9542-4579-864d-b561cf3570f9-Max-Origin.webp?v=1788833098","e97da28e-9542-4579-864d-b561cf3570f9-Max-Origin","good"
"gid://shopify/Product/8490978836669","Rhinestone Slit Flare Sleeve Cape Maxi Dress","https://cdn.shopify.com/s/files/1/0778/3278/2013/files/502879b7-e389-4ef6-9fda-f6c0e1ad3864-Max-Origin.webp?v=1788833098","502879b7-e389-4ef6-9fda-f6c0e1ad3864-Max-Origin","good"
"gid://shopify/Product/8490978836669","Rhinestone Slit Flare Sleeve Cape Maxi Dress","https://cdn.shopify.com/s/files/1/0778/3278/2013/files/5014421aa75e401a9dba5edc5ac7c231-Max-Origin.webp?v=1788833098","5014421aa75e401a9dba5edc5ac7c231-Max-Origin","good"
"gid://shopify/Product/8490978836669","Rhinestone Slit Flare Sleeve Cape Maxi Dress","https://cdn.shopify.com/s/files/1/0778/3278/2013/files/f750ad2b75be47cab47eb6f760dd685e-Max-Origin.webp?v=1788833098","f750ad2b75be47cab47eb6f760dd685e-Max-Origin","good"
"gid://shopify/Product/8490978836669","Rhinestone Slit Flare Sleeve Cape Maxi Dress","https://cdn.shopify.com/s/files/1/0778/3278/2013/files/e869e53e0f45481ea8ae648d88accd5d-Max-Origin.webp?v=1788833098","e869e53e0f45481ea8ae648d88accd5d-Max-Origin","good"
"gid://shopify/Product/8490978836669","Rhinestone Slit Flare Sleeve Cape Maxi Dress","https://cdn.shopify.com/s/files/1/0778/3278/2013/files/367d73eb79a04dfba086c2e741235369-Max-Origin.webp?v=1788833098","367d73eb79a04dfba086c2e741235369-Max-Origin","good"
"gid://shopify/Product/8490978836669","Rhinestone Slit Flare Sleeve Cape Maxi Dress","https://cdn.shopify.com/s/files/1/0778/3278/2013/files/38afe7e877274cbc87e85e26e2111105-Max-Origin.webp?v=1788833098","38afe7e877274cbc87e85e26e2111105-Max-Origin","good"
"gid://shopify/Product/8490979033277","Gothic Charm Choker Necklace","https://cdn.shopify.com/s/files/1/0778/3278/2013/files/1e76c117-1347-4f9f-9eb9-bef7ee361cff-Max-Origin.webp?v=1788833108","1e76c117-1347-4f9f-9eb9-bef7ee361cff-Max-Origin","good"
"gid://shopify/Product/8490979033277","Gothic Charm Choker Necklace","https://cdn.shopify.com/s/files/1/0778/3278/2013/files/3cb5b5e5-ab61-4ede-8f9f-e016b96fd293-Max-Origin.webp?v=1788833108","3cb5b5e5-ab61-4ede-8f9f-e016b96fd293-Max-Origin","good"
"gid://shopify/Product/8490979033277","Gothic Charm Choker Necklace","https://cdn.shopify.com/s/files/1/0778/3278/2013/files/8c1b5eb3-afd1-48ca-ad11-8a0546642089-Max-Origin.webp?v=1788833108","8c1b5eb3-afd1-48ca-ad11-8a0546642089-Max-Origin","good"
"gid://shopify/Product/8490979033277","Gothic Charm Choker Necklace","https://cdn.shopify.com/s/files/1/0778/3278/2013/files/38a12e7b-5cbb-43e9-9e23-68707ae6be57-Max-Origin.webp?v=1788833108","38a12e7b-5cbb-43e9-9e23-68707ae6be57-Max-Origin","good"
"gid://shopify/Product/8490979033277","Gothic Charm Choker Necklace","https://cdn.shopify.com/s/files/1/0778/3278/2013/files/c2f372d9-ea5a-47c1-b9ce-723fb737e78b-Max-Origin.webp?v=1788833108","c2f372d9-ea5a-47c1-b9ce-723fb737e78b-Max-Origin","good"
"gid://shopify/Product/8490979197117","Sequin Long Sleeve Knit Cover Up","https://cdn.shopify.com/s/files/1/0778/3278/2013/files/8f5a0bb7-12fe-4cf8-a04d-297eb617840e-Max-Origin.webp?v=1788833119","8f5a0bb7-12fe-4cf8-a04d-297eb617840e-Max-Origin","good"
"gid://shopify/Product/8490979197117","Sequin Long Sleeve Knit Cover Up","https://cdn.shopify.com/s/files/1/0778/3278/2013/files/76bd7c005a38450fb11adbf253be4d0e-Max-Origin.webp?v=1788833118","76bd7c005a38450fb11adbf253be4d0e-Max-Origin","good"
"gid://shopify/Product/8490979197117","Sequin Long Sleeve Knit Cover Up","https://cdn.shopify.com/s/files/1/0778/3278/2013/files/8f360f9b0f1b47f7b087759b33e5a446-Max-Origin.webp?v=1788833119","8f360f9b0f1b47f7b087759b33e5a446-Max-Origin","good"
"gid://shopify/Product/8490979197117","Sequin Long Sleeve Knit Cover Up","https://cdn.shopify.com/s/files/1/0778/3278/2013/files/8b0d0bac-8dc9-4c70-99ec-6d1ea13ede76-Max-Origin.webp?v=1788833119","8b0d0bac-8dc9-4c70-99ec-6d1ea13ede76-Max-Origin","good"
"gid://shopify/Product/8490979197117","Sequin Long Sleeve Knit Cover Up","https://cdn.shopify.com/s/files/1/0778/3278/2013/files/e96b7bf2-d736-4f16-948f-856ee537fec1-Max-Origin.webp?v=1788833119","e96b7bf2-d736-4f16-948f-856ee537fec1-Max-Origin","good"
"gid://shopify/Product/8490979197117","Sequin Long Sleeve Knit Cover Up","https://cdn.shopify.com/s/files/1/0778/3278/2013/files/b6e08b1c-197b-4df9-872d-1b13d874db32-Max-Origin.webp?v=1788833119","b6e08b1c-197b-4df9-872d-1b13d874db32-Max-Origin","good"
"gid://shopify/Product/8490979197117","Sequin Long Sleeve Knit Cover Up","https://cdn.shopify.com/s/files/1/0778/3278/2013/files/4816609e-2d84-4817-8329-3856c7976a5b-Max-Origin.webp?v=1788833118","4816609e-2d84-4817-8329-3856c7976a5b-Max-Origin","good"
"gid://shopify/Product/8490979197117","Sequin Long Sleeve Knit Cover Up","https://cdn.shopify.com/s/files/1/0778/3278/2013/files/29616cca237e48deb7d2dd7e95609fd1-Max-Origin.webp?v=1788833119","29616cca237e48deb7d2dd7e95609fd1-Max-Origin","good"
"gid://shopify/Product/8490979197117","Sequin Long Sleeve Knit Cover Up","https://cdn.shopify.com/s/files/1/0778/3278/2013/files/41009b4f-8b4b-4a8c-aa8d-c6a2eb6bd550-Max-Origin.webp?v=1788833119","41009b4f-8b4b-4a8c-aa8d-c6a2eb6bd550-Max-Origin","good"
"gid://shopify/Product/8490979393725","Gothic Lace Choker Necklace with Teardrop Dangle Charms","https://cdn.shopify.com/s/files/1/0778/3278/2013/files/c5976540-b088-488c-bd50-6ee62f263156-Max-Origin.webp?v=1788833129","c5976540-b088-488c-bd50-6ee62f263156-Max-Origin","good"
"gid://shopify/Product/8490979393725","Gothic Lace Choker Necklace with Teardrop Dangle Charms","https://cdn.shopify.com/s/files/1/0778/3278/2013/files/5e058171-a975-4f31-9d62-4f6ac31abe05-Max-Origin.webp?v=1788833128","5e058171-a975-4f31-9d62-4f6ac31abe05-Max-Origin","good"
"gid://shopify/Product/8490979393725","Gothic Lace Choker Necklace with Teardrop Dangle Charms","https://cdn.shopify.com/s/files/1/0778/3278/2013/files/773c035c-75b5-4522-8f72-04342e090c34-Max-Origin.webp?v=1788833129","773c035c-75b5-4522-8f72-04342e090c34-Max-Origin","good"
"gid://shopify/Product/8490979393725","Gothic Lace Choker Necklace with Teardrop Dangle Charms","https://cdn.shopify.com/s/files/1/0778/3278/2013/files/c339cc72-499a-4f31-90f8-8bea793e16f2-Max-Origin.webp?v=1788833129","c339cc72-499a-4f31-90f8-8bea793e16f2-Max-Origin","good"
"gid://shopify/Product/8490979393725","Gothic Lace Choker Necklace with Teardrop Dangle Charms","https://cdn.shopify.com/s/files/1/0778/3278/2013/files/adea163a-5f12-46bd-a344-4528b746aefe-Max-Origin.webp?v=1788833128","adea163a-5f12-46bd-a344-4528b746aefe-Max-Origin","good"
"gid://shopify/Product/8490979393725","Gothic Lace Choker Necklace with Teardrop Dangle Charms","https://cdn.shopify.com/s/files/1/0778/3278/2013/files/22c7679d-e355-4103-b73a-9e3bf2be8e47-Max-Origin.webp?v=1788833128","22c7679d-e355-4103-b73a-9e3bf2be8e47-Max-Origin","good"
"gid://shopify/Product/8490979393725","Gothic Lace Choker Necklace with Teardrop Dangle Charms","https://cdn.shopify.com/s/files/1/0778/3278/2013/files/00a3d987-0f0e-49d1-9098-43e6c91be3b1-Max-Origin.webp?v=1788833129","00a3d987-0f0e-49d1-9098-43e6c91be3b1-Max-Origin","good"
"gid://shopify/Product/8490979393725","Gothic Lace Choker Necklace with Teardrop Dangle Charms","https://cdn.shopify.com/s/files/1/0778/3278/2013/files/15024481-1675-4a42-9388-63ab651f8893-Max-Origin.webp?v=1788833129","15024481-1675-4a42-9388-63ab651f8893-Max-Origin","good"
"gid://shopify/Product/8490979393725","Gothic Lace Choker Necklace with Teardrop Dangle Charms","https://cdn.shopify.com/s/files/1/0778/3278/2013/files/f3dc187a-f3ac-4626-83f3-eefbf009d180-Max-Origin.webp?v=1788833129","f3dc187a-f3ac-4626-83f3-eefbf009d180-Max-Origin","good"
"gid://shopify/Product/8490979393725","Gothic Lace Choker Necklace with Teardrop Dangle Charms","https://cdn.shopify.com/s/files/1/0778/3278/2013/files/6636bbe6-965e-4d5f-af7b-c9d40386ef4c-Max-Origin.webp?v=1788833129","6636bbe6-965e-4d5f-af7b-c9d40386ef4c-Max-Origin","good"
"gid://shopify/Product/8490979393725","Gothic Lace Choker Necklace with Teardrop Dangle Charms","https://cdn.shopify.com/s/files/1/0778/3278/2013/files/d0b0d4df-a9e4-4a5e-9b02-9fd93a9ad5c9-Max-Origin.webp?v=1788833129","d0b0d4df-a9e4-4a5e-9b02-9fd93a9ad5c9-Max-Origin","good"
"gid://shopify/Product/8490979393725","Gothic Lace Choker Necklace with Teardrop Dangle Charms","https://cdn.shopify.com/s/files/1/0778/3278/2013/files/0e054338-8d16-4234-86c7-68f777e23101-Max-Origin.webp?v=1788833129","0e054338-8d16-4234-86c7-68f777e23101-Max-Origin","good"
"gid://shopify/Product/8490979623101","18K Gold-Plated Zircon Chain Necklace","https://cdn.shopify.com/s/files/1/0778/3278/2013/files/5c5a9b29ba3c4625999719d819604217-Max-Origin.webp?v=1788833139","5c5a9b29ba3c4625999719d819604217-Max-Origin","good"
"gid://shopify/Product/8490979623101","18K Gold-Plated Zircon Chain Necklace","https://cdn.shopify.com/s/files/1/0778/3278/2013/files/bf79f086232c499fb4a55044ba9f2745-Max-Origin.webp?v=1788833139","bf79f086232c499fb4a55044ba9f2745-Max-Origin","good"
"gid://shopify/Product/8490979623101","18K Gold-Plated Zircon Chain Necklace","https://cdn.shopify.com/s/files/1/0778/3278/2013/files/64f39c322f3944a1becd48f63bfb9903-Max-Origin.webp?v=1788833139","64f39c322f3944a1becd48f63bfb9903-Max-Origin","good"
"gid://shopify/Product/8490979623101","18K Gold-Plated Zircon Chain Necklace","https://cdn.shopify.com/s/files/1/0778/3278/2013/files/1044a66a5b8c4de281d54f95b1656800-Max-Origin.webp?v=1788833139","1044a66a5b8c4de281d54f95b1656800-Max-Origin","good"
"gid://shopify/Product/8490979623101","18K Gold-Plated Zircon Chain Necklace","https://cdn.shopify.com/s/files/1/0778/3278/2013/files/0e767203dd2547a0ab4925ce70f451b1-Max-Origin.webp?v=1788833139","0e767203dd2547a0ab4925ce70f451b1-Max-Origin","good"
"gid://shopify/Product/8490979623101","18K Gold-Plated Zircon Chain Necklace","https://cdn.shopify.com/s/files/1/0778/3278/2013/files/56b6bb78474845a9bb5327368bf1a840-Max-Origin.webp?v=1788833139","56b6bb78474845a9bb5327368bf1a840-Max-Origin","good"
"gid://shopify/Product/8490979623101","18K Gold-Plated Zircon Chain Necklace","https://cdn.shopify.com/s/files/1/0778/3278/2013/files/635c2daeddf3488a827aae76e2ed5f9f-Max-Origin.webp?v=1788833139","635c2daeddf3488a827aae76e2ed5f9f-Max-Origin","good"
"gid://shopify/Product/8490979623101","18K Gold-Plated Zircon Chain Necklace","https://cdn.shopify.com/s/files/1/0778/3278/2013/files/d8eeb8353471412583473903fbeeefab-Max-Origin.webp?v=1788833139","d8eeb8353471412583473903fbeeefab-Max-Origin","good"
"gid://shopify/Product/8490979623101","18K Gold-Plated Zircon Chain Necklace","https://cdn.shopify.com/s/files/1/0778/3278/2013/files/35f1a6133fe34a89aaac5a10d8064c98-Max-Origin.webp?v=1788833139","35f1a6133fe34a89aaac5a10d8064c98-Max-Origin","good"
"gid://shopify/Product/8490979623101","18K Gold-Plated Zircon Chain Necklace","https://cdn.shopify.com/s/files/1/0778/3278/2013/files/1f3f30ffa2ed4028810676918eb11926-Max-Origin.webp?v=1788833139","1f3f30ffa2ed4028810676918eb11926-Max-Origin","good"
"gid://shopify/Product/8490979819709","Bat-Wing Shaped Gothic Sunglasses","https://cdn.shopify.com/s/files/1/0778/3278/2013/files/a4dedd47-bca4-45b0-9929-451c7d53b2c2-Max-Origin.webp?v=1788833149","a4dedd47-bca4-45b0-9929-451c7d53b2c2-Max-Origin","good"
"gid://shopify/Product/8490979819709","Bat-Wing Shaped Gothic Sunglasses","https://cdn.shopify.com/s/files/1/0778/3278/2013/files/11061793-d16a-43bc-801b-806be46f4096-Max-Origin.webp?v=1788833149","11061793-d16a-43bc-801b-806be46f4096-Max-Origin","good"
"gid://shopify/Product/8490979819709","Bat-Wing Shaped Gothic Sunglasses","https://cdn.shopify.com/s/files/1/0778/3278/2013/files/4b3374e5-16ae-4b65-a897-ba5dbf452e68-Max-Origin.webp?v=1788833149","4b3374e5-16ae-4b65-a897-ba5dbf452e68-Max-Origin","good"
"gid://shopify/Product/8490979819709","Bat-Wing Shaped Gothic Sunglasses","https://cdn.shopify.com/s/files/1/0778/3278/2013/files/1db9e481-ab0b-4d50-80dd-6ba01f27c540-Max-Origin.webp?v=1788833149","1db9e481-ab0b-4d50-80dd-6ba01f27c540-Max-Origin","good"
"gid://shopify/Product/8490980081853","V Neck Short Sleeve Geometric Sweater","https://cdn.shopify.com/s/files/1/0778/3278/2013/files/61f91e2e-ffd8-4ade-bead-6b5eff6767ad-Max-Origin.webp?v=1788833159","61f91e2e-ffd8-4ade-bead-6b5eff6767ad-Max-Origin","good"
"gid://shopify/Product/8490980081853","V Neck Short Sleeve Geometric Sweater","https://cdn.shopify.com/s/files/1/0778/3278/2013/files/88aa56ff-0131-4e99-a3df-f41809503319-Max-Origin.webp?v=1788833159","88aa56ff-0131-4e99-a3df-f41809503319-Max-Origin","good"
"gid://shopify/Product/8490980081853","V Neck Short Sleeve Geometric Sweater","https://cdn.shopify.com/s/files/1/0778/3278/2013/files/e0801b82-302a-4aa1-9fd2-a817f917c562-Max-Origin.webp?v=1788833159","e0801b82-302a-4aa1-9fd2-a817f917c562-Max-Origin","good"
"gid://shopify/Product/8490980081853","V Neck Short Sleeve Geometric Sweater","https://cdn.shopify.com/s/files/1/0778/3278/2013/files/e13cd80b-a065-4b20-8ba1-5e97a834b67b-Max-Origin.webp?v=1788833159","e13cd80b-a065-4b20-8ba1-5e97a834b67b-Max-Origin","good"
"gid://shopify/Product/8490980081853","V Neck Short Sleeve Geometric Sweater","https://cdn.shopify.com/s/files/1/0778/3278/2013/files/5d09a9e9-00b5-446c-afe4-71b163044fda-Max-Origin.webp?v=1788833159","5d09a9e9-00b5-446c-afe4-71b163044fda-Max-Origin","good"
"gid://shopify/Product/8490980081853","V Neck Short Sleeve Geometric Sweater","https://cdn.shopify.com/s/files/1/0778/3278/2013/files/7ee27320-eef4-4580-b713-6c52fab03062-Max-Origin.webp?v=1788833159","7ee27320-eef4-4580-b713-6c52fab03062-Max-Origin","good"
"gid://shopify/Product/8490980081853","V Neck Short Sleeve Geometric Sweater","https://cdn.shopify.com/s/files/1/0778/3278/2013/files/184efefa-4ae2-41f7-92eb-1ca2cd642f5b-Max-Origin.webp?v=1788833159","184efefa-4ae2-41f7-92eb-1ca2cd642f5b-Max-Origin","good"
"gid://shopify/Product/8490980081853","V Neck Short Sleeve Geometric Sweater","https://cdn.shopify.com/s/files/1/0778/3278/2013/files/8de9fcca-d4db-4145-b2df-c3795d3af06e-Max-Origin.webp?v=1788833159","8de9fcca-d4db-4145-b2df-c3795d3af06e-Max-Origin","good"
"gid://shopify/Product/8490980081853","V Neck Short Sleeve Geometric Sweater","https://cdn.shopify.com/s/files/1/0778/3278/2013/files/2c7e74f8-42a0-46ca-9ef0-d72eab1ffa90-Max-Origin.webp?v=1788833159","2c7e74f8-42a0-46ca-9ef0-d72eab1ffa90-Max-Origin","good"
"gid://shopify/Product/8490980081853","V Neck Short Sleeve Geometric Sweater","https://cdn.shopify.com/s/files/1/0778/3278/2013/files/25ac4869-9aaf-4775-abdb-4c9c350507c6-Max-Origin.webp?v=1788833159","25ac4869-9aaf-4775-abdb-4c9c350507c6-Max-Origin","good"
"gid://shopify/Product/8490980081853","V Neck Short Sleeve Geometric Sweater","https://cdn.shopify.com/s/files/1/0778/3278/2013/files/6acaa808-150d-4dc0-a90d-5bfa91332daa-Max-Origin.webp?v=1788833159","6acaa808-150d-4dc0-a90d-5bfa91332daa-Max-Origin","good"
"gid://shopify/Product/8490980081853","V Neck Short Sleeve Geometric Sweater","https://cdn.shopify.com/s/files/1/0778/3278/2013/files/46210804-02aa-4802-99ae-2d7c2294704b-Max-Origin.webp?v=1788833159","46210804-02aa-4802-99ae-2d7c2294704b-Max-Origin","good"
"gid://shopify/Product/8490980343997","Cable-Knit Dropped Shoulder Sweater","https://cdn.shopify.com/s/files/1/0778/3278/2013/files/24c85415-52d2-47ea-b91d-f0ebbd68e1f0-Max-Origin.webp?v=1788833169","24c85415-52d2-47ea-b91d-f0ebbd68e1f0-Max-Origin","good"
"gid://shopify/Product/8490980343997","Cable-Knit Dropped Shoulder Sweater","https://cdn.shopify.com/s/files/1/0778/3278/2013/files/246396f6-a735-49c2-93a9-4b80b765552b-Max-Origin.webp?v=1788833169","246396f6-a735-49c2-93a9-4b80b765552b-Max-Origin","good"
"gid://shopify/Product/8490980343997","Cable-Knit Dropped Shoulder Sweater","https://cdn.shopify.com/s/files/1/0778/3278/2013/files/e9f9d14a-d0a9-44f8-9141-d293ea918d4e-Max-Origin.webp?v=1788833169","e9f9d14a-d0a9-44f8-9141-d293ea918d4e-Max-Origin","good"
"gid://shopify/Product/8490980343997","Cable-Knit Dropped Shoulder Sweater","https://cdn.shopify.com/s/files/1/0778/3278/2013/files/ddc0d2fd-e42c-4fc9-87db-6aa658726756-Max-Origin.webp?v=1788833169","ddc0d2fd-e42c-4fc9-87db-6aa658726756-Max-Origin","good"
"gid://shopify/Product/8490980343997","Cable-Knit Dropped Shoulder Sweater","https://cdn.shopify.com/s/files/1/0778/3278/2013/files/2dc2a37e-c0c9-422a-98ea-382b0caf4272-Max-Origin.webp?v=1788833169","2dc2a37e-c0c9-422a-98ea-382b0caf4272-Max-Origin","good"
"gid://shopify/Product/8490980343997","Cable-Knit Dropped Shoulder Sweater","https://cdn.shopify.com/s/files/1/0778/3278/2013/files/23ee6abe-2259-4223-ba96-ccc0ebd336a5-Max-Origin.webp?v=1788833169","23ee6abe-2259-4223-ba96-ccc0ebd336a5-Max-Origin","good"
"gid://shopify/Product/8490980343997","Cable-Knit Dropped Shoulder Sweater","https://cdn.shopify.com/s/files/1/0778/3278/2013/files/e96feed0-7338-47f1-b542-7c46cb11feca-Max-Origin.webp?v=1788833169","e96feed0-7338-47f1-b542-7c46cb11feca-Max-Origin","good"
"gid://shopify/Product/8490980573373","Halloween Spooky Letter Graphic Round Neck Casual T Shirt","https://cdn.shopify.com/s/files/1/0778/3278/2013/files/1d808daa-3bd1-4513-81cc-662aa230325a-Max-Origin.webp?v=1788833179","1d808daa-3bd1-4513-81cc-662aa230325a-Max-Origin","good"
"gid://shopify/Product/8490980573373","Halloween Spooky Letter Graphic Round Neck Casual T Shirt","https://cdn.shopify.com/s/files/1/0778/3278/2013/files/fffaca04-c880-4a8e-b955-734d4c257dee-Max-Origin.webp?v=1788833179","fffaca04-c880-4a8e-b955-734d4c257dee-Max-Origin","good"
"gid://shopify/Product/8490980573373","Halloween Spooky Letter Graphic Round Neck Casual T Shirt","https://cdn.shopify.com/s/files/1/0778/3278/2013/files/82f2fe17-4013-46b1-b261-0e6d1cc5a2ae-Max-Origin.webp?v=1788833179","82f2fe17-4013-46b1-b261-0e6d1cc5a2ae-Max-Origin","good"
"gid://shopify/Product/8490980573373","Halloween Spooky Letter Graphic Round Neck Casual T Shirt","https://cdn.shopify.com/s/files/1/0778/3278/2013/files/1de15cb9-53c9-4efe-a066-0a0ba540afac-Max-Origin.webp?v=1788833179","1de15cb9-53c9-4efe-a066-0a0ba540afac-Max-Origin","good"
"gid://shopify/Product/8490980573373","Halloween Spooky Letter Graphic Round Neck Casual T Shirt","https://cdn.shopify.com/s/files/1/0778/3278/2013/files/b0e3e7a8-3062-4c83-a50d-f76cea6d0f84-Max-Origin.webp?v=1788833179","b0e3e7a8-3062-4c83-a50d-f76cea6d0f84-Max-Origin","good"
"gid://shopify/Product/8490980573373","Halloween Spooky Letter Graphic Round Neck Casual T Shirt","https://cdn.shopify.com/s/files/1/0778/3278/2013/files/bbde03b6-c4cd-48c3-a366-64126a5b6338-Max-Origin.webp?v=1788833179","bbde03b6-c4cd-48c3-a366-64126a5b6338-Max-Origin","good"
"gid://shopify/Product/8490980769981","PUMPKIN SEASON Oversized Pullover Sweatshirt","https://cdn.shopify.com/s/files/1/0778/3278/2013/files/ce37bfbf-9667-4956-8899-b52fad94464e-Max-Origin.webp?v=1788833189","ce37bfbf-9667-4956-8899-b52fad94464e-Max-Origin","good"
"gid://shopify/Product/8490980769981","PUMPKIN SEASON Oversized Pullover Sweatshirt","https://cdn.shopify.com/s/files/1/0778/3278/2013/files/6190de1d-db4b-4c07-9d4c-ba68eaf33a38-Max-Origin.webp?v=1788833189","6190de1d-db4b-4c07-9d4c-ba68eaf33a38-Max-Origin","good"
"gid://shopify/Product/8490980769981","PUMPKIN SEASON Oversized Pullover Sweatshirt","https://cdn.shopify.com/s/files/1/0778/3278/2013/files/1b6392fc-67c8-4649-a110-e5a8f0b5e262-Max-Origin.webp?v=1788833189","1b6392fc-67c8-4649-a110-e5a8f0b5e262-Max-Origin","good"
"gid://shopify/Product/8490980769981","PUMPKIN SEASON Oversized Pullover Sweatshirt","https://cdn.shopify.com/s/files/1/0778/3278/2013/files/75349491-9d7d-4253-821b-b84863ed751f-Max-Origin.webp?v=1788833189","75349491-9d7d-4253-821b-b84863ed751f-Max-Origin","good"
"gid://shopify/Product/8490980769981","PUMPKIN SEASON Oversized Pullover Sweatshirt","https://cdn.shopify.com/s/files/1/0778/3278/2013/files/af0b79c2-6700-42bd-ad55-dba6b7642a07-Max-Origin.webp?v=1788833189","af0b79c2-6700-42bd-ad55-dba6b7642a07-Max-Origin","good"
"gid://shopify/Product/8490980769981","PUMPKIN SEASON Oversized Pullover Sweatshirt","https://cdn.shopify.com/s/files/1/0778/3278/2013/files/26fee9df-72fc-4c48-99a1-b6b5fd89e692-Max-Origin.webp?v=1788833189","26fee9df-72fc-4c48-99a1-b6b5fd89e692-Max-Origin","good"
"gid://shopify/Product/8490980769981","PUMPKIN SEASON Oversized Pullover Sweatshirt","https://cdn.shopify.com/s/files/1/0778/3278/2013/files/16071203-12de-4af4-97aa-6787dcb99006-Max-Origin.webp?v=1788833189","16071203-12de-4af4-97aa-6787dcb99006-Max-Origin","good"
"gid://shopify/Product/8490980769981","PUMPKIN SEASON Oversized Pullover Sweatshirt","https://cdn.shopify.com/s/files/1/0778/3278/2013/files/7ae8a7c4-2f8d-49b8-a91d-559da1939e68-Max-Origin.webp?v=1788833189","7ae8a7c4-2f8d-49b8-a91d-559da1939e68-Max-Origin","good"
"gid://shopify/Product/8490980901053","Double Take Full Size Half Zip Exposed Seam Fleece Hoodie","https://cdn.shopify.com/s/files/1/0778/3278/2013/files/36213934-bcae-456b-b238-9fea43383c55-Max.webp?v=1788833200","36213934-bcae-456b-b238-9fea43383c55-Max","good"
"gid://shopify/Product/8490980901053","Double Take Full Size Half Zip Exposed Seam Fleece Hoodie","https://cdn.shopify.com/s/files/1/0778/3278/2013/files/4335bbf0-1f00-4e83-a9e0-250a4df6e251-Max.webp?v=1788833200","4335bbf0-1f00-4e83-a9e0-250a4df6e251-Max","good"
"gid://shopify/Product/8490980901053","Double Take Full Size Half Zip Exposed Seam Fleece Hoodie","https://cdn.shopify.com/s/files/1/0778/3278/2013/files/1659df21-42c9-43f8-872a-d0060cca6561-Max.webp?v=1788833200","1659df21-42c9-43f8-872a-d0060cca6561-Max","good"
"gid://shopify/Product/8490980901053","Double Take Full Size Half Zip Exposed Seam Fleece Hoodie","https://cdn.shopify.com/s/files/1/0778/3278/2013/files/9cdec346-8f02-4bee-b8c1-7a83e62b1b86-Max.webp?v=1788833200","9cdec346-8f02-4bee-b8c1-7a83e62b1b86-Max","good"
"gid://shopify/Product/8490980901053","Double Take Full Size Half Zip Exposed Seam Fleece Hoodie","https://cdn.shopify.com/s/files/1/0778/3278/2013/files/4b60fd31-1940-41e1-941d-20c457ece36f-Max.webp?v=1788833200","4b60fd31-1940-41e1-941d-20c457ece36f-Max","good"
"gid://shopify/Product/8490981097661","Gothic Rose Cross Dangle Necklace","https://cdn.shopify.com/s/files/1/0778/3278/2013/files/d822a63529b648df99b33c1781b79230-Max-Origin.webp?v=1788833209","d822a63529b648df99b33c1781b79230-Max-Origin","good"
"gid://shopify/Product/8490981097661","Gothic Rose Cross Dangle Necklace","https://cdn.shopify.com/s/files/1/0778/3278/2013/files/b740ab87e1534f999960596b717f8e00-Max-Origin.webp?v=1788833209","b740ab87e1534f999960596b717f8e00-Max-Origin","good"
"gid://shopify/Product/8490981097661","Gothic Rose Cross Dangle Necklace","https://cdn.shopify.com/s/files/1/0778/3278/2013/files/5ff833ecb64642a2a0a45a0a80cf0a97-Max-Origin.webp?v=1788833209","5ff833ecb64642a2a0a45a0a80cf0a97-Max-Origin","good"
"gid://shopify/Product/8490981097661","Gothic Rose Cross Dangle Necklace","https://cdn.shopify.com/s/files/1/0778/3278/2013/files/798fe943b4054317be550d4b29ae75ab-Max-Origin.webp?v=1788833209","798fe943b4054317be550d4b29ae75ab-Max-Origin","good"
"gid://shopify/Product/8490981097661","Gothic Rose Cross Dangle Necklace","https://cdn.shopify.com/s/files/1/0778/3278/2013/files/65bdcc68e6d24949b62368642adae84b-Max-Origin.webp?v=1788833209","65bdcc68e6d24949b62368642adae84b-Max-Origin","good"
"gid://shopify/Product/8490981294269","Gothic Cross Pendant Necklace","https://cdn.shopify.com/s/files/1/0778/3278/2013/files/bf52cf07-4ed8-4ab7-ac70-d00e5d6ca12d-Max-Origin.webp?v=1788833219","bf52cf07-4ed8-4ab7-ac70-d00e5d6ca12d-Max-Origin","good"
"gid://shopify/Product/8490981294269","Gothic Cross Pendant Necklace","https://cdn.shopify.com/s/files/1/0778/3278/2013/files/c95794e6-5150-4e11-96e8-944fc4cdc559-Max-Origin.webp?v=1788833219","c95794e6-5150-4e11-96e8-944fc4cdc559-Max-Origin","good"
"gid://shopify/Product/8490981294269","Gothic Cross Pendant Necklace","https://cdn.shopify.com/s/files/1/0778/3278/2013/files/d558957c-fa95-4ace-87f7-2e8194e2f972-Max-Origin.webp?v=1788833219","d558957c-fa95-4ace-87f7-2e8194e2f972-Max-Origin","good"
"gid://shopify/Product/8490981294269","Gothic Cross Pendant Necklace","https://cdn.shopify.com/s/files/1/0778/3278/2013/files/eca8c38c-dd05-41e8-ba77-0fcf2045004b-Max-Origin.webp?v=1788833220","eca8c38c-dd05-41e8-ba77-0fcf2045004b-Max-Origin","good"
"gid://shopify/Product/8490981294269","Gothic Cross Pendant Necklace","https://cdn.shopify.com/s/files/1/0778/3278/2013/files/579e4bb0-e3c2-4aa4-9645-23f860d74a2e-Max-Origin.webp?v=1788833219","579e4bb0-e3c2-4aa4-9645-23f860d74a2e-Max-Origin","good"
"gid://shopify/Product/8490981294269","Gothic Cross Pendant Necklace","https://cdn.shopify.com/s/files/1/0778/3278/2013/files/7090261c-8fde-4165-99c5-7a1e922abdbf-Max-Origin.webp?v=1788833219","7090261c-8fde-4165-99c5-7a1e922abdbf-Max-Origin","good"
"gid://shopify/Product/8490981490877","Skeleton Long Sleeve T-Shirt","https://cdn.shopify.com/s/files/1/0778/3278/2013/files/d927c5e2d5424a16a73056d0da31af93-Max-Origin.webp?v=1788833230","d927c5e2d5424a16a73056d0da31af93-Max-Origin","good"
"gid://shopify/Product/8490981490877","Skeleton Long Sleeve T-Shirt","https://cdn.shopify.com/s/files/1/0778/3278/2013/files/643b09d1766646a38ab87478b1d92399-Max-Origin.webp?v=1788833230","643b09d1766646a38ab87478b1d92399-Max-Origin","good"
"gid://shopify/Product/8490981490877","Skeleton Long Sleeve T-Shirt","https://cdn.shopify.com/s/files/1/0778/3278/2013/files/e3f2de85c73446ac8f191cbdae5759bb-Max-Origin.webp?v=1788833230","e3f2de85c73446ac8f191cbdae5759bb-Max-Origin","good"
"gid://shopify/Product/8490981490877","Skeleton Long Sleeve T-Shirt","https://cdn.shopify.com/s/files/1/0778/3278/2013/files/52d88a4ae5c7491f9f66b98418747387-Max-Origin.webp?v=1788833230","52d88a4ae5c7491f9f66b98418747387-Max-Origin","good"
"gid://shopify/Product/8490981490877","Skeleton Long Sleeve T-Shirt","https://cdn.shopify.com/s/files/1/0778/3278/2013/files/4328585036fd47c1bc65d4324d617daf-Max-Origin.webp?v=1788833230","4328585036fd47c1bc65d4324d617daf-Max-Origin","good"
"gid://shopify/Product/8490981490877","Skeleton Long Sleeve T-Shirt","https://cdn.shopify.com/s/files/1/0778/3278/2013/files/c4d8810fa45d45e2aae03889611c00b2-Max-Origin.webp?v=1788833230","c4d8810fa45d45e2aae03889611c00b2-Max-Origin","good"
"gid://shopify/Product/8490981490877","Skeleton Long Sleeve T-Shirt","https://cdn.shopify.com/s/files/1/0778/3278/2013/files/b1fa78906e4f4eef890b209f209ab279-Max-Origin.webp?v=1788833230","b1fa78906e4f4eef890b209f209ab279-Max-Origin","good"
"gid://shopify/Product/8490981490877","Skeleton Long Sleeve T-Shirt","https://cdn.shopify.com/s/files/1/0778/3278/2013/files/495fbdbab4954250947e374d235a9f18-Max-Origin.webp?v=1788833230","495fbdbab4954250947e374d235a9f18-Max-Origin","good"
"gid://shopify/Product/8490981490877","Skeleton Long Sleeve T-Shirt","https://cdn.shopify.com/s/files/1/0778/3278/2013/files/e08cc7b9bc3c4fe1a5db5835b460fe9f-Max-Origin.webp?v=1788833231","e08cc7b9bc3c4fe1a5db5835b460fe9f-Max-Origin","good"
"gid://shopify/Product/8490981490877","Skeleton Long Sleeve T-Shirt","https://cdn.shopify.com/s/files/1/0778/3278/2013/files/ae50413b293a45b98d149ac451c2d792-Max-Origin.webp?v=1788833230","ae50413b293a45b98d149ac451c2d792-Max-Origin","good"
"gid://shopify/Product/8490981687485","Full Size Cat and Pumpkin V-Neck Sweater Plus Size","https://cdn.shopify.com/s/files/1/0778/3278/2013/files/a5ab561306bc4c40abb1d311b1d2c03d-Max-Origin.webp?v=1788833240","a5ab561306bc4c40abb1d311b1d2c03d-Max-Origin","good"
"gid://shopify/Product/8490981687485","Full Size Cat and Pumpkin V-Neck Sweater Plus Size","https://cdn.shopify.com/s/files/1/0778/3278/2013/files/3fcf4c8c-8894-4e9a-bfd7-555b30929283-Max-Origin.webp?v=1788833240","3fcf4c8c-8894-4e9a-bfd7-555b30929283-Max-Origin","good"
"gid://shopify/Product/8490981687485","Full Size Cat and Pumpkin V-Neck Sweater Plus Size","https://cdn.shopify.com/s/files/1/0778/3278/2013/files/267b3c2b-cc9c-4231-8f78-f763514750b4-Max-Origin.webp?v=1788833240","267b3c2b-cc9c-4231-8f78-f763514750b4-Max-Origin","good"
"gid://shopify/Product/8490981916861","Sequin Pumpkin Spooky Halloween Sweatshirt","https://cdn.shopify.com/s/files/1/0778/3278/2013/files/7536563f-1573-415c-9bf1-8fba7043a9a7-Max-Origin.webp?v=1788833250","7536563f-1573-415c-9bf1-8fba7043a9a7-Max-Origin","good"
"gid://shopify/Product/8490981916861","Sequin Pumpkin Spooky Halloween Sweatshirt","https://cdn.shopify.com/s/files/1/0778/3278/2013/files/c0a5c7e3-7c87-43ec-b633-b9a84da4d23a-Max-Origin.webp?v=1788833250","c0a5c7e3-7c87-43ec-b633-b9a84da4d23a-Max-Origin","good"
"gid://shopify/Product/8490981916861","Sequin Pumpkin Spooky Halloween Sweatshirt","https://cdn.shopify.com/s/files/1/0778/3278/2013/files/677277a2-f19f-4bf5-99c6-a67aa98d191f-Max-Origin.webp?v=1788833250","677277a2-f19f-4bf5-99c6-a67aa98d191f-Max-Origin","good"
"gid://shopify/Product/8490981916861","Sequin Pumpkin Spooky Halloween Sweatshirt","https://cdn.shopify.com/s/files/1/0778/3278/2013/files/89607a0e-e186-43b2-a851-c79309ef293e-Max-Origin.webp?v=1788833250","89607a0e-e186-43b2-a851-c79309ef293e-Max-Origin","good"
"gid://shopify/Product/8490981916861","Sequin Pumpkin Spooky Halloween Sweatshirt","https://cdn.shopify.com/s/files/1/0778/3278/2013/files/cb78faa0-228b-4a08-b0f6-219bdf570dc5-Max-Origin.webp?v=1788833250","cb78faa0-228b-4a08-b0f6-219bdf570dc5-Max-Origin","good"
"gid://shopify/Product/8490981916861","Sequin Pumpkin Spooky Halloween Sweatshirt","https://cdn.shopify.com/s/files/1/0778/3278/2013/files/208a3162-7654-4d0e-8de1-1b84380eb4de-Max-Origin.webp?v=1788833250","208a3162-7654-4d0e-8de1-1b84380eb4de-Max-Origin","good"
"gid://shopify/Product/8490982113469","Halloween Pumpkin Print Long Sleeve Home Wear Lounge Set","https://cdn.shopify.com/s/files/1/0778/3278/2013/files/f4fb416a-f332-488d-9326-5eab9fa1d045-Max-Origin.webp?v=1788833261","f4fb416a-f332-488d-9326-5eab9fa1d045-Max-Origin","good"
"gid://shopify/Product/8490982113469","Halloween Pumpkin Print Long Sleeve Home Wear Lounge Set","https://cdn.shopify.com/s/files/1/0778/3278/2013/files/ffefcceb-4c66-4b2e-872a-3c646332fc72-Max-Origin.webp?v=1788833260","ffefcceb-4c66-4b2e-872a-3c646332fc72-Max-Origin","good"
"gid://shopify/Product/8490982113469","Halloween Pumpkin Print Long Sleeve Home Wear Lounge Set","https://cdn.shopify.com/s/files/1/0778/3278/2013/files/6397e7af-378b-44b9-8259-8045a0615f14-Max-Origin.webp?v=1788833260","6397e7af-378b-44b9-8259-8045a0615f14-Max-Origin","good"
"gid://shopify/Product/8490982113469","Halloween Pumpkin Print Long Sleeve Home Wear Lounge Set","https://cdn.shopify.com/s/files/1/0778/3278/2013/files/b539cccf-b096-4538-a1ab-a3fc2088948f-Max-Origin.webp?v=1788833260","b539cccf-b096-4538-a1ab-a3fc2088948f-Max-Origin","good"
"gid://shopify/Product/8490982113469","Halloween Pumpkin Print Long Sleeve Home Wear Lounge Set","https://cdn.shopify.com/s/files/1/0778/3278/2013/files/3a48f4e0-9c7f-4dbd-8fd5-f127869266f8-Max-Origin.webp?v=1788833260","3a48f4e0-9c7f-4dbd-8fd5-f127869266f8-Max-Origin","good"
"gid://shopify/Product/8490982113469","Halloween Pumpkin Print Long Sleeve Home Wear Lounge Set","https://cdn.shopify.com/s/files/1/0778/3278/2013/files/872e586c-6b19-4a2f-a7ee-947a4c584bab-Max-Origin.webp?v=1788833260","872e586c-6b19-4a2f-a7ee-947a4c584bab-Max-Origin","good"
"gid://shopify/Product/8490982113469","Halloween Pumpkin Print Long Sleeve Home Wear Lounge Set","https://cdn.shopify.com/s/files/1/0778/3278/2013/files/2cdfb718-9b73-4e66-b833-adeeeaeaa729-Max-Origin.webp?v=1788833260","2cdfb718-9b73-4e66-b833-adeeeaeaa729-Max-Origin","good"
"gid://shopify/Product/8490982113469","Halloween Pumpkin Print Long Sleeve Home Wear Lounge Set","https://cdn.shopify.com/s/files/1/0778/3278/2013/files/81e4e100-49bd-45b6-ac3c-110e912391fd-Max-Origin.webp?v=1788833260","81e4e100-49bd-45b6-ac3c-110e912391fd-Max-Origin","good"
"gid://shopify/Product/8490982113469","Halloween Pumpkin Print Long Sleeve Home Wear Lounge Set","https://cdn.shopify.com/s/files/1/0778/3278/2013/files/c296b944-d654-4e9f-85bf-7bdfa939b895-Max-Origin.webp?v=1788833260","c296b944-d654-4e9f-85bf-7bdfa939b895-Max-Origin","good"
"gid://shopify/Product/8490982113469","Halloween Pumpkin Print Long Sleeve Home Wear Lounge Set","https://cdn.shopify.com/s/files/1/0778/3278/2013/files/a6fe4a40-4710-4a9b-96b9-da74cfa94772-Max-Origin.webp?v=1788833260","a6fe4a40-4710-4a9b-96b9-da74cfa94772-Max-Origin","good"
"gid://shopify/Product/8490982113469","Halloween Pumpkin Print Long Sleeve Home Wear Lounge Set","https://cdn.shopify.com/s/files/1/0778/3278/2013/files/9c84a64c-43e4-4699-8525-35ec1b602dbe-Max-Origin.webp?v=1788833260","9c84a64c-43e4-4699-8525-35ec1b602dbe-Max-Origin","good"
"gid://shopify/Product/8490982113469","Halloween Pumpkin Print Long Sleeve Home Wear Lounge Set","https://cdn.shopify.com/s/files/1/0778/3278/2013/files/b9290d07-1b2d-4b07-96f8-5049e29902b6-Max-Origin.webp?v=1788833260","b9290d07-1b2d-4b07-96f8-5049e29902b6-Max-Origin","good"
"gid://shopify/Product/8490982113469","Halloween Pumpkin Print Long Sleeve Home Wear Lounge Set","https://cdn.shopify.com/s/files/1/0778/3278/2013/files/3aa12ef6-7c64-408d-806d-704414737c26-Max-Origin.webp?v=1788833261","3aa12ef6-7c64-408d-806d-704414737c26-Max-Origin","good"
"gid://shopify/Product/8490982113469","Halloween Pumpkin Print Long Sleeve Home Wear Lounge Set","https://cdn.shopify.com/s/files/1/0778/3278/2013/files/cac79a67-cb32-455f-9ac8-c240009b4e51-Max-Origin.webp?v=1788833260","cac79a67-cb32-455f-9ac8-c240009b4e51-Max-Origin","good"
"gid://shopify/Product/8490982113469","Halloween Pumpkin Print Long Sleeve Home Wear Lounge Set","https://cdn.shopify.com/s/files/1/0778/3278/2013/files/a19061b5-08b7-4b44-8dfb-972eb1f67d76-Max-Origin.webp?v=1788833260","a19061b5-08b7-4b44-8dfb-972eb1f67d76-Max-Origin","good"
"gid://shopify/Product/8490982310077","Polka Dot Dropped Shoulder Sweatshirt","https://cdn.shopify.com/s/files/1/0778/3278/2013/files/da713681-733d-4c06-b8e5-ef56800c47f9-Max-Origin.webp?v=1788833270","da713681-733d-4c06-b8e5-ef56800c47f9-Max-Origin","good"
"gid://shopify/Product/8490982310077","Polka Dot Dropped Shoulder Sweatshirt","https://cdn.shopify.com/s/files/1/0778/3278/2013/files/f2c0175c-bab0-418b-922b-ea8b3ea37cc3-Max-Origin.webp?v=1788833270","f2c0175c-bab0-418b-922b-ea8b3ea37cc3-Max-Origin","good"
"gid://shopify/Product/8490982310077","Polka Dot Dropped Shoulder Sweatshirt","https://cdn.shopify.com/s/files/1/0778/3278/2013/files/7d1e3b90-9045-43df-853d-b166f66a69c0-Max-Origin.webp?v=1788833270","7d1e3b90-9045-43df-853d-b166f66a69c0-Max-Origin","good"
"gid://shopify/Product/8490982310077","Polka Dot Dropped Shoulder Sweatshirt","https://cdn.shopify.com/s/files/1/0778/3278/2013/files/e182dc04-713b-4b62-aa9a-933bd3cac622-Max-Origin.webp?v=1788833270","e182dc04-713b-4b62-aa9a-933bd3cac622-Max-Origin","good"
"gid://shopify/Product/8490982310077","Polka Dot Dropped Shoulder Sweatshirt","https://cdn.shopify.com/s/files/1/0778/3278/2013/files/d57faf43-bca4-4c27-99db-87e5da4c912b-Max-Origin.webp?v=1788833270","d57faf43-bca4-4c27-99db-87e5da4c912b-Max-Origin","good"
"gid://shopify/Product/8490982310077","Polka Dot Dropped Shoulder Sweatshirt","https://cdn.shopify.com/s/files/1/0778/3278/2013/files/dfcd46d0-d17b-404d-a778-53de83a53112-Max-Origin.webp?v=1788833270","dfcd46d0-d17b-404d-a778-53de83a53112-Max-Origin","good"
"gid://shopify/Product/8490982572221","Lace Trim Ruffle Mini Skirt","https://cdn.shopify.com/s/files/1/0778/3278/2013/files/fccad6b808234e1aa27c4a6d90673e03-Max-Origin.webp?v=1788833280","fccad6b808234e1aa27c4a6d90673e03-Max-Origin","good"
"gid://shopify/Product/8490982572221","Lace Trim Ruffle Mini Skirt","https://cdn.shopify.com/s/files/1/0778/3278/2013/files/fe2d04dc-3bf5-468a-b431-6fb413c5ae8e-Max-Origin.webp?v=1788833282","fe2d04dc-3bf5-468a-b431-6fb413c5ae8e-Max-Origin","good"
"gid://shopify/Product/8490982572221","Lace Trim Ruffle Mini Skirt","https://cdn.shopify.com/s/files/1/0778/3278/2013/files/41980bf349f040239297b6c0dad42b82-Max-Origin.webp?v=1788833280","41980bf349f040239297b6c0dad42b82-Max-Origin","good"
"gid://shopify/Product/8490982572221","Lace Trim Ruffle Mini Skirt","https://cdn.shopify.com/s/files/1/0778/3278/2013/files/6b8e0cbf7fd94b6ebb210a0e0e0e9902-Max-Origin.webp?v=1788833280","6b8e0cbf7fd94b6ebb210a0e0e0e9902-Max-Origin","good"
"gid://shopify/Product/8490982736061","Double Take Full Size Printed Ruffle Trim Balloon Sleeve Shirt Plus Size","https://cdn.shopify.com/s/files/1/0778/3278/2013/files/636acec9-4c4d-4635-89c7-a71825da627a-Max.webp?v=1788833292","636acec9-4c4d-4635-89c7-a71825da627a-Max","good"
"gid://shopify/Product/8490982736061","Double Take Full Size Printed Ruffle Trim Balloon Sleeve Shirt Plus Size","https://cdn.shopify.com/s/files/1/0778/3278/2013/files/1c04a19a-1dc0-4053-ac2a-006a81b96fe9-Max.webp?v=1788833292","1c04a19a-1dc0-4053-ac2a-006a81b96fe9-Max","good"
"gid://shopify/Product/8490982736061","Double Take Full Size Printed Ruffle Trim Balloon Sleeve Shirt Plus Size","https://cdn.shopify.com/s/files/1/0778/3278/2013/files/a2b70d7a-e53e-4f4c-ae61-cc867f637076-Max.webp?v=1788833292","a2b70d7a-e53e-4f4c-ae61-cc867f637076-Max","good"
"gid://shopify/Product/8490982736061","Double Take Full Size Printed Ruffle Trim Balloon Sleeve Shirt Plus Size","https://cdn.shopify.com/s/files/1/0778/3278/2013/files/2a168c09-a84b-43b4-9aaa-95695b3ebf60-Max.webp?v=1788833292","2a168c09-a84b-43b4-9aaa-95695b3ebf60-Max","good"
"gid://shopify/Product/8490982736061","Double Take Full Size Printed Ruffle Trim Balloon Sleeve Shirt Plus Size","https://cdn.shopify.com/s/files/1/0778/3278/2013/files/ce400a22-925a-4d18-b32c-cda448e96577-Max.webp?v=1788833292","ce400a22-925a-4d18-b32c-cda448e96577-Max","good"
"gid://shopify/Product/8490982736061","Double Take Full Size Printed Ruffle Trim Balloon Sleeve Shirt Plus Size","https://cdn.shopify.com/s/files/1/0778/3278/2013/files/d7546f55-3f7a-4673-8c3e-30405260d08d-Max.webp?v=1788833292","d7546f55-3f7a-4673-8c3e-30405260d08d-Max","good"
"gid://shopify/Product/8490982736061","Double Take Full Size Printed Ruffle Trim Balloon Sleeve Shirt Plus Size","https://cdn.shopify.com/s/files/1/0778/3278/2013/files/8cefcdcd-74bc-4d0d-b7c6-5e6689988454-Max.webp?v=1788833292","8cefcdcd-74bc-4d0d-b7c6-5e6689988454-Max","good"
"gid://shopify/Product/8490982736061","Double Take Full Size Printed Ruffle Trim Balloon Sleeve Shirt Plus Size","https://cdn.shopify.com/s/files/1/0778/3278/2013/files/1bcc051f-e064-495d-aaf8-5ac2625ce119-Max.webp?v=1788833292","1bcc051f-e064-495d-aaf8-5ac2625ce119-Max","good"
"gid://shopify/Product/8490982736061","Double Take Full Size Printed Ruffle Trim Balloon Sleeve Shirt Plus Size","https://cdn.shopify.com/s/files/1/0778/3278/2013/files/f456bf18-b0f8-4150-8b7c-8d18a6304034-Max.webp?v=1788833293","f456bf18-b0f8-4150-8b7c-8d18a6304034-Max","good"
"gid://shopify/Product/8490982736061","Double Take Full Size Printed Ruffle Trim Balloon Sleeve Shirt Plus Size","https://cdn.shopify.com/s/files/1/0778/3278/2013/files/1df28503-a333-4b2d-bd1f-8e7b110c889f-Max.webp?v=1788833292","1df28503-a333-4b2d-bd1f-8e7b110c889f-Max","good"
"gid://shopify/Product/8490982736061","Double Take Full Size Printed Ruffle Trim Balloon Sleeve Shirt Plus Size","https://cdn.shopify.com/s/files/1/0778/3278/2013/files/e67d63c2-7247-4680-93a9-4ad0121a7529-Max.webp?v=1788833292","e67d63c2-7247-4680-93a9-4ad0121a7529-Max","good"
"gid://shopify/Product/8490982736061","Double Take Full Size Printed Ruffle Trim Balloon Sleeve Shirt Plus Size","https://cdn.shopify.com/s/files/1/0778/3278/2013/files/58549710-b596-4bf2-8ef4-19a12937e1fa-Max.webp?v=1788833292","58549710-b596-4bf2-8ef4-19a12937e1fa-Max","good"
"gid://shopify/Product/8490982736061","Double Take Full Size Printed Ruffle Trim Balloon Sleeve Shirt Plus Size","https://cdn.shopify.com/s/files/1/0778/3278/2013/files/ab4fee22-f500-498b-bba2-4305d4735e92-Max.webp?v=1788833292","ab4fee22-f500-498b-bba2-4305d4735e92-Max","good"
"gid://shopify/Product/8490982736061","Double Take Full Size Printed Ruffle Trim Balloon Sleeve Shirt Plus Size","https://cdn.shopify.com/s/files/1/0778/3278/2013/files/3e8b18cc-d2eb-447e-8df8-36d7aad92b30-Max.webp?v=1788833293","3e8b18cc-d2eb-447e-8df8-36d7aad92b30-Max","good"
"gid://shopify/Product/8490982736061","Double Take Full Size Printed Ruffle Trim Balloon Sleeve Shirt Plus Size","https://cdn.shopify.com/s/files/1/0778/3278/2013/files/8c78a0c4-6508-40d3-856d-1ea0e903e2ee-Max.webp?v=1788833293","8c78a0c4-6508-40d3-856d-1ea0e903e2ee-Max","good"
"gid://shopify/Product/8490982736061","Double Take Full Size Printed Ruffle Trim Balloon Sleeve Shirt Plus Size","https://cdn.shopify.com/s/files/1/0778/3278/2013/files/198cac0f-64f4-4364-a997-63df98351e15-Max.webp?v=1788833292","198cac0f-64f4-4364-a997-63df98351e15-Max","good"
"gid://shopify/Product/8490982736061","Double Take Full Size Printed Ruffle Trim Balloon Sleeve Shirt Plus Size","https://cdn.shopify.com/s/files/1/0778/3278/2013/files/f922de9c-f4bb-495a-8b67-8ca59e428f1f-Max.webp?v=1788833292","f922de9c-f4bb-495a-8b67-8ca59e428f1f-Max","good"
"gid://shopify/Product/8490982736061","Double Take Full Size Printed Ruffle Trim Balloon Sleeve Shirt Plus Size","https://cdn.shopify.com/s/files/1/0778/3278/2013/files/dc41f6d0-61a2-4652-91a2-13defcbe24aa-Max.webp?v=1788833292","dc41f6d0-61a2-4652-91a2-13defcbe24aa-Max","good"
"gid://shopify/Product/8490982736061","Double Take Full Size Printed Ruffle Trim Balloon Sleeve Shirt Plus Size","https://cdn.shopify.com/s/files/1/0778/3278/2013/files/46d94011-b131-4f89-84bb-1b1b65cd9255-Max.webp?v=1788833292","46d94011-b131-4f89-84bb-1b1b65cd9255-Max","good"
"gid://shopify/Product/8490982736061","Double Take Full Size Printed Ruffle Trim Balloon Sleeve Shirt Plus Size","https://cdn.shopify.com/s/files/1/0778/3278/2013/files/1dd5ac84-58da-4d97-9c22-9883fcc32c3d-Max.webp?v=1788833292","1dd5ac84-58da-4d97-9c22-9883fcc32c3d-Max","good"
"gid://shopify/Product/8490982736061","Double Take Full Size Printed Ruffle Trim Balloon Sleeve Shirt Plus Size","https://cdn.shopify.com/s/files/1/0778/3278/2013/files/c1349d94-fbdf-4347-af86-79c0dc9ba7d6-Max.webp?v=1788833292","c1349d94-fbdf-4347-af86-79c0dc9ba7d6-Max","good"
"gid://shopify/Product/8490982736061","Double Take Full Size Printed Ruffle Trim Balloon Sleeve Shirt Plus Size","https://cdn.shopify.com/s/files/1/0778/3278/2013/files/1bc5a653-6a2e-489c-8b31-a9668a15988a-Max.webp?v=1788833293","1bc5a653-6a2e-489c-8b31-a9668a15988a-Max","good"
"gid://shopify/Product/8490982736061","Double Take Full Size Printed Ruffle Trim Balloon Sleeve Shirt Plus Size","https://cdn.shopify.com/s/files/1/0778/3278/2013/files/1ca9599d-f40b-43b3-adbd-94374d02b071-Max.webp?v=1788833293","1ca9599d-f40b-43b3-adbd-94374d02b071-Max","good"
"gid://shopify/Product/8490982736061","Double Take Full Size Printed Ruffle Trim Balloon Sleeve Shirt Plus Size","https://cdn.shopify.com/s/files/1/0778/3278/2013/files/a3c6a616-fd6a-40d4-8a17-7fbdf35594ad-Max.webp?v=1788833293","a3c6a616-fd6a-40d4-8a17-7fbdf35594ad-Max","good"
"gid://shopify/Product/8490982899901","Gothic Star and Cross Charm Choker Necklace","https://cdn.shopify.com/s/files/1/0778/3278/2013/files/647ddac7-d24c-4fbc-a6d1-e5722de69bb2-Max-Origin.webp?v=1788833300","647ddac7-d24c-4fbc-a6d1-e5722de69bb2-Max-Origin","good"
"gid://shopify/Product/8490982899901","Gothic Star and Cross Charm Choker Necklace","https://cdn.shopify.com/s/files/1/0778/3278/2013/files/6d63766c-a011-4071-9b43-3482e7e2d3ca-Max-Origin.webp?v=1788833301","6d63766c-a011-4071-9b43-3482e7e2d3ca-Max-Origin","good"
"gid://shopify/Product/8490982899901","Gothic Star and Cross Charm Choker Necklace","https://cdn.shopify.com/s/files/1/0778/3278/2013/files/c48b6119-0434-4ab9-8250-1fa38a088be7-Max-Origin.webp?v=1788833301","c48b6119-0434-4ab9-8250-1fa38a088be7-Max-Origin","good"
"gid://shopify/Product/8490982899901","Gothic Star and Cross Charm Choker Necklace","https://cdn.shopify.com/s/files/1/0778/3278/2013/files/47b91a89-a298-4f03-aec0-24330a0cbac3-Max-Origin.webp?v=1788833300","47b91a89-a298-4f03-aec0-24330a0cbac3-Max-Origin","good"
"gid://shopify/Product/8490982899901","Gothic Star and Cross Charm Choker Necklace","https://cdn.shopify.com/s/files/1/0778/3278/2013/files/452b0c86-de1d-4971-9823-7ae2ddecfb1f-Max-Origin.webp?v=1788833300","452b0c86-de1d-4971-9823-7ae2ddecfb1f-Max-Origin","good"
"gid://shopify/Product/8490982899901","Gothic Star and Cross Charm Choker Necklace","https://cdn.shopify.com/s/files/1/0778/3278/2013/files/67d9bd23-1c6b-48dc-95f7-0fcdd8ff2572-Max-Origin.webp?v=1788833301","67d9bd23-1c6b-48dc-95f7-0fcdd8ff2572-Max-Origin","good"
"gid://shopify/Product/8490983030973","Rhinestone Slit Maxi Dress with Sheer Cape Sleeves","https://cdn.shopify.com/s/files/1/0778/3278/2013/files/774db10b-5732-4298-b692-b58c599e768e-Max-Origin.webp?v=1788833311","774db10b-5732-4298-b692-b58c599e768e-Max-Origin","good"
"gid://shopify/Product/8490983030973","Rhinestone Slit Maxi Dress with Sheer Cape Sleeves","https://cdn.shopify.com/s/files/1/0778/3278/2013/files/3f28db4e-b208-4480-ae67-aa5430c6ba28-Max-Origin.webp?v=1788833311","3f28db4e-b208-4480-ae67-aa5430c6ba28-Max-Origin","good"
"gid://shopify/Product/8490983030973","Rhinestone Slit Maxi Dress with Sheer Cape Sleeves","https://cdn.shopify.com/s/files/1/0778/3278/2013/files/bc6f2da2-4db0-49e7-9fd2-740cb13a8f66-Max-Origin.webp?v=1788833311","bc6f2da2-4db0-49e7-9fd2-740cb13a8f66-Max-Origin","good"
"gid://shopify/Product/8490983030973","Rhinestone Slit Maxi Dress with Sheer Cape Sleeves","https://cdn.shopify.com/s/files/1/0778/3278/2013/files/04e92ef7a6af4650a71bfe2550219d29-Max-Origin.webp?v=1788833311","04e92ef7a6af4650a71bfe2550219d29-Max-Origin","good"
"gid://shopify/Product/8490983030973","Rhinestone Slit Maxi Dress with Sheer Cape Sleeves","https://cdn.shopify.com/s/files/1/0778/3278/2013/files/2a81ca6f2ea84d6daae34bcbfc41d2b1-Max-Origin.webp?v=1788833310","2a81ca6f2ea84d6daae34bcbfc41d2b1-Max-Origin","good"
"gid://shopify/Product/8490983030973","Rhinestone Slit Maxi Dress with Sheer Cape Sleeves","https://cdn.shopify.com/s/files/1/0778/3278/2013/files/0e4b79aeccf244149daa28aee651af4d-Max-Origin.webp?v=1788833311","0e4b79aeccf244149daa28aee651af4d-Max-Origin","good"
"gid://shopify/Product/8490983030973","Rhinestone Slit Maxi Dress with Sheer Cape Sleeves","https://cdn.shopify.com/s/files/1/0778/3278/2013/files/b9d43b29f0b748b9a28b706c016b849b-Max-Origin.webp?v=1788833311","b9d43b29f0b748b9a28b706c016b849b-Max-Origin","good"
"gid://shopify/Product/8490983030973","Rhinestone Slit Maxi Dress with Sheer Cape Sleeves","https://cdn.shopify.com/s/files/1/0778/3278/2013/files/fe5e9f83-a8f0-47c0-916f-5ad90d95540a-Max-Origin.webp?v=1788833311","fe5e9f83-a8f0-47c0-916f-5ad90d95540a-Max-Origin","good"
"gid://shopify/Product/8490983030973","Rhinestone Slit Maxi Dress with Sheer Cape Sleeves","https://cdn.shopify.com/s/files/1/0778/3278/2013/files/6505eea8-3a4a-4e0c-b2da-70f185c85f1c-Max-Origin.webp?v=1788833311","6505eea8-3a4a-4e0c-b2da-70f185c85f1c-Max-Origin","good"
"gid://shopify/Product/8490983030973","Rhinestone Slit Maxi Dress with Sheer Cape Sleeves","https://cdn.shopify.com/s/files/1/0778/3278/2013/files/f95d3182-1775-4b9e-afe7-4255412553b7-Max-Origin.webp?v=1788833311","f95d3182-1775-4b9e-afe7-4255412553b7-Max-Origin","good"
"gid://shopify/Product/8490983227581","Full Size Halloween Ghost Applique Short Sleeve T-Shirt Plus Size","https://cdn.shopify.com/s/files/1/0778/3278/2013/files/4759e8f8-7598-436d-b555-89bcb930b20e-Max-Origin.webp?v=1788833321","4759e8f8-7598-436d-b555-89bcb930b20e-Max-Origin","good"
"gid://shopify/Product/8490983227581","Full Size Halloween Ghost Applique Short Sleeve T-Shirt Plus Size","https://cdn.shopify.com/s/files/1/0778/3278/2013/files/bb5d6020-7271-4869-bb8e-3722523f2ebd-Max-Origin.webp?v=1788833321","bb5d6020-7271-4869-bb8e-3722523f2ebd-Max-Origin","good"
"gid://shopify/Product/8490983227581","Full Size Halloween Ghost Applique Short Sleeve T-Shirt Plus Size","https://cdn.shopify.com/s/files/1/0778/3278/2013/files/c7df2867-0b7b-48c9-ba56-e5c18773b1d0-Max-Origin.webp?v=1788833320","c7df2867-0b7b-48c9-ba56-e5c18773b1d0-Max-Origin","good"
"gid://shopify/Product/8490983227581","Full Size Halloween Ghost Applique Short Sleeve T-Shirt Plus Size","https://cdn.shopify.com/s/files/1/0778/3278/2013/files/9567f2a3-c372-4b55-b654-b99c2e0a73fd-Max-Origin.webp?v=1788833321","9567f2a3-c372-4b55-b654-b99c2e0a73fd-Max-Origin","good"
"gid://shopify/Product/8490983227581","Full Size Halloween Ghost Applique Short Sleeve T-Shirt Plus Size","https://cdn.shopify.com/s/files/1/0778/3278/2013/files/097170c8-e577-44bc-bdc5-6f81d6af6f5b-Max-Origin.webp?v=1788833321","097170c8-e577-44bc-bdc5-6f81d6af6f5b-Max-Origin","good"
"gid://shopify/Product/8490983227581","Full Size Halloween Ghost Applique Short Sleeve T-Shirt Plus Size","https://cdn.shopify.com/s/files/1/0778/3278/2013/files/a88760c1-6c13-4a47-a8ae-bb7e293f3f06-Max-Origin.webp?v=1788833321","a88760c1-6c13-4a47-a8ae-bb7e293f3f06-Max-Origin","good"
"gid://shopify/Product/8490983456957","Drop Shoulder Long Sleeve Round Neck Halloween Sweater","https://cdn.shopify.com/s/files/1/0778/3278/2013/files/f0c47177-bb85-4fd2-a511-edaa55dad48e-Max-Origin.webp?v=1788833331","f0c47177-bb85-4fd2-a511-edaa55dad48e-Max-Origin","good"
"gid://shopify/Product/8490983456957","Drop Shoulder Long Sleeve Round Neck Halloween Sweater","https://cdn.shopify.com/s/files/1/0778/3278/2013/files/19e599ca-9318-475b-96d8-85c843064ebb-Max-Origin.webp?v=1788833331","19e599ca-9318-475b-96d8-85c843064ebb-Max-Origin","good"
"gid://shopify/Product/8490983456957","Drop Shoulder Long Sleeve Round Neck Halloween Sweater","https://cdn.shopify.com/s/files/1/0778/3278/2013/files/99834772-841e-4bc4-80b4-1b61e3c2f3b4-Max-Origin.webp?v=1788833331","99834772-841e-4bc4-80b4-1b61e3c2f3b4-Max-Origin","good"
"gid://shopify/Product/8490983456957","Drop Shoulder Long Sleeve Round Neck Halloween Sweater","https://cdn.shopify.com/s/files/1/0778/3278/2013/files/e11da492-5ecf-4536-a772-07c7d5006e3e-Max-Origin.webp?v=1788833331","e11da492-5ecf-4536-a772-07c7d5006e3e-Max-Origin","good"
"gid://shopify/Product/8490983456957","Drop Shoulder Long Sleeve Round Neck Halloween Sweater","https://cdn.shopify.com/s/files/1/0778/3278/2013/files/ddb81adb-08e9-406a-97e8-1673e0c01282-Max-Origin.webp?v=1788833331","ddb81adb-08e9-406a-97e8-1673e0c01282-Max-Origin","good"
"gid://shopify/Product/8490983456957","Drop Shoulder Long Sleeve Round Neck Halloween Sweater","https://cdn.shopify.com/s/files/1/0778/3278/2013/files/38267921-23f8-4abb-bfa0-470d82bc76f2-Max-Origin.webp?v=1788833331","38267921-23f8-4abb-bfa0-470d82bc76f2-Max-Origin","good"
"gid://shopify/Product/8490983456957","Drop Shoulder Long Sleeve Round Neck Halloween Sweater","https://cdn.shopify.com/s/files/1/0778/3278/2013/files/9a8ca22d-55c0-44d9-a020-924aaf6de42f-Max-Origin.webp?v=1788833331","9a8ca22d-55c0-44d9-a020-924aaf6de42f-Max-Origin","good"
"gid://shopify/Product/8490983456957","Drop Shoulder Long Sleeve Round Neck Halloween Sweater","https://cdn.shopify.com/s/files/1/0778/3278/2013/files/bdc8a0bc-8314-4548-910f-73946742dfd6-Max-Origin.webp?v=1788833331","bdc8a0bc-8314-4548-910f-73946742dfd6-Max-Origin","good"
"gid://shopify/Product/8490983456957","Drop Shoulder Long Sleeve Round Neck Halloween Sweater","https://cdn.shopify.com/s/files/1/0778/3278/2013/files/e7e30e95-ee7f-491a-90b2-48e0374d053f-Max-Origin.webp?v=1788833331","e7e30e95-ee7f-491a-90b2-48e0374d053f-Max-Origin","good"
"gid://shopify/Product/8490983456957","Drop Shoulder Long Sleeve Round Neck Halloween Sweater","https://cdn.shopify.com/s/files/1/0778/3278/2013/files/a8578a6b-f612-4070-8178-6bc49e8e8333-Max-Origin.webp?v=1788833331","a8578a6b-f612-4070-8178-6bc49e8e8333-Max-Origin","good"
"gid://shopify/Product/8490983456957","Drop Shoulder Long Sleeve Round Neck Halloween Sweater","https://cdn.shopify.com/s/files/1/0778/3278/2013/files/041859e5-6c72-4567-aa8e-1435865aa0d7-Max-Origin.webp?v=1788833331","041859e5-6c72-4567-aa8e-1435865aa0d7-Max-Origin","good"
"gid://shopify/Product/8490983456957","Drop Shoulder Long Sleeve Round Neck Halloween Sweater","https://cdn.shopify.com/s/files/1/0778/3278/2013/files/34367b53-491a-437b-b199-66ebcce58adb-Max-Origin.webp?v=1788833331","34367b53-491a-437b-b199-66ebcce58adb-Max-Origin","good"
"gid://shopify/Product/8490983456957","Drop Shoulder Long Sleeve Round Neck Halloween Sweater","https://cdn.shopify.com/s/files/1/0778/3278/2013/files/8a93a158-1313-4a46-8f43-9603e9f9e5e9-Max-Origin.webp?v=1788833331","8a93a158-1313-4a46-8f43-9603e9f9e5e9-Max-Origin","good"
"gid://shopify/Product/8490983456957","Drop Shoulder Long Sleeve Round Neck Halloween Sweater","https://cdn.shopify.com/s/files/1/0778/3278/2013/files/48318b55-0aa2-42c9-be66-28c6b16b8f35-Max-Origin.webp?v=1788833331","48318b55-0aa2-42c9-be66-28c6b16b8f35-Max-Origin","good"
"gid://shopify/Product/8490983456957","Drop Shoulder Long Sleeve Round Neck Halloween Sweater","https://cdn.shopify.com/s/files/1/0778/3278/2013/files/50740367-e6d9-4cb8-a006-6b43f7e55424-Max-Origin.webp?v=1788833331","50740367-e6d9-4cb8-a006-6b43f7e55424-Max-Origin","good"
"gid://shopify/Product/8490983456957","Drop Shoulder Long Sleeve Round Neck Halloween Sweater","https://cdn.shopify.com/s/files/1/0778/3278/2013/files/57cf7e20-993d-43fa-badf-0669d1539765-Max-Origin.webp?v=1788833331","57cf7e20-993d-43fa-badf-0669d1539765-Max-Origin","good"
"gid://shopify/Product/8490983686333","Ghost/ BOO Reversible Print Mock Neck Casual Sweatshirt","https://cdn.shopify.com/s/files/1/0778/3278/2013/files/a36db271-15c1-45e5-82d5-6f2370d8e559-Max-Origin.webp?v=1788833341","a36db271-15c1-45e5-82d5-6f2370d8e559-Max-Origin","good"
"gid://shopify/Product/8490983686333","Ghost/ BOO Reversible Print Mock Neck Casual Sweatshirt","https://cdn.shopify.com/s/files/1/0778/3278/2013/files/8db27eb9-6710-46fb-a8fb-b89888c8fa6a-Max-Origin.webp?v=1788833341","8db27eb9-6710-46fb-a8fb-b89888c8fa6a-Max-Origin","good"
"gid://shopify/Product/8490983686333","Ghost/ BOO Reversible Print Mock Neck Casual Sweatshirt","https://cdn.shopify.com/s/files/1/0778/3278/2013/files/2b3dec6a-0894-4c63-92ec-2087ac76c59e-Max-Origin.webp?v=1788833341","2b3dec6a-0894-4c63-92ec-2087ac76c59e-Max-Origin","good"
"gid://shopify/Product/8490983686333","Ghost/ BOO Reversible Print Mock Neck Casual Sweatshirt","https://cdn.shopify.com/s/files/1/0778/3278/2013/files/1af1f678-a95f-404a-afab-2adee481de5f-Max-Origin.webp?v=1788833341","1af1f678-a95f-404a-afab-2adee481de5f-Max-Origin","good"
"gid://shopify/Product/8490983882941","Lace Hem Lapel Collar Blazer","https://cdn.shopify.com/s/files/1/0778/3278/2013/files/81a3a1c885764e1ca9af285501c8d338-Max-Origin.webp?v=1788833352","81a3a1c885764e1ca9af285501c8d338-Max-Origin","good"
"gid://shopify/Product/8490983882941","Lace Hem Lapel Collar Blazer","https://cdn.shopify.com/s/files/1/0778/3278/2013/files/1e45ccfdfb384c2cb415ae0bd8501715-Max-Origin.webp?v=1788833351","1e45ccfdfb384c2cb415ae0bd8501715-Max-Origin","good"
"gid://shopify/Product/8490983882941","Lace Hem Lapel Collar Blazer","https://cdn.shopify.com/s/files/1/0778/3278/2013/files/314057ef-08e7-4927-9d9c-41314c0c808f-Max-Origin.webp?v=1788833352","314057ef-08e7-4927-9d9c-41314c0c808f-Max-Origin","good"
"gid://shopify/Product/8490983882941","Lace Hem Lapel Collar Blazer","https://cdn.shopify.com/s/files/1/0778/3278/2013/files/9715bc62ef864fd0b6351b8115980174-Max-Origin.webp?v=1788833352","9715bc62ef864fd0b6351b8115980174-Max-Origin","good"
"gid://shopify/Product/8490983882941","Lace Hem Lapel Collar Blazer","https://cdn.shopify.com/s/files/1/0778/3278/2013/files/96c9024c7dcd4bbf841fdb3faf8634cd-Max-Origin.webp?v=1788833351","96c9024c7dcd4bbf841fdb3faf8634cd-Max-Origin","good"
"gid://shopify/Product/8490983882941","Lace Hem Lapel Collar Blazer","https://cdn.shopify.com/s/files/1/0778/3278/2013/files/9d24be5902884ac383dc79df5b51b280-Max-Origin.webp?v=1788833351","9d24be5902884ac383dc79df5b51b280-Max-Origin","good"
"gid://shopify/Product/8490983882941","Lace Hem Lapel Collar Blazer","https://cdn.shopify.com/s/files/1/0778/3278/2013/files/118122e5-3f00-4c3c-867c-28bd9c4a969f-Max-Origin.webp?v=1788833352","118122e5-3f00-4c3c-867c-28bd9c4a969f-Max-Origin","good"
"gid://shopify/Product/8490983882941","Lace Hem Lapel Collar Blazer","https://cdn.shopify.com/s/files/1/0778/3278/2013/files/9b42de99-fec2-4d66-8980-a3959b110417-Max-Origin.webp?v=1788833352","9b42de99-fec2-4d66-8980-a3959b110417-Max-Origin","good"
"gid://shopify/Product/8490983882941","Lace Hem Lapel Collar Blazer","https://cdn.shopify.com/s/files/1/0778/3278/2013/files/45835b19-6d82-4c98-b0da-70cf9eff8299-Max-Origin.webp?v=1788833352","45835b19-6d82-4c98-b0da-70cf9eff8299-Max-Origin","good"
"gid://shopify/Product/8490983882941","Lace Hem Lapel Collar Blazer","https://cdn.shopify.com/s/files/1/0778/3278/2013/files/0641e79fc781477cb442ec085c4544d1-Max-Origin.webp?v=1788833351","0641e79fc781477cb442ec085c4544d1-Max-Origin","good"
"gid://shopify/Product/8490983882941","Lace Hem Lapel Collar Blazer","https://cdn.shopify.com/s/files/1/0778/3278/2013/files/911bb5bc6930486788129f2084b9b5e1-Max-Origin.webp?v=1788833351","911bb5bc6930486788129f2084b9b5e1-Max-Origin","good"
"gid://shopify/Product/8490983882941","Lace Hem Lapel Collar Blazer","https://cdn.shopify.com/s/files/1/0778/3278/2013/files/90e18451a2a14a9da91a5c19ce23d63c-Max-Origin.webp?v=1788833351","90e18451a2a14a9da91a5c19ce23d63c-Max-Origin","good"
"gid://shopify/Product/8490983882941","Lace Hem Lapel Collar Blazer","https://cdn.shopify.com/s/files/1/0778/3278/2013/files/4aa45cb76d42436fa5eebbee306a493c-Max-Origin.webp?v=1788833352","4aa45cb76d42436fa5eebbee306a493c-Max-Origin","good"
"gid://shopify/Product/8490983882941","Lace Hem Lapel Collar Blazer","https://cdn.shopify.com/s/files/1/0778/3278/2013/files/4b1c9a3800654e2c9a30efaef5c1a077-Max-Origin.webp?v=1788833352","4b1c9a3800654e2c9a30efaef5c1a077-Max-Origin","good"
"gid://shopify/Product/8490983882941","Lace Hem Lapel Collar Blazer","https://cdn.shopify.com/s/files/1/0778/3278/2013/files/8a1cf4d829d14be8a451be1a1950ab14-Max-Origin.webp?v=1788833351","8a1cf4d829d14be8a451be1a1950ab14-Max-Origin","good"
"gid://shopify/Product/8490983882941","Lace Hem Lapel Collar Blazer","https://cdn.shopify.com/s/files/1/0778/3278/2013/files/f903114c640f460e9a0ac80e916d411f-Max-Origin.webp?v=1788833352","f903114c640f460e9a0ac80e916d411f-Max-Origin","good"
"gid://shopify/Product/8490983882941","Lace Hem Lapel Collar Blazer","https://cdn.shopify.com/s/files/1/0778/3278/2013/files/23633ae1-be36-4bce-b45f-6eb9244ae11c-Max-Origin.webp?v=1788833352","23633ae1-be36-4bce-b45f-6eb9244ae11c-Max-Origin","good"
"gid://shopify/Product/8490983882941","Lace Hem Lapel Collar Blazer","https://cdn.shopify.com/s/files/1/0778/3278/2013/files/bbbe0b64-5a2f-4595-b1b9-0238e815f65a-Max-Origin.webp?v=1788833352","bbbe0b64-5a2f-4595-b1b9-0238e815f65a-Max-Origin","good"
"gid://shopify/Product/8490983882941","Lace Hem Lapel Collar Blazer","https://cdn.shopify.com/s/files/1/0778/3278/2013/files/51c6c149-420d-4939-ab13-967ed205fce7-Max-Origin.webp?v=1788833352","51c6c149-420d-4939-ab13-967ed205fce7-Max-Origin","good"
"gid://shopify/Product/8490984112317","Halloween Skeleton Print Color Block Sweatshirt","https://cdn.shopify.com/s/files/1/0778/3278/2013/files/e12ecd3496f8466d8add4455ac4f7220-Max-Origin.webp?v=1788833361","e12ecd3496f8466d8add4455ac4f7220-Max-Origin","good"
"gid://shopify/Product/8490984112317","Halloween Skeleton Print Color Block Sweatshirt","https://cdn.shopify.com/s/files/1/0778/3278/2013/files/f0a11b328f694fa29ba1cec4d4c958ce-Max-Origin.webp?v=1788833361","f0a11b328f694fa29ba1cec4d4c958ce-Max-Origin","good"
"gid://shopify/Product/8490984112317","Halloween Skeleton Print Color Block Sweatshirt","https://cdn.shopify.com/s/files/1/0778/3278/2013/files/b68db492d1d44c9f85d8243e03f97723-Max-Origin.webp?v=1788833361","b68db492d1d44c9f85d8243e03f97723-Max-Origin","good"
"gid://shopify/Product/8490984112317","Halloween Skeleton Print Color Block Sweatshirt","https://cdn.shopify.com/s/files/1/0778/3278/2013/files/c92977647886478e931bb7c20feb64a7-Max-Origin.webp?v=1788833362","c92977647886478e931bb7c20feb64a7-Max-Origin","good"
"gid://shopify/Product/8490984112317","Halloween Skeleton Print Color Block Sweatshirt","https://cdn.shopify.com/s/files/1/0778/3278/2013/files/c3c908fc5eb544bcbeb412033e2f75b1-Max-Origin.webp?v=1788833361","c3c908fc5eb544bcbeb412033e2f75b1-Max-Origin","good"
"gid://shopify/Product/8490984112317","Halloween Skeleton Print Color Block Sweatshirt","https://cdn.shopify.com/s/files/1/0778/3278/2013/files/4f6c9316edb54151b862a76d41788484-Max-Origin.webp?v=1788833362","4f6c9316edb54151b862a76d41788484-Max-Origin","good"
"gid://shopify/Product/8490984112317","Halloween Skeleton Print Color Block Sweatshirt","https://cdn.shopify.com/s/files/1/0778/3278/2013/files/498c5628eecf4928921c87f4bdd669e6-Max-Origin.webp?v=1788833361","498c5628eecf4928921c87f4bdd669e6-Max-Origin","good"
"gid://shopify/Product/8490984308925","Halloween Leopard Pumpkin Patchwork Ribbed Sweatshirt","https://cdn.shopify.com/s/files/1/0778/3278/2013/files/0fb7608cc1e645efac1298dc8c34203c-Max-Origin.webp?v=1788833371","0fb7608cc1e645efac1298dc8c34203c-Max-Origin","good"
"gid://shopify/Product/8490984308925","Halloween Leopard Pumpkin Patchwork Ribbed Sweatshirt","https://cdn.shopify.com/s/files/1/0778/3278/2013/files/a7460b1fde4a4eabae14422984230dcf-Max-Origin.webp?v=1788833371","a7460b1fde4a4eabae14422984230dcf-Max-Origin","good"
"gid://shopify/Product/8490984308925","Halloween Leopard Pumpkin Patchwork Ribbed Sweatshirt","https://cdn.shopify.com/s/files/1/0778/3278/2013/files/61fc9df3ec9c4334aa4da044a76cfe20-Max-Origin.webp?v=1788833371","61fc9df3ec9c4334aa4da044a76cfe20-Max-Origin","good"
"gid://shopify/Product/8490984308925","Halloween Leopard Pumpkin Patchwork Ribbed Sweatshirt","https://cdn.shopify.com/s/files/1/0778/3278/2013/files/d29750ff720c40dfb03c09ed29624902-Max-Origin.webp?v=1788833371","d29750ff720c40dfb03c09ed29624902-Max-Origin","good"
"gid://shopify/Product/8490984308925","Halloween Leopard Pumpkin Patchwork Ribbed Sweatshirt","https://cdn.shopify.com/s/files/1/0778/3278/2013/files/1ad2cafcd54045a399a12af3f883f977-Max-Origin.webp?v=1788833371","1ad2cafcd54045a399a12af3f883f977-Max-Origin","good"
"gid://shopify/Product/8490984308925","Halloween Leopard Pumpkin Patchwork Ribbed Sweatshirt","https://cdn.shopify.com/s/files/1/0778/3278/2013/files/c6ad237e444b4c4d94537cc4439180bf-Max-Origin.webp?v=1788833372","c6ad237e444b4c4d94537cc4439180bf-Max-Origin","good"
"gid://shopify/Product/8490984505533","Halloween Ghost Embroidered Casual Sweatshirt","https://cdn.shopify.com/s/files/1/0778/3278/2013/files/db14557de4434807b00d84d09550fc53-Max-Origin.webp?v=1788833382","db14557de4434807b00d84d09550fc53-Max-Origin","good"
"gid://shopify/Product/8490984505533","Halloween Ghost Embroidered Casual Sweatshirt","https://cdn.shopify.com/s/files/1/0778/3278/2013/files/d855948c9c9e414b915b5d1992b426e1-Max-Origin.webp?v=1788833382","d855948c9c9e414b915b5d1992b426e1-Max-Origin","good"
"gid://shopify/Product/8490984505533","Halloween Ghost Embroidered Casual Sweatshirt","https://cdn.shopify.com/s/files/1/0778/3278/2013/files/75aacb28f0ee414c982607acf9ab8e01-Max-Origin.webp?v=1788833382","75aacb28f0ee414c982607acf9ab8e01-Max-Origin","good"
"gid://shopify/Product/8490984505533","Halloween Ghost Embroidered Casual Sweatshirt","https://cdn.shopify.com/s/files/1/0778/3278/2013/files/b3c67766e4ea4f87a1be28a73de02742-Max-Origin.webp?v=1788833382","b3c67766e4ea4f87a1be28a73de02742-Max-Origin","good"
"gid://shopify/Product/8490984505533","Halloween Ghost Embroidered Casual Sweatshirt","https://cdn.shopify.com/s/files/1/0778/3278/2013/files/e9ad4a4664924862841c0a99a2828119-Max-Origin.webp?v=1788833382","e9ad4a4664924862841c0a99a2828119-Max-Origin","good"
"gid://shopify/Product/8490984505533","Halloween Ghost Embroidered Casual Sweatshirt","https://cdn.shopify.com/s/files/1/0778/3278/2013/files/5e24a0fe2c314921ab84a2e4c0cbc600-Max-Origin.webp?v=1788833382","5e24a0fe2c314921ab84a2e4c0cbc600-Max-Origin","good"
"gid://shopify/Product/8490984505533","Halloween Ghost Embroidered Casual Sweatshirt","https://cdn.shopify.com/s/files/1/0778/3278/2013/files/60f3aedf6d304c29b76971f446d863db-Max-Origin.webp?v=1788833382","60f3aedf6d304c29b76971f446d863db-Max-Origin","good"
"gid://shopify/Product/8490984505533","Halloween Ghost Embroidered Casual Sweatshirt","https://cdn.shopify.com/s/files/1/0778/3278/2013/files/0c38e908b54f4c3d9d7b89a3ec06b349-Max-Origin.webp?v=1788833382","0c38e908b54f4c3d9d7b89a3ec06b349-Max-Origin","good"
"gid://shopify/Product/8490984669373","Sweetheart Neck Sheer Lace Maxi Dress","https://cdn.shopify.com/s/files/1/0778/3278/2013/files/caab8fc4-76c4-4f11-b815-3c4945dd6e70-Max-Origin.webp?v=1788833393","caab8fc4-76c4-4f11-b815-3c4945dd6e70-Max-Origin","good"
"gid://shopify/Product/8490984669373","Sweetheart Neck Sheer Lace Maxi Dress","https://cdn.shopify.com/s/files/1/0778/3278/2013/files/f7d963eb-173a-4e03-974b-64f40cc91ecc-Max-Origin.webp?v=1788833393","f7d963eb-173a-4e03-974b-64f40cc91ecc-Max-Origin","good"
"gid://shopify/Product/8490984669373","Sweetheart Neck Sheer Lace Maxi Dress","https://cdn.shopify.com/s/files/1/0778/3278/2013/files/b5439649-ddc9-42f8-ac74-e434b6517f6a-Max-Origin.webp?v=1788833392","b5439649-ddc9-42f8-ac74-e434b6517f6a-Max-Origin","good"
"gid://shopify/Product/8490984669373","Sweetheart Neck Sheer Lace Maxi Dress","https://cdn.shopify.com/s/files/1/0778/3278/2013/files/0ff7c743-edd6-459a-8bb2-0c5a3194f8cc-Max-Origin.webp?v=1788833392","0ff7c743-edd6-459a-8bb2-0c5a3194f8cc-Max-Origin","good"
"gid://shopify/Product/8490984669373","Sweetheart Neck Sheer Lace Maxi Dress","https://cdn.shopify.com/s/files/1/0778/3278/2013/files/e7efef34-a590-437e-a615-390b5298ef25-Max-Origin.webp?v=1788833392","e7efef34-a590-437e-a615-390b5298ef25-Max-Origin","good"
"gid://shopify/Product/8490984669373","Sweetheart Neck Sheer Lace Maxi Dress","https://cdn.shopify.com/s/files/1/0778/3278/2013/files/13ea7edd-7ec5-456e-af7e-060a3ce27a97-Max-Origin.webp?v=1788833392","13ea7edd-7ec5-456e-af7e-060a3ce27a97-Max-Origin","good"
"gid://shopify/Product/8490984669373","Sweetheart Neck Sheer Lace Maxi Dress","https://cdn.shopify.com/s/files/1/0778/3278/2013/files/f0af9fb1-2788-49d8-8d4b-673c45391e3e-Max-Origin.webp?v=1788833393","f0af9fb1-2788-49d8-8d4b-673c45391e3e-Max-Origin","good"
"gid://shopify/Product/8490984669373","Sweetheart Neck Sheer Lace Maxi Dress","https://cdn.shopify.com/s/files/1/0778/3278/2013/files/5899935b-266c-49eb-9660-7ab4bd725afb-Max-Origin.webp?v=1788833392","5899935b-266c-49eb-9660-7ab4bd725afb-Max-Origin","good"
"gid://shopify/Product/8490984833213","Halloween Pumpkin Floral Round Neck Sweatshirt","https://cdn.shopify.com/s/files/1/0778/3278/2013/files/26d7a29eef1643209989dc12f4e8ede5-Max-Origin.webp?v=1788833402","26d7a29eef1643209989dc12f4e8ede5-Max-Origin","good"
"gid://shopify/Product/8490984833213","Halloween Pumpkin Floral Round Neck Sweatshirt","https://cdn.shopify.com/s/files/1/0778/3278/2013/files/d69441f60cea453785d0d76ebc8f149a-Max-Origin.webp?v=1788833402","d69441f60cea453785d0d76ebc8f149a-Max-Origin","good"
"gid://shopify/Product/8490984833213","Halloween Pumpkin Floral Round Neck Sweatshirt","https://cdn.shopify.com/s/files/1/0778/3278/2013/files/53780051cb2d44949c2db79ce633c995-Max-Origin.webp?v=1788833402","53780051cb2d44949c2db79ce633c995-Max-Origin","good"
"gid://shopify/Product/8490984833213","Halloween Pumpkin Floral Round Neck Sweatshirt","https://cdn.shopify.com/s/files/1/0778/3278/2013/files/4a3b687b19e74a73ba85dcfabb337244-Max-Origin.webp?v=1788833402","4a3b687b19e74a73ba85dcfabb337244-Max-Origin","good"
"gid://shopify/Product/8490984833213","Halloween Pumpkin Floral Round Neck Sweatshirt","https://cdn.shopify.com/s/files/1/0778/3278/2013/files/a1236659367144e19226cb318a467ca6-Max-Origin.webp?v=1788833402","a1236659367144e19226cb318a467ca6-Max-Origin","good"
"gid://shopify/Product/8490985062589","Plaid Sleeve Colorblock Loose Tunic Sweatshirt","https://cdn.shopify.com/s/files/1/0778/3278/2013/files/21496e51-4685-4551-a5c9-a2ca18d7e4f5-Max-Origin.webp?v=1788833412","21496e51-4685-4551-a5c9-a2ca18d7e4f5-Max-Origin","good"
"gid://shopify/Product/8490985062589","Plaid Sleeve Colorblock Loose Tunic Sweatshirt","https://cdn.shopify.com/s/files/1/0778/3278/2013/files/ae2a3c96-898b-4260-ac65-cf289d582fbb-Max-Origin.webp?v=1788833412","ae2a3c96-898b-4260-ac65-cf289d582fbb-Max-Origin","good"
"gid://shopify/Product/8490985062589","Plaid Sleeve Colorblock Loose Tunic Sweatshirt","https://cdn.shopify.com/s/files/1/0778/3278/2013/files/fc2b718c-5f4b-4fe4-9f71-8e83e095bf85-Max-Origin.webp?v=1788833412","fc2b718c-5f4b-4fe4-9f71-8e83e095bf85-Max-Origin","good"
"gid://shopify/Product/8490985062589","Plaid Sleeve Colorblock Loose Tunic Sweatshirt","https://cdn.shopify.com/s/files/1/0778/3278/2013/files/36bf6691-613e-4bc1-bc02-2cbc0e94c58d-Max-Origin.webp?v=1788833412","36bf6691-613e-4bc1-bc02-2cbc0e94c58d-Max-Origin","good"
"gid://shopify/Product/8490985062589","Plaid Sleeve Colorblock Loose Tunic Sweatshirt","https://cdn.shopify.com/s/files/1/0778/3278/2013/files/c9b19675-ed26-4e44-bbad-baf10a93dee5-Max-Origin.webp?v=1788833412","c9b19675-ed26-4e44-bbad-baf10a93dee5-Max-Origin","good"
"gid://shopify/Product/8490985062589","Plaid Sleeve Colorblock Loose Tunic Sweatshirt","https://cdn.shopify.com/s/files/1/0778/3278/2013/files/644de193-c17e-4701-85e8-224a9a840009-Max-Origin.webp?v=1788833412","644de193-c17e-4701-85e8-224a9a840009-Max-Origin","good"
"gid://shopify/Product/8490985226429","Lace V-Neck Tank","https://cdn.shopify.com/s/files/1/0778/3278/2013/files/980c238f-575a-452b-9b9a-de82ae8e4abc-Max-Origin.webp?v=1788833422","980c238f-575a-452b-9b9a-de82ae8e4abc-Max-Origin","good"
"gid://shopify/Product/8490985226429","Lace V-Neck Tank","https://cdn.shopify.com/s/files/1/0778/3278/2013/files/a1629b6f-3566-4055-bebb-e85c342219c9-Max-Origin.webp?v=1788833422","a1629b6f-3566-4055-bebb-e85c342219c9-Max-Origin","good"
"gid://shopify/Product/8490985226429","Lace V-Neck Tank","https://cdn.shopify.com/s/files/1/0778/3278/2013/files/c9f06b71-2534-4b95-84f7-983044c4e698-Max-Origin.webp?v=1788833422","c9f06b71-2534-4b95-84f7-983044c4e698-Max-Origin","good"
"gid://shopify/Product/8490985226429","Lace V-Neck Tank","https://cdn.shopify.com/s/files/1/0778/3278/2013/files/fb67bc51-7d8a-434b-9e4d-ef1917f65b55-Max-Origin.webp?v=1788833422","fb67bc51-7d8a-434b-9e4d-ef1917f65b55-Max-Origin","good"
"gid://shopify/Product/8490985226429","Lace V-Neck Tank","https://cdn.shopify.com/s/files/1/0778/3278/2013/files/3d8162b4be0c4260b3cee89d09c392bf-Max-Origin.webp?v=1788833422","3d8162b4be0c4260b3cee89d09c392bf-Max-Origin","good"
"gid://shopify/Product/8490985226429","Lace V-Neck Tank","https://cdn.shopify.com/s/files/1/0778/3278/2013/files/2d61d5a9-8f70-4c65-b4df-7d32feddf035-Max-Origin.webp?v=1788833423","2d61d5a9-8f70-4c65-b4df-7d32feddf035-Max-Origin","good"
"gid://shopify/Product/8490985226429","Lace V-Neck Tank","https://cdn.shopify.com/s/files/1/0778/3278/2013/files/45ffa44d-6b6c-4f7e-af55-464003663cd2-Max-Origin.webp?v=1788833422","45ffa44d-6b6c-4f7e-af55-464003663cd2-Max-Origin","good"
"gid://shopify/Product/8490985226429","Lace V-Neck Tank","https://cdn.shopify.com/s/files/1/0778/3278/2013/files/177a285f-959a-4bf4-a78d-ba70c1a0630b-Max-Origin.webp?v=1788833422","177a285f-959a-4bf4-a78d-ba70c1a0630b-Max-Origin","good"
"gid://shopify/Product/8490985226429","Lace V-Neck Tank","https://cdn.shopify.com/s/files/1/0778/3278/2013/files/fc2de9bd-bf0d-44d1-bea1-d8ffc425e5dd-Max-Origin.webp?v=1788833423","fc2de9bd-bf0d-44d1-bea1-d8ffc425e5dd-Max-Origin","good"
"gid://shopify/Product/8490985226429","Lace V-Neck Tank","https://cdn.shopify.com/s/files/1/0778/3278/2013/files/e082a232-b8b6-4e5e-b2b2-77faf73c396a-Max-Origin.webp?v=1788833422","e082a232-b8b6-4e5e-b2b2-77faf73c396a-Max-Origin","good"
"gid://shopify/Product/8490985226429","Lace V-Neck Tank","https://cdn.shopify.com/s/files/1/0778/3278/2013/files/f90252c6-d25c-4738-b32b-c79d7885511b-Max-Origin.webp?v=1788833422","f90252c6-d25c-4738-b32b-c79d7885511b-Max-Origin","good"
"gid://shopify/Product/8490985226429","Lace V-Neck Tank","https://cdn.shopify.com/s/files/1/0778/3278/2013/files/e24adfd9-4485-4c86-956f-3d9b5e3980d7-Max-Origin.webp?v=1788833422","e24adfd9-4485-4c86-956f-3d9b5e3980d7-Max-Origin","good"
"gid://shopify/Product/8490985226429","Lace V-Neck Tank","https://cdn.shopify.com/s/files/1/0778/3278/2013/files/0bf6aedb-c0dc-4cdc-90e2-40734131fa49-Max-Origin.webp?v=1788833423","0bf6aedb-c0dc-4cdc-90e2-40734131fa49-Max-Origin","good"
"gid://shopify/Product/8490985226429","Lace V-Neck Tank","https://cdn.shopify.com/s/files/1/0778/3278/2013/files/5bdce442-03b9-4290-8b03-bcc4bd571ee0-Max-Origin.webp?v=1788833422","5bdce442-03b9-4290-8b03-bcc4bd571ee0-Max-Origin","good"
"gid://shopify/Product/8490985226429","Lace V-Neck Tank","https://cdn.shopify.com/s/files/1/0778/3278/2013/files/b5fe8551-a200-47d6-af6c-b8346e5626dc-Max-Origin.webp?v=1788833422","b5fe8551-a200-47d6-af6c-b8346e5626dc-Max-Origin","good"
"gid://shopify/Product/8490985291965","Floral Lace Crochet Tiered Ruffled Mini Dress","https://cdn.shopify.com/s/files/1/0778/3278/2013/files/64c8254023d947529a07eda50319b499-Max-Origin.webp?v=1788833432","64c8254023d947529a07eda50319b499-Max-Origin","good"
"gid://shopify/Product/8490985291965","Floral Lace Crochet Tiered Ruffled Mini Dress","https://cdn.shopify.com/s/files/1/0778/3278/2013/files/00c19d957c9c4ea19e0ef6bc59c86420-Max-Origin.webp?v=1788833432","00c19d957c9c4ea19e0ef6bc59c86420-Max-Origin","good"
"gid://shopify/Product/8490985291965","Floral Lace Crochet Tiered Ruffled Mini Dress","https://cdn.shopify.com/s/files/1/0778/3278/2013/files/3a45462a4adc4fa3a6beb100f3c58b46-Max-Origin.webp?v=1788833432","3a45462a4adc4fa3a6beb100f3c58b46-Max-Origin","good"
"gid://shopify/Product/8490985291965","Floral Lace Crochet Tiered Ruffled Mini Dress","https://cdn.shopify.com/s/files/1/0778/3278/2013/files/edbadaaafe7f40bcbecebca7f004fd66-Max-Origin.webp?v=1788833432","edbadaaafe7f40bcbecebca7f004fd66-Max-Origin","good"
"gid://shopify/Product/8490985291965","Floral Lace Crochet Tiered Ruffled Mini Dress","https://cdn.shopify.com/s/files/1/0778/3278/2013/files/90f544e3859345dcb7bb326a954af4cb-Max-Origin.webp?v=1788833433","90f544e3859345dcb7bb326a954af4cb-Max-Origin","good"
"gid://shopify/Product/8490985291965","Floral Lace Crochet Tiered Ruffled Mini Dress","https://cdn.shopify.com/s/files/1/0778/3278/2013/files/5da3aef4a2764ed2809c68e83d3e71bd-Max-Origin.webp?v=1788833433","5da3aef4a2764ed2809c68e83d3e71bd-Max-Origin","good"
"gid://shopify/Product/8490985291965","Floral Lace Crochet Tiered Ruffled Mini Dress","https://cdn.shopify.com/s/files/1/0778/3278/2013/files/8b55184d71de49ca96d60715f3e4d9f1-Max-Origin.webp?v=1788833432","8b55184d71de49ca96d60715f3e4d9f1-Max-Origin","good"
"gid://shopify/Product/8490985291965","Floral Lace Crochet Tiered Ruffled Mini Dress","https://cdn.shopify.com/s/files/1/0778/3278/2013/files/60d5f8ce324f4dad947b92ff0621481a-Max-Origin.webp?v=1788833432","60d5f8ce324f4dad947b92ff0621481a-Max-Origin","good"
"gid://shopify/Product/8490985291965","Floral Lace Crochet Tiered Ruffled Mini Dress","https://cdn.shopify.com/s/files/1/0778/3278/2013/files/d9a8416cdf544b8f942f6fa33fd29f56-Max-Origin.webp?v=1788833432","d9a8416cdf544b8f942f6fa33fd29f56-Max-Origin","good"
"gid://shopify/Product/8490985291965","Floral Lace Crochet Tiered Ruffled Mini Dress","https://cdn.shopify.com/s/files/1/0778/3278/2013/files/97bc16d5703b4e90b483e31ad291fb15-Max-Origin.webp?v=1788833432","97bc16d5703b4e90b483e31ad291fb15-Max-Origin","good"
"gid://shopify/Product/8490985291965","Floral Lace Crochet Tiered Ruffled Mini Dress","https://cdn.shopify.com/s/files/1/0778/3278/2013/files/96a623ae1c564a02bb115005fd7ffdb5-Max-Origin.webp?v=1788833432","96a623ae1c564a02bb115005fd7ffdb5-Max-Origin","good"
"gid://shopify/Product/8490985291965","Floral Lace Crochet Tiered Ruffled Mini Dress","https://cdn.shopify.com/s/files/1/0778/3278/2013/files/99d5555625ba490aa0e4e8c79a327ed3-Max-Origin.webp?v=1788833432","99d5555625ba490aa0e4e8c79a327ed3-Max-Origin","good"
"gid://shopify/Product/8490985324733","Full Size Skull Pumpkin Face STAY SPOOKY Graphic Halloween T Shirt Plus Size","https://cdn.shopify.com/s/files/1/0778/3278/2013/files/b8d04342-d2e2-4261-bebe-3367a5f38777-Max-Origin.webp?v=1788833442","b8d04342-d2e2-4261-bebe-3367a5f38777-Max-Origin","good"
"gid://shopify/Product/8490985324733","Full Size Skull Pumpkin Face STAY SPOOKY Graphic Halloween T Shirt Plus Size","https://cdn.shopify.com/s/files/1/0778/3278/2013/files/a92736e8-65be-4c91-86ec-2c2cb0c1b101-Max-Origin.webp?v=1788833442","a92736e8-65be-4c91-86ec-2c2cb0c1b101-Max-Origin","good"
"gid://shopify/Product/8490985324733","Full Size Skull Pumpkin Face STAY SPOOKY Graphic Halloween T Shirt Plus Size","https://cdn.shopify.com/s/files/1/0778/3278/2013/files/a9963368-511e-402f-84d4-4fe01ad2aaeb-Max-Origin.webp?v=1788833442","a9963368-511e-402f-84d4-4fe01ad2aaeb-Max-Origin","good"
"gid://shopify/Product/8490985324733","Full Size Skull Pumpkin Face STAY SPOOKY Graphic Halloween T Shirt Plus Size","https://cdn.shopify.com/s/files/1/0778/3278/2013/files/1131b009-6e07-4b14-9412-715c5a6d0c42-Max-Origin.webp?v=1788833442","1131b009-6e07-4b14-9412-715c5a6d0c42-Max-Origin","good"
"gid://shopify/Product/8490985324733","Full Size Skull Pumpkin Face STAY SPOOKY Graphic Halloween T Shirt Plus Size","https://cdn.shopify.com/s/files/1/0778/3278/2013/files/c9eff24d-f33e-4bcb-b176-3975c06d506c-Max-Origin.webp?v=1788833442","c9eff24d-f33e-4bcb-b176-3975c06d506c-Max-Origin","good"
"gid://shopify/Product/8490985423037","Halloween Pumpkin and Cat Pattern Knit Round Neck Sweater","https://cdn.shopify.com/s/files/1/0778/3278/2013/files/0c0c7b0bd78447e782571ad4b1ad4ad8-Max-Origin.webp?v=1788833453","0c0c7b0bd78447e782571ad4b1ad4ad8-Max-Origin","good"
"gid://shopify/Product/8490985423037","Halloween Pumpkin and Cat Pattern Knit Round Neck Sweater","https://cdn.shopify.com/s/files/1/0778/3278/2013/files/36d37c70a5b14f72afb5228c81cda87b-Max-Origin.webp?v=1788833453","36d37c70a5b14f72afb5228c81cda87b-Max-Origin","good"
"gid://shopify/Product/8490985423037","Halloween Pumpkin and Cat Pattern Knit Round Neck Sweater","https://cdn.shopify.com/s/files/1/0778/3278/2013/files/8bee4b80fcf246599aac783e7b59ae07-Max-Origin.webp?v=1788833453","8bee4b80fcf246599aac783e7b59ae07-Max-Origin","good"
"gid://shopify/Product/8490985423037","Halloween Pumpkin and Cat Pattern Knit Round Neck Sweater","https://cdn.shopify.com/s/files/1/0778/3278/2013/files/931db099-d1d1-4feb-b19c-be6c54a4c5d3-Max-Origin.webp?v=1788833452","931db099-d1d1-4feb-b19c-be6c54a4c5d3-Max-Origin","good"
"gid://shopify/Product/8490985423037","Halloween Pumpkin and Cat Pattern Knit Round Neck Sweater","https://cdn.shopify.com/s/files/1/0778/3278/2013/files/4e415dd410c6429aa34c110259607bce-Max-Origin.webp?v=1788833453","4e415dd410c6429aa34c110259607bce-Max-Origin","good"
"gid://shopify/Product/8490985423037","Halloween Pumpkin and Cat Pattern Knit Round Neck Sweater","https://cdn.shopify.com/s/files/1/0778/3278/2013/files/df036f1e-78b2-426e-bc7a-52cd85ff5c66-Max-Origin.webp?v=1788833453","df036f1e-78b2-426e-bc7a-52cd85ff5c66-Max-Origin","good"
"gid://shopify/Product/8490985488573","Lace V-Neck Sleeveless Maxi Dress","https://cdn.shopify.com/s/files/1/0778/3278/2013/files/95552a1427e14452bf731002aca1a902-Max-Origin.webp?v=1788833463","95552a1427e14452bf731002aca1a902-Max-Origin","good"
"gid://shopify/Product/8490985488573","Lace V-Neck Sleeveless Maxi Dress","https://cdn.shopify.com/s/files/1/0778/3278/2013/files/a5f73ba7-921f-42c8-ac1b-2a62faf03198-Max-Origin.webp?v=1788833463","a5f73ba7-921f-42c8-ac1b-2a62faf03198-Max-Origin","good"
"gid://shopify/Product/8490985488573","Lace V-Neck Sleeveless Maxi Dress","https://cdn.shopify.com/s/files/1/0778/3278/2013/files/00609ee8-8ae8-492d-84c9-555361a0ee3f-Max-Origin.webp?v=1788833463","00609ee8-8ae8-492d-84c9-555361a0ee3f-Max-Origin","good"
"gid://shopify/Product/8490985488573","Lace V-Neck Sleeveless Maxi Dress","https://cdn.shopify.com/s/files/1/0778/3278/2013/files/470640afba6c431eb8d1d8167e014ed4-Max-Origin.webp?v=1788833463","470640afba6c431eb8d1d8167e014ed4-Max-Origin","good"
"gid://shopify/Product/8490985488573","Lace V-Neck Sleeveless Maxi Dress","https://cdn.shopify.com/s/files/1/0778/3278/2013/files/0ab222f1ccaa4bd9a3e04b5556a9d251-Max-Origin.webp?v=1788833463","0ab222f1ccaa4bd9a3e04b5556a9d251-Max-Origin","good"
"gid://shopify/Product/8490985488573","Lace V-Neck Sleeveless Maxi Dress","https://cdn.shopify.com/s/files/1/0778/3278/2013/files/609373645c1940198f40ec758693fabb-Max-Origin.webp?v=1788833463","609373645c1940198f40ec758693fabb-Max-Origin","good"
"gid://shopify/Product/8490985488573","Lace V-Neck Sleeveless Maxi Dress","https://cdn.shopify.com/s/files/1/0778/3278/2013/files/4a459846592f46878778e2f7f6b2138b-Max-Origin.webp?v=1788833463","4a459846592f46878778e2f7f6b2138b-Max-Origin","good"
"gid://shopify/Product/8490985488573","Lace V-Neck Sleeveless Maxi Dress","https://cdn.shopify.com/s/files/1/0778/3278/2013/files/60ce4ab32b914819be3baa0334666d96-Max-Origin.webp?v=1788833462","60ce4ab32b914819be3baa0334666d96-Max-Origin","good"
"gid://shopify/Product/8490985488573","Lace V-Neck Sleeveless Maxi Dress","https://cdn.shopify.com/s/files/1/0778/3278/2013/files/c308e2138085496bba194eae5e86eb2b-Max-Origin.webp?v=1788833463","c308e2138085496bba194eae5e86eb2b-Max-Origin","good"
"gid://shopify/Product/8490985488573","Lace V-Neck Sleeveless Maxi Dress","https://cdn.shopify.com/s/files/1/0778/3278/2013/files/102139381c0d4a88836a18e730040162-Max-Origin.webp?v=1788833463","102139381c0d4a88836a18e730040162-Max-Origin","good"
"gid://shopify/Product/8490985488573","Lace V-Neck Sleeveless Maxi Dress","https://cdn.shopify.com/s/files/1/0778/3278/2013/files/c4d89cd1b5144027a02adf2f66e482c7-Max-Origin.webp?v=1788833463","c4d89cd1b5144027a02adf2f66e482c7-Max-Origin","good"
"gid://shopify/Product/8490985488573","Lace V-Neck Sleeveless Maxi Dress","https://cdn.shopify.com/s/files/1/0778/3278/2013/files/63d0fabb31814780a4f9c644024a2028-Max-Origin.webp?v=1788833463","63d0fabb31814780a4f9c644024a2028-Max-Origin","good"
"gid://shopify/Product/8490985488573","Lace V-Neck Sleeveless Maxi Dress","https://cdn.shopify.com/s/files/1/0778/3278/2013/files/77175235e6f44f5cbed2e748cded8420-Max-Origin.webp?v=1788833463","77175235e6f44f5cbed2e748cded8420-Max-Origin","good"
"gid://shopify/Product/8490985488573","Lace V-Neck Sleeveless Maxi Dress","https://cdn.shopify.com/s/files/1/0778/3278/2013/files/db6ce64ae8d545fda72fdd14c89bfffe-Max-Origin.webp?v=1788833463","db6ce64ae8d545fda72fdd14c89bfffe-Max-Origin","good"
"gid://shopify/Product/8490985488573","Lace V-Neck Sleeveless Maxi Dress","https://cdn.shopify.com/s/files/1/0778/3278/2013/files/ea2ed018748d4381a030c3a28e0cdb26-Max-Origin.webp?v=1788833463","ea2ed018748d4381a030c3a28e0cdb26-Max-Origin","good"
"gid://shopify/Product/8490985488573","Lace V-Neck Sleeveless Maxi Dress","https://cdn.shopify.com/s/files/1/0778/3278/2013/files/14276d98-bc50-48d7-adb8-e0cff9251f5a-Max-Origin.webp?v=1788833463","14276d98-bc50-48d7-adb8-e0cff9251f5a-Max-Origin","good"
"gid://shopify/Product/8490985488573","Lace V-Neck Sleeveless Maxi Dress","https://cdn.shopify.com/s/files/1/0778/3278/2013/files/418f6e13-4cfb-486a-84fa-d0c12fa2432a-Max-Origin.webp?v=1788833463","418f6e13-4cfb-486a-84fa-d0c12fa2432a-Max-Origin","good"
"gid://shopify/Product/8490985554109","Lace Hem One Button Blazer","https://cdn.shopify.com/s/files/1/0778/3278/2013/files/7471bd16-5ed0-46ad-bc7a-1cec7cacb6f4-Max-Origin.webp?v=1788833473","7471bd16-5ed0-46ad-bc7a-1cec7cacb6f4-Max-Origin","good"
"gid://shopify/Product/8490985554109","Lace Hem One Button Blazer","https://cdn.shopify.com/s/files/1/0778/3278/2013/files/43f3bfe8-5dba-4a19-a44d-d00dd8efebe8-Max-Origin.webp?v=1788833473","43f3bfe8-5dba-4a19-a44d-d00dd8efebe8-Max-Origin","good"
"gid://shopify/Product/8490985554109","Lace Hem One Button Blazer","https://cdn.shopify.com/s/files/1/0778/3278/2013/files/2a8c2144-ac3e-4be3-b99d-17e0d2adc3b9-Max-Origin.webp?v=1788833473","2a8c2144-ac3e-4be3-b99d-17e0d2adc3b9-Max-Origin","good"
"gid://shopify/Product/8490985554109","Lace Hem One Button Blazer","https://cdn.shopify.com/s/files/1/0778/3278/2013/files/e54eb787-1ed2-4006-9d13-9270faedfe21-Max-Origin.webp?v=1788833473","e54eb787-1ed2-4006-9d13-9270faedfe21-Max-Origin","good"
"gid://shopify/Product/8490985554109","Lace Hem One Button Blazer","https://cdn.shopify.com/s/files/1/0778/3278/2013/files/056b13d5-c469-4c25-b0e7-8e5a76a6516d-Max-Origin.webp?v=1788833473","056b13d5-c469-4c25-b0e7-8e5a76a6516d-Max-Origin","good"
"gid://shopify/Product/8490985554109","Lace Hem One Button Blazer","https://cdn.shopify.com/s/files/1/0778/3278/2013/files/0fc56131a0774b18ac14f56beb5cd8c3-Max-Origin.webp?v=1788833473","0fc56131a0774b18ac14f56beb5cd8c3-Max-Origin","good"
"gid://shopify/Product/8490985554109","Lace Hem One Button Blazer","https://cdn.shopify.com/s/files/1/0778/3278/2013/files/92bb90e5fb1e419b95a5b7e01114c504-Max-Origin.webp?v=1788833473","92bb90e5fb1e419b95a5b7e01114c504-Max-Origin","good"
"gid://shopify/Product/8490985554109","Lace Hem One Button Blazer","https://cdn.shopify.com/s/files/1/0778/3278/2013/files/4fa4ce89b8b54c7789a53dbe14c67239-Max-Origin.webp?v=1788833473","4fa4ce89b8b54c7789a53dbe14c67239-Max-Origin","good"
"gid://shopify/Product/8490985586877","Sequin Autumn Leaf & Coffee Cup Waffle Knit Top","https://cdn.shopify.com/s/files/1/0778/3278/2013/files/7da1bf61-fcef-4e19-adc7-196435c54aec-Max-Origin.webp?v=1788833482","7da1bf61-fcef-4e19-adc7-196435c54aec-Max-Origin","good"
"gid://shopify/Product/8490985586877","Sequin Autumn Leaf & Coffee Cup Waffle Knit Top","https://cdn.shopify.com/s/files/1/0778/3278/2013/files/c96fdbe8-f2d4-4b86-8298-775b4eef3757-Max-Origin.webp?v=1788833482","c96fdbe8-f2d4-4b86-8298-775b4eef3757-Max-Origin","good"
"gid://shopify/Product/8490985586877","Sequin Autumn Leaf & Coffee Cup Waffle Knit Top","https://cdn.shopify.com/s/files/1/0778/3278/2013/files/361a209d-3d1a-40a5-90d3-40455487d52e-Max-Origin.webp?v=1788833483","361a209d-3d1a-40a5-90d3-40455487d52e-Max-Origin","good"
"gid://shopify/Product/8490985586877","Sequin Autumn Leaf & Coffee Cup Waffle Knit Top","https://cdn.shopify.com/s/files/1/0778/3278/2013/files/fa1aa610-4150-4b94-bf93-6085c0d9b296-Max-Origin.webp?v=1788833482","fa1aa610-4150-4b94-bf93-6085c0d9b296-Max-Origin","good"
"gid://shopify/Product/8490985586877","Sequin Autumn Leaf & Coffee Cup Waffle Knit Top","https://cdn.shopify.com/s/files/1/0778/3278/2013/files/5b4c9af6-42df-4377-90e1-4756e456fec9-Max-Origin.webp?v=1788833482","5b4c9af6-42df-4377-90e1-4756e456fec9-Max-Origin","good"
"gid://shopify/Product/8490985652413","Halloween Pumpkin Open Front Knit Cardigan","https://cdn.shopify.com/s/files/1/0778/3278/2013/files/c584c274-42b8-4f39-b53d-f24b0bb20e12-Max-Origin.webp?v=1788833493","c584c274-42b8-4f39-b53d-f24b0bb20e12-Max-Origin","good"
"gid://shopify/Product/8490985652413","Halloween Pumpkin Open Front Knit Cardigan","https://cdn.shopify.com/s/files/1/0778/3278/2013/files/e37bb570-083b-456f-b455-0a87f7278a3c-Max-Origin.webp?v=1788833493","e37bb570-083b-456f-b455-0a87f7278a3c-Max-Origin","good"
"gid://shopify/Product/8490985652413","Halloween Pumpkin Open Front Knit Cardigan","https://cdn.shopify.com/s/files/1/0778/3278/2013/files/2aa111ef-376a-436a-8e5f-809582d03a13-Max-Origin.webp?v=1788833493","2aa111ef-376a-436a-8e5f-809582d03a13-Max-Origin","good"
"gid://shopify/Product/8490985652413","Halloween Pumpkin Open Front Knit Cardigan","https://cdn.shopify.com/s/files/1/0778/3278/2013/files/9c11035a6287441f9735cf5e09c1ac4b-Max-Origin.webp?v=1788833493","9c11035a6287441f9735cf5e09c1ac4b-Max-Origin","good"
"gid://shopify/Product/8490985652413","Halloween Pumpkin Open Front Knit Cardigan","https://cdn.shopify.com/s/files/1/0778/3278/2013/files/fb50ad8f7ea247dca5259b8d63cf67c1-Max-Origin.webp?v=1788833493","fb50ad8f7ea247dca5259b8d63cf67c1-Max-Origin","good"
"gid://shopify/Product/8490985652413","Halloween Pumpkin Open Front Knit Cardigan","https://cdn.shopify.com/s/files/1/0778/3278/2013/files/8ee52dac-a4f4-4037-965d-3250e1718708-Max-Origin.webp?v=1788833494","8ee52dac-a4f4-4037-965d-3250e1718708-Max-Origin","good"
"gid://shopify/Product/8490985652413","Halloween Pumpkin Open Front Knit Cardigan","https://cdn.shopify.com/s/files/1/0778/3278/2013/files/7df5ea1c-3d99-4f4e-b827-07332cd3cb29-Max-Origin.webp?v=1788833494","7df5ea1c-3d99-4f4e-b827-07332cd3cb29-Max-Origin","good"
"gid://shopify/Product/8490985652413","Halloween Pumpkin Open Front Knit Cardigan","https://cdn.shopify.com/s/files/1/0778/3278/2013/files/6e3447bf-ca80-4fed-b6e4-d2b825714bc8-Max-Origin.webp?v=1788833494","6e3447bf-ca80-4fed-b6e4-d2b825714bc8-Max-Origin","good"
"gid://shopify/Product/8490985652413","Halloween Pumpkin Open Front Knit Cardigan","https://cdn.shopify.com/s/files/1/0778/3278/2013/files/3298413a6b7940c487a8cd4111ff4901-Max-Origin.webp?v=1788833493","3298413a6b7940c487a8cd4111ff4901-Max-Origin","good"
"gid://shopify/Product/8490985652413","Halloween Pumpkin Open Front Knit Cardigan","https://cdn.shopify.com/s/files/1/0778/3278/2013/files/9c06023afd604077840833812df4c037-Max-Origin.webp?v=1788833493","9c06023afd604077840833812df4c037-Max-Origin","good"
"gid://shopify/Product/8490985652413","Halloween Pumpkin Open Front Knit Cardigan","https://cdn.shopify.com/s/files/1/0778/3278/2013/files/d05ce440-f3a1-4e95-8c29-59e91768d9a2-Max-Origin.webp?v=1788833493","d05ce440-f3a1-4e95-8c29-59e91768d9a2-Max-Origin","good"
"gid://shopify/Product/8490985652413","Halloween Pumpkin Open Front Knit Cardigan","https://cdn.shopify.com/s/files/1/0778/3278/2013/files/f78c10a4-47e4-47ef-b3f1-9b8924071950-Max-Origin.webp?v=1788833493","f78c10a4-47e4-47ef-b3f1-9b8924071950-Max-Origin","good"
"gid://shopify/Product/8490985652413","Halloween Pumpkin Open Front Knit Cardigan","https://cdn.shopify.com/s/files/1/0778/3278/2013/files/a653faf97b054a15a1441cee3310d3dd-Max-Origin.webp?v=1788833493","a653faf97b054a15a1441cee3310d3dd-Max-Origin","good"
"gid://shopify/Product/8490985652413","Halloween Pumpkin Open Front Knit Cardigan","https://cdn.shopify.com/s/files/1/0778/3278/2013/files/677aff270cab49a2b9b64236635a335c-Max-Origin.webp?v=1788833493","677aff270cab49a2b9b64236635a335c-Max-Origin","good"
"gid://shopify/Product/8490985685181","Sequin Ghost Exposed Seam Mock Neck Sweatshirt","https://cdn.shopify.com/s/files/1/0778/3278/2013/files/f42b4b09-de0b-4e8c-b0e8-bb7ef89015d6-Max-Origin.webp?v=1788833503","f42b4b09-de0b-4e8c-b0e8-bb7ef89015d6-Max-Origin","good"
"gid://shopify/Product/8490985685181","Sequin Ghost Exposed Seam Mock Neck Sweatshirt","https://cdn.shopify.com/s/files/1/0778/3278/2013/files/8d7d91b4-c974-4a84-aca7-093d5629e749-Max-Origin.webp?v=1788833503","8d7d91b4-c974-4a84-aca7-093d5629e749-Max-Origin","good"
"gid://shopify/Product/8490985685181","Sequin Ghost Exposed Seam Mock Neck Sweatshirt","https://cdn.shopify.com/s/files/1/0778/3278/2013/files/30355bdc-028d-4049-8347-4b93588a3d75-Max-Origin.webp?v=1788833503","30355bdc-028d-4049-8347-4b93588a3d75-Max-Origin","good"
"gid://shopify/Product/8490985717949","Dancing Critters Sequin Halloween Crewneck Sweatshirt","https://cdn.shopify.com/s/files/1/0778/3278/2013/files/a2134877-3611-4833-b81d-81471a27315b-Max-Origin.webp?v=1788833513","a2134877-3611-4833-b81d-81471a27315b-Max-Origin","good"
"gid://shopify/Product/8490985717949","Dancing Critters Sequin Halloween Crewneck Sweatshirt","https://cdn.shopify.com/s/files/1/0778/3278/2013/files/8f52a22a-55d6-4cde-9dbb-0ff58a5683ca-Max-Origin.webp?v=1788833513","8f52a22a-55d6-4cde-9dbb-0ff58a5683ca-Max-Origin","good"
"gid://shopify/Product/8490985717949","Dancing Critters Sequin Halloween Crewneck Sweatshirt","https://cdn.shopify.com/s/files/1/0778/3278/2013/files/85042c47-4bc5-4f80-acb9-5e659a86f5f4-Max-Origin.webp?v=1788833513","85042c47-4bc5-4f80-acb9-5e659a86f5f4-Max-Origin","good"
"gid://shopify/Product/8490985717949","Dancing Critters Sequin Halloween Crewneck Sweatshirt","https://cdn.shopify.com/s/files/1/0778/3278/2013/files/432c69ef-eb7e-49e6-9785-d3f3156d7ae2-Max-Origin.webp?v=1788833514","432c69ef-eb7e-49e6-9785-d3f3156d7ae2-Max-Origin","good"
"gid://shopify/Product/8490985717949","Dancing Critters Sequin Halloween Crewneck Sweatshirt","https://cdn.shopify.com/s/files/1/0778/3278/2013/files/5ef3e3e3-7f7c-4fd3-bf0e-39dae0af2283-Max-Origin.webp?v=1788833514","5ef3e3e3-7f7c-4fd3-bf0e-39dae0af2283-Max-Origin","good"
"gid://shopify/Product/8490985717949","Dancing Critters Sequin Halloween Crewneck Sweatshirt","https://cdn.shopify.com/s/files/1/0778/3278/2013/files/be4504fc-5d9a-42d2-9570-9f47dea4ca7b-Max-Origin.webp?v=1788833513","be4504fc-5d9a-42d2-9570-9f47dea4ca7b-Max-Origin","good"
"gid://shopify/Product/8490985717949","Dancing Critters Sequin Halloween Crewneck Sweatshirt","https://cdn.shopify.com/s/files/1/0778/3278/2013/files/83f8ff2cf6af48dbae751bbdd4d0cb9f-Max-Origin.webp?v=1788833513","83f8ff2cf6af48dbae751bbdd4d0cb9f-Max-Origin","good"
"gid://shopify/Product/8490985717949","Dancing Critters Sequin Halloween Crewneck Sweatshirt","https://cdn.shopify.com/s/files/1/0778/3278/2013/files/ecfd1ee5a4684ae5b21cb660c45f0b19-Max-Origin.webp?v=1788833513","ecfd1ee5a4684ae5b21cb660c45f0b19-Max-Origin","good"
"gid://shopify/Product/8490985717949","Dancing Critters Sequin Halloween Crewneck Sweatshirt","https://cdn.shopify.com/s/files/1/0778/3278/2013/files/ff6405f3623b4d97a116bbc3927cb236-Max-Origin.webp?v=1788833513","ff6405f3623b4d97a116bbc3927cb236-Max-Origin","good"
"gid://shopify/Product/8490985717949","Dancing Critters Sequin Halloween Crewneck Sweatshirt","https://cdn.shopify.com/s/files/1/0778/3278/2013/files/03966592826a4832a90efc849fea42d7-Max-Origin.webp?v=1788833514","03966592826a4832a90efc849fea42d7-Max-Origin","good"
"gid://shopify/Product/8490985717949","Dancing Critters Sequin Halloween Crewneck Sweatshirt","https://cdn.shopify.com/s/files/1/0778/3278/2013/files/a576fb56eafb44079f553706db3813a1-Max-Origin.webp?v=1788833513","a576fb56eafb44079f553706db3813a1-Max-Origin","good"
"gid://shopify/Product/8490985717949","Dancing Critters Sequin Halloween Crewneck Sweatshirt","https://cdn.shopify.com/s/files/1/0778/3278/2013/files/5acdd8f2553b48148915e278ab6650d1-Max-Origin.webp?v=1788833513","5acdd8f2553b48148915e278ab6650d1-Max-Origin","good"
"gid://shopify/Product/8490985717949","Dancing Critters Sequin Halloween Crewneck Sweatshirt","https://cdn.shopify.com/s/files/1/0778/3278/2013/files/6d0e3454a01e4da1a97cb27cf77df51c-Max-Origin.webp?v=1788833514","6d0e3454a01e4da1a97cb27cf77df51c-Max-Origin","good"
"gid://shopify/Product/8490985717949","Dancing Critters Sequin Halloween Crewneck Sweatshirt","https://cdn.shopify.com/s/files/1/0778/3278/2013/files/ce419edeaf4a4641b2e31deaf420fc7b-Max-Origin.webp?v=1788833513","ce419edeaf4a4641b2e31deaf420fc7b-Max-Origin","good"
"gid://shopify/Product/8490985750717","Patchwork Pumpkin Graphic Corded Ribbed Round Neck Tunic Sweatshirt","https://cdn.shopify.com/s/files/1/0778/3278/2013/files/977969f0-4fd6-4e37-b443-b640f8b48250-Max-Origin.webp?v=1788833523","977969f0-4fd6-4e37-b443-b640f8b48250-Max-Origin","good"
"gid://shopify/Product/8490985750717","Patchwork Pumpkin Graphic Corded Ribbed Round Neck Tunic Sweatshirt","https://cdn.shopify.com/s/files/1/0778/3278/2013/files/27b9c16d-0f72-407e-80b1-8a944928f4f9-Max-Origin.webp?v=1788833523","27b9c16d-0f72-407e-80b1-8a944928f4f9-Max-Origin","good"
"gid://shopify/Product/8490985750717","Patchwork Pumpkin Graphic Corded Ribbed Round Neck Tunic Sweatshirt","https://cdn.shopify.com/s/files/1/0778/3278/2013/files/27cf9c2a-cf4b-47b0-9ff9-4579755b6938-Max-Origin.webp?v=1788833523","27cf9c2a-cf4b-47b0-9ff9-4579755b6938-Max-Origin","good"
"gid://shopify/Product/8490985750717","Patchwork Pumpkin Graphic Corded Ribbed Round Neck Tunic Sweatshirt","https://cdn.shopify.com/s/files/1/0778/3278/2013/files/ad00af0e-faa9-4207-b273-39f89211ec74-Max-Origin.webp?v=1788833523","ad00af0e-faa9-4207-b273-39f89211ec74-Max-Origin","good"
"gid://shopify/Product/8490985750717","Patchwork Pumpkin Graphic Corded Ribbed Round Neck Tunic Sweatshirt","https://cdn.shopify.com/s/files/1/0778/3278/2013/files/541073fc-2265-429b-b446-0914d2400810-Max-Origin.webp?v=1788833523","541073fc-2265-429b-b446-0914d2400810-Max-Origin","good"
"gid://shopify/Product/8490985750717","Patchwork Pumpkin Graphic Corded Ribbed Round Neck Tunic Sweatshirt","https://cdn.shopify.com/s/files/1/0778/3278/2013/files/e8743031-f109-4a7b-b6c2-12d58b9bc722-Max-Origin.webp?v=1788833523","e8743031-f109-4a7b-b6c2-12d58b9bc722-Max-Origin","good"
"gid://shopify/Product/8490985783485","Crochet Lace Strapless Boned Corset Lace‑Up Waist Cincher Tube Top","https://cdn.shopify.com/s/files/1/0778/3278/2013/files/536ff20a-a608-477d-bfbe-c6cbf018eff4-Max-Origin.webp?v=1788833533","536ff20a-a608-477d-bfbe-c6cbf018eff4-Max-Origin","good"
"gid://shopify/Product/8490985783485","Crochet Lace Strapless Boned Corset Lace‑Up Waist Cincher Tube Top","https://cdn.shopify.com/s/files/1/0778/3278/2013/files/f307ccc3-bdf5-49af-8a9e-fae19d1ef15c-Max-Origin.webp?v=1788833533","f307ccc3-bdf5-49af-8a9e-fae19d1ef15c-Max-Origin","good"
"gid://shopify/Product/8490985783485","Crochet Lace Strapless Boned Corset Lace‑Up Waist Cincher Tube Top","https://cdn.shopify.com/s/files/1/0778/3278/2013/files/b06a85cd-71f3-417d-bd43-9a0bf1ca83fe-Max-Origin.webp?v=1788833533","b06a85cd-71f3-417d-bd43-9a0bf1ca83fe-Max-Origin","good"
"gid://shopify/Product/8490985783485","Crochet Lace Strapless Boned Corset Lace‑Up Waist Cincher Tube Top","https://cdn.shopify.com/s/files/1/0778/3278/2013/files/4e1a5774-21a2-4af7-ba21-3042e16bbb1e-Max-Origin.webp?v=1788833533","4e1a5774-21a2-4af7-ba21-3042e16bbb1e-Max-Origin","good"
"gid://shopify/Product/8490985783485","Crochet Lace Strapless Boned Corset Lace‑Up Waist Cincher Tube Top","https://cdn.shopify.com/s/files/1/0778/3278/2013/files/7d960a70-11a8-4e31-9030-a6114b4e4422-Max-Origin.webp?v=1788833533","7d960a70-11a8-4e31-9030-a6114b4e4422-Max-Origin","good"
"gid://shopify/Product/8490985783485","Crochet Lace Strapless Boned Corset Lace‑Up Waist Cincher Tube Top","https://cdn.shopify.com/s/files/1/0778/3278/2013/files/ef76d8f5eeec4e80a187bbc910ea7a4e-Max-Origin.webp?v=1788833533","ef76d8f5eeec4e80a187bbc910ea7a4e-Max-Origin","good"
"gid://shopify/Product/8490985849021","Sequin Halloween Pumpkin Pattern V Neck Tee and Drawstring Bottoms Casual Set","https://cdn.shopify.com/s/files/1/0778/3278/2013/files/0f87766a-4950-4fa3-9cd8-25e1f7dc8e2e-Max-Origin.webp?v=1788833543","0f87766a-4950-4fa3-9cd8-25e1f7dc8e2e-Max-Origin","good"
"gid://shopify/Product/8490985849021","Sequin Halloween Pumpkin Pattern V Neck Tee and Drawstring Bottoms Casual Set","https://cdn.shopify.com/s/files/1/0778/3278/2013/files/0ed2382b-aa24-4db6-bce0-3c2e6b524c1d-Max-Origin.webp?v=1788833543","0ed2382b-aa24-4db6-bce0-3c2e6b524c1d-Max-Origin","good"
"gid://shopify/Product/8490985849021","Sequin Halloween Pumpkin Pattern V Neck Tee and Drawstring Bottoms Casual Set","https://cdn.shopify.com/s/files/1/0778/3278/2013/files/c5033a7e-7e57-42c5-8a03-213230dd8125-Max-Origin.webp?v=1788833543","c5033a7e-7e57-42c5-8a03-213230dd8125-Max-Origin","good"
"gid://shopify/Product/8490985849021","Sequin Halloween Pumpkin Pattern V Neck Tee and Drawstring Bottoms Casual Set","https://cdn.shopify.com/s/files/1/0778/3278/2013/files/a9f87d46-0c57-4446-bc81-0f4169e13a70-Max-Origin.webp?v=1788833544","a9f87d46-0c57-4446-bc81-0f4169e13a70-Max-Origin","good"
"gid://shopify/Product/8490985849021","Sequin Halloween Pumpkin Pattern V Neck Tee and Drawstring Bottoms Casual Set","https://cdn.shopify.com/s/files/1/0778/3278/2013/files/b9016831-9bbc-4d50-a58b-c55765f30bcd-Max-Origin.webp?v=1788833543","b9016831-9bbc-4d50-a58b-c55765f30bcd-Max-Origin","good"
"gid://shopify/Product/8490985849021","Sequin Halloween Pumpkin Pattern V Neck Tee and Drawstring Bottoms Casual Set","https://cdn.shopify.com/s/files/1/0778/3278/2013/files/e9784ab6-edcd-4375-a559-0e91bf3158a9-Max-Origin.webp?v=1788833543","e9784ab6-edcd-4375-a559-0e91bf3158a9-Max-Origin","good"
"gid://shopify/Product/8490985881789","Short Sleeve Pumpkin Print Polka Dot Trim Pocket Placket Lounge Set","https://cdn.shopify.com/s/files/1/0778/3278/2013/files/380cb1e7-c359-41cd-a9c5-675ccad61308-Max-Origin.webp?v=1788833554","380cb1e7-c359-41cd-a9c5-675ccad61308-Max-Origin","good"
"gid://shopify/Product/8490985881789","Short Sleeve Pumpkin Print Polka Dot Trim Pocket Placket Lounge Set","https://cdn.shopify.com/s/files/1/0778/3278/2013/files/77c48734-0c9f-438e-9bb9-3d5670795d80-Max-Origin.webp?v=1788833554","77c48734-0c9f-438e-9bb9-3d5670795d80-Max-Origin","good"
"gid://shopify/Product/8490985881789","Short Sleeve Pumpkin Print Polka Dot Trim Pocket Placket Lounge Set","https://cdn.shopify.com/s/files/1/0778/3278/2013/files/e78d83a8-cb71-4d7f-9391-2992d0f37949-Max-Origin.webp?v=1788833554","e78d83a8-cb71-4d7f-9391-2992d0f37949-Max-Origin","good"
"gid://shopify/Product/8490985881789","Short Sleeve Pumpkin Print Polka Dot Trim Pocket Placket Lounge Set","https://cdn.shopify.com/s/files/1/0778/3278/2013/files/90a3ac6a-8f27-47ff-9097-cf4cddc69c79-Max-Origin.webp?v=1788833554","90a3ac6a-8f27-47ff-9097-cf4cddc69c79-Max-Origin","good"
"gid://shopify/Product/8490985881789","Short Sleeve Pumpkin Print Polka Dot Trim Pocket Placket Lounge Set","https://cdn.shopify.com/s/files/1/0778/3278/2013/files/aea88421-89d1-4070-a7d7-e4cc0349f3ce-Max-Origin.webp?v=1788833554","aea88421-89d1-4070-a7d7-e4cc0349f3ce-Max-Origin","good"
"gid://shopify/Product/8490985881789","Short Sleeve Pumpkin Print Polka Dot Trim Pocket Placket Lounge Set","https://cdn.shopify.com/s/files/1/0778/3278/2013/files/6016c7da-0292-46f0-b523-e3d64830bb2b-Max-Origin.webp?v=1788833554","6016c7da-0292-46f0-b523-e3d64830bb2b-Max-Origin","good"
"gid://shopify/Product/8490985881789","Short Sleeve Pumpkin Print Polka Dot Trim Pocket Placket Lounge Set","https://cdn.shopify.com/s/files/1/0778/3278/2013/files/dd149460-4e55-46ee-b25d-564dec21b568-Max-Origin.webp?v=1788833555","dd149460-4e55-46ee-b25d-564dec21b568-Max-Origin","good"
"gid://shopify/Product/8490985881789","Short Sleeve Pumpkin Print Polka Dot Trim Pocket Placket Lounge Set","https://cdn.shopify.com/s/files/1/0778/3278/2013/files/99ce5ec0-7fe2-4648-8d14-ed6b8ef68837-Max-Origin.webp?v=1788833554","99ce5ec0-7fe2-4648-8d14-ed6b8ef68837-Max-Origin","good"
"gid://shopify/Product/8490985881789","Short Sleeve Pumpkin Print Polka Dot Trim Pocket Placket Lounge Set","https://cdn.shopify.com/s/files/1/0778/3278/2013/files/5b6bf6b9-d68f-4ffe-9eef-bcef5857c16b-Max-Origin.webp?v=1788833554","5b6bf6b9-d68f-4ffe-9eef-bcef5857c16b-Max-Origin","good"
"gid://shopify/Product/8490985881789","Short Sleeve Pumpkin Print Polka Dot Trim Pocket Placket Lounge Set","https://cdn.shopify.com/s/files/1/0778/3278/2013/files/be743b47-7f46-413b-85fd-32365b6eead5-Max-Origin.webp?v=1788833554","be743b47-7f46-413b-85fd-32365b6eead5-Max-Origin","good"
"gid://shopify/Product/8490985881789","Short Sleeve Pumpkin Print Polka Dot Trim Pocket Placket Lounge Set","https://cdn.shopify.com/s/files/1/0778/3278/2013/files/c3e3c6fe-bb2a-45d2-a729-93e9528a8f7c-Max-Origin.webp?v=1788833554","c3e3c6fe-bb2a-45d2-a729-93e9528a8f7c-Max-Origin","good"
"gid://shopify/Product/8490985881789","Short Sleeve Pumpkin Print Polka Dot Trim Pocket Placket Lounge Set","https://cdn.shopify.com/s/files/1/0778/3278/2013/files/626ef046-ebcf-4b85-8f44-09af812dd77a-Max-Origin.webp?v=1788833554","626ef046-ebcf-4b85-8f44-09af812dd77a-Max-Origin","good"
"gid://shopify/Product/8490985881789","Short Sleeve Pumpkin Print Polka Dot Trim Pocket Placket Lounge Set","https://cdn.shopify.com/s/files/1/0778/3278/2013/files/4e762419-7c63-4279-a843-1b108b7adb0c-Max-Origin.webp?v=1788833554","4e762419-7c63-4279-a843-1b108b7adb0c-Max-Origin","good"
"gid://shopify/Product/8490985881789","Short Sleeve Pumpkin Print Polka Dot Trim Pocket Placket Lounge Set","https://cdn.shopify.com/s/files/1/0778/3278/2013/files/75fc5e76-ed84-4e85-afc6-1e7e324e2fdc-Max-Origin.webp?v=1788833554","75fc5e76-ed84-4e85-afc6-1e7e324e2fdc-Max-Origin","good"
"gid://shopify/Product/8490985881789","Short Sleeve Pumpkin Print Polka Dot Trim Pocket Placket Lounge Set","https://cdn.shopify.com/s/files/1/0778/3278/2013/files/8d7fe80a-a3d9-4aa4-89e3-b8cbede2092e-Max-Origin.webp?v=1788833554","8d7fe80a-a3d9-4aa4-89e3-b8cbede2092e-Max-Origin","good"
"gid://shopify/Product/8490985881789","Short Sleeve Pumpkin Print Polka Dot Trim Pocket Placket Lounge Set","https://cdn.shopify.com/s/files/1/0778/3278/2013/files/59c9211f-7cd5-488c-9c8c-85c708d77275-Max-Origin.webp?v=1788833554","59c9211f-7cd5-488c-9c8c-85c708d77275-Max-Origin","good"
"gid://shopify/Product/8490985947325","Embroidered Spooky Season Long Sleeve Round Neck Sweatshirt","https://cdn.shopify.com/s/files/1/0778/3278/2013/files/f4493b62-b3eb-43b5-b969-4fa6153b0157-Max-Origin.webp?v=1788833564","f4493b62-b3eb-43b5-b969-4fa6153b0157-Max-Origin","good"
"gid://shopify/Product/8490985947325","Embroidered Spooky Season Long Sleeve Round Neck Sweatshirt","https://cdn.shopify.com/s/files/1/0778/3278/2013/files/db4513147a284df3a68766034adaeef6-Max-Origin.webp?v=1788833564","db4513147a284df3a68766034adaeef6-Max-Origin","good"
"gid://shopify/Product/8490985947325","Embroidered Spooky Season Long Sleeve Round Neck Sweatshirt","https://cdn.shopify.com/s/files/1/0778/3278/2013/files/3212ee41b56d4e929eb29c9c7a5943c8-Max-Origin.webp?v=1788833564","3212ee41b56d4e929eb29c9c7a5943c8-Max-Origin","good"
"gid://shopify/Product/8490985947325","Embroidered Spooky Season Long Sleeve Round Neck Sweatshirt","https://cdn.shopify.com/s/files/1/0778/3278/2013/files/0ae255333f41430180667186a13a179d-Max-Origin.webp?v=1788833564","0ae255333f41430180667186a13a179d-Max-Origin","good"
"gid://shopify/Product/8490985947325","Embroidered Spooky Season Long Sleeve Round Neck Sweatshirt","https://cdn.shopify.com/s/files/1/0778/3278/2013/files/2753b0b5dc884f658916d848ab96f0ee-Max-Origin.webp?v=1788833564","2753b0b5dc884f658916d848ab96f0ee-Max-Origin","good"
"gid://shopify/Product/8490985947325","Embroidered Spooky Season Long Sleeve Round Neck Sweatshirt","https://cdn.shopify.com/s/files/1/0778/3278/2013/files/ca5252be321d464892d43c3968a66b24-Max-Origin.webp?v=1788833564","ca5252be321d464892d43c3968a66b24-Max-Origin","good"
"gid://shopify/Product/8490985947325","Embroidered Spooky Season Long Sleeve Round Neck Sweatshirt","https://cdn.shopify.com/s/files/1/0778/3278/2013/files/0431d4e7340e4af789634e6d77a1c367-Max-Origin.webp?v=1788833564","0431d4e7340e4af789634e6d77a1c367-Max-Origin","good"
"gid://shopify/Product/8490985947325","Embroidered Spooky Season Long Sleeve Round Neck Sweatshirt","https://cdn.shopify.com/s/files/1/0778/3278/2013/files/ab1eaf74f60d4fbead6d167fe1ed85a3-Max-Origin.webp?v=1788833564","ab1eaf74f60d4fbead6d167fe1ed85a3-Max-Origin","good"
"gid://shopify/Product/8490985947325","Embroidered Spooky Season Long Sleeve Round Neck Sweatshirt","https://cdn.shopify.com/s/files/1/0778/3278/2013/files/8a816fcac15f4f929456e0404885bbf3-Max-Origin.webp?v=1788833564","8a816fcac15f4f929456e0404885bbf3-Max-Origin","good"
"gid://shopify/Product/8490985947325","Embroidered Spooky Season Long Sleeve Round Neck Sweatshirt","https://cdn.shopify.com/s/files/1/0778/3278/2013/files/e62c484b788640c9b422a6e44ec7e7f9-Max-Origin.webp?v=1788833564","e62c484b788640c9b422a6e44ec7e7f9-Max-Origin","good"
"gid://shopify/Product/8490985947325","Embroidered Spooky Season Long Sleeve Round Neck Sweatshirt","https://cdn.shopify.com/s/files/1/0778/3278/2013/files/7d2238f9a18c40f694cb2b5c29e246f3-Max-Origin.webp?v=1788833564","7d2238f9a18c40f694cb2b5c29e246f3-Max-Origin","good"
"gid://shopify/Product/8490986012861","Full Size Spooky Sequin Letter Patched Cotton Blend T Shirt Plus Size","https://cdn.shopify.com/s/files/1/0778/3278/2013/files/275b74be-269e-4a73-ac4b-c0cae04cca1d-Max-Origin.webp?v=1788833575","275b74be-269e-4a73-ac4b-c0cae04cca1d-Max-Origin","good"
"gid://shopify/Product/8490986012861","Full Size Spooky Sequin Letter Patched Cotton Blend T Shirt Plus Size","https://cdn.shopify.com/s/files/1/0778/3278/2013/files/402aaa2e-492e-4dd0-8d78-3c4f12727d7c-Max-Origin.webp?v=1788833574","402aaa2e-492e-4dd0-8d78-3c4f12727d7c-Max-Origin","good"
"gid://shopify/Product/8490986012861","Full Size Spooky Sequin Letter Patched Cotton Blend T Shirt Plus Size","https://cdn.shopify.com/s/files/1/0778/3278/2013/files/34628099-40dd-4920-ab1a-43b3c50b4db7-Max-Origin.webp?v=1788833574","34628099-40dd-4920-ab1a-43b3c50b4db7-Max-Origin","good"
"gid://shopify/Product/8490986012861","Full Size Spooky Sequin Letter Patched Cotton Blend T Shirt Plus Size","https://cdn.shopify.com/s/files/1/0778/3278/2013/files/56962031-7183-43f1-801b-f61639a64080-Max-Origin.webp?v=1788833574","56962031-7183-43f1-801b-f61639a64080-Max-Origin","good"
"gid://shopify/Product/8490986012861","Full Size Spooky Sequin Letter Patched Cotton Blend T Shirt Plus Size","https://cdn.shopify.com/s/files/1/0778/3278/2013/files/48d9fc70-fd14-44bb-8f8c-f3466bfb3ad5-Max-Origin.webp?v=1788833574","48d9fc70-fd14-44bb-8f8c-f3466bfb3ad5-Max-Origin","good"
"gid://shopify/Product/8490986012861","Full Size Spooky Sequin Letter Patched Cotton Blend T Shirt Plus Size","https://cdn.shopify.com/s/files/1/0778/3278/2013/files/1ecd688c-63bb-42bf-b358-e2a11a5a0de9-Max-Origin.webp?v=1788833574","1ecd688c-63bb-42bf-b358-e2a11a5a0de9-Max-Origin","good"
"gid://shopify/Product/8490986012861","Full Size Spooky Sequin Letter Patched Cotton Blend T Shirt Plus Size","https://cdn.shopify.com/s/files/1/0778/3278/2013/files/563f38a6-0b9d-4c83-9872-301a3b322e7e-Max-Origin.webp?v=1788833574","563f38a6-0b9d-4c83-9872-301a3b322e7e-Max-Origin","good"
"gid://shopify/Product/8490986012861","Full Size Spooky Sequin Letter Patched Cotton Blend T Shirt Plus Size","https://cdn.shopify.com/s/files/1/0778/3278/2013/files/8bc85a61-e214-4d1c-b7ef-fc8ce0d5a59f-Max-Origin.webp?v=1788833574","8bc85a61-e214-4d1c-b7ef-fc8ce0d5a59f-Max-Origin","good"
"gid://shopify/Product/8490986078397","Corded Ribbed Farm Fresh Pumpkins Graphic Sweatshirt","https://cdn.shopify.com/s/files/1/0778/3278/2013/files/467d0aaf-7db6-4a66-ae46-f041e2544770-Max-Origin.webp?v=1788833585","467d0aaf-7db6-4a66-ae46-f041e2544770-Max-Origin","good"
"gid://shopify/Product/8490986078397","Corded Ribbed Farm Fresh Pumpkins Graphic Sweatshirt","https://cdn.shopify.com/s/files/1/0778/3278/2013/files/8669f849-19d2-4cf8-b272-08b38bb92d1a-Max-Origin.webp?v=1788833585","8669f849-19d2-4cf8-b272-08b38bb92d1a-Max-Origin","good"
"gid://shopify/Product/8490986078397","Corded Ribbed Farm Fresh Pumpkins Graphic Sweatshirt","https://cdn.shopify.com/s/files/1/0778/3278/2013/files/b25c4128-aea9-4667-9f13-108afcf05898-Max-Origin.webp?v=1788833585","b25c4128-aea9-4667-9f13-108afcf05898-Max-Origin","good"
"gid://shopify/Product/8490986078397","Corded Ribbed Farm Fresh Pumpkins Graphic Sweatshirt","https://cdn.shopify.com/s/files/1/0778/3278/2013/files/a1bf67be-e4b4-444e-b51c-2638ef6bfaf5-Max-Origin.webp?v=1788833585","a1bf67be-e4b4-444e-b51c-2638ef6bfaf5-Max-Origin","good"
"gid://shopify/Product/8490986078397","Corded Ribbed Farm Fresh Pumpkins Graphic Sweatshirt","https://cdn.shopify.com/s/files/1/0778/3278/2013/files/6cdd6e9d-1ab5-44b3-877a-6a388809e489-Max-Origin.webp?v=1788833585","6cdd6e9d-1ab5-44b3-877a-6a388809e489-Max-Origin","good"
"gid://shopify/Product/8490986078397","Corded Ribbed Farm Fresh Pumpkins Graphic Sweatshirt","https://cdn.shopify.com/s/files/1/0778/3278/2013/files/3b323261-a438-4f56-9d32-9792a7c1c1d1-Max-Origin.webp?v=1788833585","3b323261-a438-4f56-9d32-9792a7c1c1d1-Max-Origin","good"
"gid://shopify/Product/8490986111165","Elegant 3D Lace Trim High‑Waist A‑Line Midi Skirt","https://cdn.shopify.com/s/files/1/0778/3278/2013/files/b8a7ffc85ac84cb19c3871c3b44babdb-Max-Origin.webp?v=1788833595","b8a7ffc85ac84cb19c3871c3b44babdb-Max-Origin","good"
"gid://shopify/Product/8490986111165","Elegant 3D Lace Trim High‑Waist A‑Line Midi Skirt","https://cdn.shopify.com/s/files/1/0778/3278/2013/files/99e190f7e41a41dc804eb818a182dfd7-Max-Origin.webp?v=1788833595","99e190f7e41a41dc804eb818a182dfd7-Max-Origin","good"
"gid://shopify/Product/8490986111165","Elegant 3D Lace Trim High‑Waist A‑Line Midi Skirt","https://cdn.shopify.com/s/files/1/0778/3278/2013/files/0205755a942b4157bb88adcf47244c12-Max-Origin.webp?v=1788833595","0205755a942b4157bb88adcf47244c12-Max-Origin","good"
"gid://shopify/Product/8490986111165","Elegant 3D Lace Trim High‑Waist A‑Line Midi Skirt","https://cdn.shopify.com/s/files/1/0778/3278/2013/files/1dea0a31235c4dd5a93078ff8543405b-Max-Origin.webp?v=1788833595","1dea0a31235c4dd5a93078ff8543405b-Max-Origin","good"
"gid://shopify/Product/8490986111165","Elegant 3D Lace Trim High‑Waist A‑Line Midi Skirt","https://cdn.shopify.com/s/files/1/0778/3278/2013/files/d25d86507f6d43c88c9d1083c0f13e16-Max-Origin.webp?v=1788833595","d25d86507f6d43c88c9d1083c0f13e16-Max-Origin","good"
"gid://shopify/Product/8490986111165","Elegant 3D Lace Trim High‑Waist A‑Line Midi Skirt","https://cdn.shopify.com/s/files/1/0778/3278/2013/files/bcdf96dcf79246ca862ea52ee4583449-Max-Origin.webp?v=1788833595","bcdf96dcf79246ca862ea52ee4583449-Max-Origin","good"
"gid://shopify/Product/8490986111165","Elegant 3D Lace Trim High‑Waist A‑Line Midi Skirt","https://cdn.shopify.com/s/files/1/0778/3278/2013/files/7c87d9e752394ffbae65e3072c03f48c-Max-Origin.webp?v=1788833595","7c87d9e752394ffbae65e3072c03f48c-Max-Origin","good"
"gid://shopify/Product/8490986111165","Elegant 3D Lace Trim High‑Waist A‑Line Midi Skirt","https://cdn.shopify.com/s/files/1/0778/3278/2013/files/71346b3202ea4753af72cffdd328bbcc-Max-Origin.webp?v=1788833595","71346b3202ea4753af72cffdd328bbcc-Max-Origin","good"
"gid://shopify/Product/8490986143933","Full Size Halloween Sequin Ghost Print Short Sleeve Casual T-Shirt Plus Size","https://cdn.shopify.com/s/files/1/0778/3278/2013/files/221ced05-659d-482e-9fc2-6fabcc2f32f7-Max-Origin.webp?v=1788833605","221ced05-659d-482e-9fc2-6fabcc2f32f7-Max-Origin","good"
"gid://shopify/Product/8490986143933","Full Size Halloween Sequin Ghost Print Short Sleeve Casual T-Shirt Plus Size","https://cdn.shopify.com/s/files/1/0778/3278/2013/files/18b68c12-8883-4bfe-9df2-0645db09d747-Max-Origin.webp?v=1788833605","18b68c12-8883-4bfe-9df2-0645db09d747-Max-Origin","good"
"gid://shopify/Product/8490986143933","Full Size Halloween Sequin Ghost Print Short Sleeve Casual T-Shirt Plus Size","https://cdn.shopify.com/s/files/1/0778/3278/2013/files/afc8e98b-20fb-46f5-af75-b7fa6f64fc75-Max-Origin.webp?v=1788833605","afc8e98b-20fb-46f5-af75-b7fa6f64fc75-Max-Origin","good"
"gid://shopify/Product/8490986143933","Full Size Halloween Sequin Ghost Print Short Sleeve Casual T-Shirt Plus Size","https://cdn.shopify.com/s/files/1/0778/3278/2013/files/8261cac8-83ba-4427-8b6a-dc212377fe5c-Max-Origin.webp?v=1788833605","8261cac8-83ba-4427-8b6a-dc212377fe5c-Max-Origin","good"
"gid://shopify/Product/8490986143933","Full Size Halloween Sequin Ghost Print Short Sleeve Casual T-Shirt Plus Size","https://cdn.shopify.com/s/files/1/0778/3278/2013/files/4e94a4d9-182e-41aa-9aec-482bb05e6b01-Max-Origin.webp?v=1788833604","4e94a4d9-182e-41aa-9aec-482bb05e6b01-Max-Origin","good"
"gid://shopify/Product/8490986143933","Full Size Halloween Sequin Ghost Print Short Sleeve Casual T-Shirt Plus Size","https://cdn.shopify.com/s/files/1/0778/3278/2013/files/a6a39571-b309-4bd7-bac1-b028d0acc9f6-Max-Origin.webp?v=1788833604","a6a39571-b309-4bd7-bac1-b028d0acc9f6-Max-Origin","good"
"gid://shopify/Product/8490986143933","Full Size Halloween Sequin Ghost Print Short Sleeve Casual T-Shirt Plus Size","https://cdn.shopify.com/s/files/1/0778/3278/2013/files/cf70c6fd-7569-4ca0-9ea0-60784bd1cc25-Max-Origin.webp?v=1788833604","cf70c6fd-7569-4ca0-9ea0-60784bd1cc25-Max-Origin","good"
"gid://shopify/Product/8490986176701","Gothic Multi-Layered Beaded Necklace","https://cdn.shopify.com/s/files/1/0778/3278/2013/files/707ec14f-2a42-4c05-9f76-5d525aca45f1-Max-Origin.webp?v=1788833615","707ec14f-2a42-4c05-9f76-5d525aca45f1-Max-Origin","good"
"gid://shopify/Product/8490986176701","Gothic Multi-Layered Beaded Necklace","https://cdn.shopify.com/s/files/1/0778/3278/2013/files/86e2c80a-2616-435b-abf8-848b02a0a722-Max-Origin.webp?v=1788833615","86e2c80a-2616-435b-abf8-848b02a0a722-Max-Origin","good"
"gid://shopify/Product/8490986176701","Gothic Multi-Layered Beaded Necklace","https://cdn.shopify.com/s/files/1/0778/3278/2013/files/68ce65e9-305c-4c49-b081-0f73b4fda1c1-Max-Origin.webp?v=1788833615","68ce65e9-305c-4c49-b081-0f73b4fda1c1-Max-Origin","good"
"gid://shopify/Product/8490986176701","Gothic Multi-Layered Beaded Necklace","https://cdn.shopify.com/s/files/1/0778/3278/2013/files/633d8d51-7f21-46b2-8129-493d1e1d2a4d-Max-Origin.webp?v=1788833615","633d8d51-7f21-46b2-8129-493d1e1d2a4d-Max-Origin","good"
"gid://shopify/Product/8490986176701","Gothic Multi-Layered Beaded Necklace","https://cdn.shopify.com/s/files/1/0778/3278/2013/files/e13f97d9-2c1e-4648-a942-d0e88a65f6ff-Max-Origin.webp?v=1788833615","e13f97d9-2c1e-4648-a942-d0e88a65f6ff-Max-Origin","good"
"gid://shopify/Product/8490986176701","Gothic Multi-Layered Beaded Necklace","https://cdn.shopify.com/s/files/1/0778/3278/2013/files/66c15100-928d-41cf-924d-6a9728a5de1f-Max-Origin.webp?v=1788833616","66c15100-928d-41cf-924d-6a9728a5de1f-Max-Origin","good"
"gid://shopify/Product/8490986176701","Gothic Multi-Layered Beaded Necklace","https://cdn.shopify.com/s/files/1/0778/3278/2013/files/be4d0a84-0d79-461e-bec4-49d25e50cf62-Max-Origin.webp?v=1788833617","be4d0a84-0d79-461e-bec4-49d25e50cf62-Max-Origin","good"
"gid://shopify/Product/8490986176701","Gothic Multi-Layered Beaded Necklace","https://cdn.shopify.com/s/files/1/0778/3278/2013/files/3cabab4a-1351-46c2-84ef-f122afcc7956-Max-Origin.webp?v=1788833615","3cabab4a-1351-46c2-84ef-f122afcc7956-Max-Origin","good"
"gid://shopify/Product/8490986176701","Gothic Multi-Layered Beaded Necklace","https://cdn.shopify.com/s/files/1/0778/3278/2013/files/4726b41d-85e8-4edb-975b-d7615f494252-Max-Origin.webp?v=1788833615","4726b41d-85e8-4edb-975b-d7615f494252-Max-Origin","good"
"gid://shopify/Product/8490986176701","Gothic Multi-Layered Beaded Necklace","https://cdn.shopify.com/s/files/1/0778/3278/2013/files/dc595d3d-fc38-4513-9d6f-0a1c678820bf-Max-Origin.webp?v=1788833615","dc595d3d-fc38-4513-9d6f-0a1c678820bf-Max-Origin","good"
"gid://shopify/Product/8490986176701","Gothic Multi-Layered Beaded Necklace","https://cdn.shopify.com/s/files/1/0778/3278/2013/files/e4dc4844-04a3-4697-a6d1-bfced78b5a8a-Max-Origin.webp?v=1788833615","e4dc4844-04a3-4697-a6d1-bfced78b5a8a-Max-Origin","good"
"gid://shopify/Product/8490986176701","Gothic Multi-Layered Beaded Necklace","https://cdn.shopify.com/s/files/1/0778/3278/2013/files/8653f8d3-ac48-4962-8a0b-e6304f0084ff-Max-Origin.webp?v=1788833615","8653f8d3-ac48-4962-8a0b-e6304f0084ff-Max-Origin","good"
"gid://shopify/Product/8490986176701","Gothic Multi-Layered Beaded Necklace","https://cdn.shopify.com/s/files/1/0778/3278/2013/files/c02fc13e-7fcc-4968-a533-766c1657b40c-Max-Origin.webp?v=1788833616","c02fc13e-7fcc-4968-a533-766c1657b40c-Max-Origin","good"
"gid://shopify/Product/8490986176701","Gothic Multi-Layered Beaded Necklace","https://cdn.shopify.com/s/files/1/0778/3278/2013/files/378d09e1-32ea-479e-aa52-f764c6822eef-Max-Origin.webp?v=1788833615","378d09e1-32ea-479e-aa52-f764c6822eef-Max-Origin","good"
"gid://shopify/Product/8490986275005","Sequin High Slit Sleeveless Maxi Dress","https://cdn.shopify.com/s/files/1/0778/3278/2013/files/856949f0-ae64-4e4d-b02f-2311319b1b20-Max-Origin.webp?v=1788833625","856949f0-ae64-4e4d-b02f-2311319b1b20-Max-Origin","good"
"gid://shopify/Product/8490986275005","Sequin High Slit Sleeveless Maxi Dress","https://cdn.shopify.com/s/files/1/0778/3278/2013/files/9a00597a-e675-4cfd-ba82-b790206b0288-Max-Origin.webp?v=1788833625","9a00597a-e675-4cfd-ba82-b790206b0288-Max-Origin","good"
"gid://shopify/Product/8490986275005","Sequin High Slit Sleeveless Maxi Dress","https://cdn.shopify.com/s/files/1/0778/3278/2013/files/9ad6b3ad-c710-4a6f-9bad-101f1f38e2a2-Max-Origin.webp?v=1788833625","9ad6b3ad-c710-4a6f-9bad-101f1f38e2a2-Max-Origin","good"
"gid://shopify/Product/8490986275005","Sequin High Slit Sleeveless Maxi Dress","https://cdn.shopify.com/s/files/1/0778/3278/2013/files/1bc1088e-5d78-4bba-81a9-607d4c0287af-Max-Origin.webp?v=1788833626","1bc1088e-5d78-4bba-81a9-607d4c0287af-Max-Origin","good"
"gid://shopify/Product/8490986275005","Sequin High Slit Sleeveless Maxi Dress","https://cdn.shopify.com/s/files/1/0778/3278/2013/files/a386462798ef4d8aa8256c3d30e69042-Max-Origin.webp?v=1788833625","a386462798ef4d8aa8256c3d30e69042-Max-Origin","good"
"gid://shopify/Product/8490986275005","Sequin High Slit Sleeveless Maxi Dress","https://cdn.shopify.com/s/files/1/0778/3278/2013/files/8d3fb990f184465dbcfd3a2f727767a6-Max-Origin.webp?v=1788833625","8d3fb990f184465dbcfd3a2f727767a6-Max-Origin","good"
"gid://shopify/Product/8490986275005","Sequin High Slit Sleeveless Maxi Dress","https://cdn.shopify.com/s/files/1/0778/3278/2013/files/2d82524744424fcca1196e9d43feb12f-Max-Origin.webp?v=1788833625","2d82524744424fcca1196e9d43feb12f-Max-Origin","good"
"gid://shopify/Product/8490986275005","Sequin High Slit Sleeveless Maxi Dress","https://cdn.shopify.com/s/files/1/0778/3278/2013/files/8c0e2982ef5148bbab013e6de8893d71-Max-Origin.webp?v=1788833625","8c0e2982ef5148bbab013e6de8893d71-Max-Origin","good"
"gid://shopify/Product/8490986471613","Halloween Ghost Pattern Checkerboard Sweater","https://cdn.shopify.com/s/files/1/0778/3278/2013/files/21a642be-8574-4ff5-bfa9-9216cff707fa-Max-Origin.webp?v=1788833635","21a642be-8574-4ff5-bfa9-9216cff707fa-Max-Origin","good"
"gid://shopify/Product/8490986471613","Halloween Ghost Pattern Checkerboard Sweater","https://cdn.shopify.com/s/files/1/0778/3278/2013/files/6394af0f-c07e-4b14-915d-6b590631d573-Max-Origin.webp?v=1788833635","6394af0f-c07e-4b14-915d-6b590631d573-Max-Origin","good"
"gid://shopify/Product/8490986471613","Halloween Ghost Pattern Checkerboard Sweater","https://cdn.shopify.com/s/files/1/0778/3278/2013/files/b51a1bab-d915-4fbb-8474-482caf5f528a-Max-Origin.webp?v=1788833635","b51a1bab-d915-4fbb-8474-482caf5f528a-Max-Origin","good"
"gid://shopify/Product/8490986471613","Halloween Ghost Pattern Checkerboard Sweater","https://cdn.shopify.com/s/files/1/0778/3278/2013/files/754675a6-2b2d-46ec-b7c0-14774da5de54-Max-Origin.webp?v=1788833635","754675a6-2b2d-46ec-b7c0-14774da5de54-Max-Origin","good"
"gid://shopify/Product/8490986471613","Halloween Ghost Pattern Checkerboard Sweater","https://cdn.shopify.com/s/files/1/0778/3278/2013/files/34846f6f-a35d-40ae-b0db-62f42e17f006-Max-Origin.webp?v=1788833635","34846f6f-a35d-40ae-b0db-62f42e17f006-Max-Origin","good"
"gid://shopify/Product/8490986471613","Halloween Ghost Pattern Checkerboard Sweater","https://cdn.shopify.com/s/files/1/0778/3278/2013/files/62cbc479-d1a5-4d98-a282-a7547c5aa994-Max-Origin.webp?v=1788833635","62cbc479-d1a5-4d98-a282-a7547c5aa994-Max-Origin","good"
"gid://shopify/Product/8490986471613","Halloween Ghost Pattern Checkerboard Sweater","https://cdn.shopify.com/s/files/1/0778/3278/2013/files/2f724de0-845e-439d-9bb3-665cdd5c8854-Max-Origin.webp?v=1788833635","2f724de0-845e-439d-9bb3-665cdd5c8854-Max-Origin","good"
"gid://shopify/Product/8490986471613","Halloween Ghost Pattern Checkerboard Sweater","https://cdn.shopify.com/s/files/1/0778/3278/2013/files/1319b386-9a21-40ab-ba7e-3081dcd4d208-Max-Origin.webp?v=1788833635","1319b386-9a21-40ab-ba7e-3081dcd4d208-Max-Origin","good"
"gid://shopify/Product/8490986471613","Halloween Ghost Pattern Checkerboard Sweater","https://cdn.shopify.com/s/files/1/0778/3278/2013/files/9ac4985f-b2f3-42cc-827e-06d36bb33011-Max-Origin.webp?v=1788833636","9ac4985f-b2f3-42cc-827e-06d36bb33011-Max-Origin","good"
"gid://shopify/Product/8490986471613","Halloween Ghost Pattern Checkerboard Sweater","https://cdn.shopify.com/s/files/1/0778/3278/2013/files/3ba35e7b-0b6d-4645-855d-dc471606b536-Max-Origin.webp?v=1788833636","3ba35e7b-0b6d-4645-855d-dc471606b536-Max-Origin","good"
"gid://shopify/Product/8490986471613","Halloween Ghost Pattern Checkerboard Sweater","https://cdn.shopify.com/s/files/1/0778/3278/2013/files/6f408c64-7d52-4857-8a08-7c0c1bed0a76-Max-Origin.webp?v=1788833635","6f408c64-7d52-4857-8a08-7c0c1bed0a76-Max-Origin","good"
"gid://shopify/Product/8490986471613","Halloween Ghost Pattern Checkerboard Sweater","https://cdn.shopify.com/s/files/1/0778/3278/2013/files/3e59f230-e604-4cfc-b9db-645fa93dbba6-Max-Origin.webp?v=1788833635","3e59f230-e604-4cfc-b9db-645fa93dbba6-Max-Origin","good"
"gid://shopify/Product/8490986471613","Halloween Ghost Pattern Checkerboard Sweater","https://cdn.shopify.com/s/files/1/0778/3278/2013/files/a1b6be3e-9bda-4c6a-833c-e536444e5962-Max-Origin.webp?v=1788833636","a1b6be3e-9bda-4c6a-833c-e536444e5962-Max-Origin","good"
"gid://shopify/Product/8490986471613","Halloween Ghost Pattern Checkerboard Sweater","https://cdn.shopify.com/s/files/1/0778/3278/2013/files/c59cd7c5-580c-4ff0-95a0-b20c6aa35112-Max-Origin.webp?v=1788833636","c59cd7c5-580c-4ff0-95a0-b20c6aa35112-Max-Origin","good"
"gid://shopify/Product/8490986668221","Lace-Trimmed Keyhole Long Sleeve T-Shirt","https://cdn.shopify.com/s/files/1/0778/3278/2013/files/857a806b-37fa-4940-95e8-372d10bb2935-Max-Origin.webp?v=1788833645","857a806b-37fa-4940-95e8-372d10bb2935-Max-Origin","good"
"gid://shopify/Product/8490986668221","Lace-Trimmed Keyhole Long Sleeve T-Shirt","https://cdn.shopify.com/s/files/1/0778/3278/2013/files/200d320a-6fa2-421c-9619-145da63262b3-Max-Origin.webp?v=1788833646","200d320a-6fa2-421c-9619-145da63262b3-Max-Origin","good"
"gid://shopify/Product/8490986668221","Lace-Trimmed Keyhole Long Sleeve T-Shirt","https://cdn.shopify.com/s/files/1/0778/3278/2013/files/88f23691-9e5f-4274-9093-a5eb62e57ccf-Max-Origin.webp?v=1788833646","88f23691-9e5f-4274-9093-a5eb62e57ccf-Max-Origin","good"
"gid://shopify/Product/8490986668221","Lace-Trimmed Keyhole Long Sleeve T-Shirt","https://cdn.shopify.com/s/files/1/0778/3278/2013/files/63d34653-bc89-42f6-8e3e-53152f01f33a-Max-Origin.webp?v=1788833646","63d34653-bc89-42f6-8e3e-53152f01f33a-Max-Origin","good"
"gid://shopify/Product/8490986668221","Lace-Trimmed Keyhole Long Sleeve T-Shirt","https://cdn.shopify.com/s/files/1/0778/3278/2013/files/c22c8c3d-b4ad-42bb-96af-5b2830251265-Max-Origin.webp?v=1788833646","c22c8c3d-b4ad-42bb-96af-5b2830251265-Max-Origin","good"
"gid://shopify/Product/8490986668221","Lace-Trimmed Keyhole Long Sleeve T-Shirt","https://cdn.shopify.com/s/files/1/0778/3278/2013/files/d7edef4b-54f6-4d91-819a-8ec85d19e8b7-Max-Origin.webp?v=1788833646","d7edef4b-54f6-4d91-819a-8ec85d19e8b7-Max-Origin","good"
"gid://shopify/Product/8490986668221","Lace-Trimmed Keyhole Long Sleeve T-Shirt","https://cdn.shopify.com/s/files/1/0778/3278/2013/files/687b2296-5911-4bab-9498-9de705525f03-Max-Origin.webp?v=1788833645","687b2296-5911-4bab-9498-9de705525f03-Max-Origin","good"
"gid://shopify/Product/8490986668221","Lace-Trimmed Keyhole Long Sleeve T-Shirt","https://cdn.shopify.com/s/files/1/0778/3278/2013/files/f056200f-6d18-415b-8af6-b975cadca492-Max-Origin.webp?v=1788833646","f056200f-6d18-415b-8af6-b975cadca492-Max-Origin","good"
"gid://shopify/Product/8490986668221","Lace-Trimmed Keyhole Long Sleeve T-Shirt","https://cdn.shopify.com/s/files/1/0778/3278/2013/files/6e059155-cbd6-496d-838f-57565644fb5a-Max-Origin.webp?v=1788833646","6e059155-cbd6-496d-838f-57565644fb5a-Max-Origin","good"
"gid://shopify/Product/8490986668221","Lace-Trimmed Keyhole Long Sleeve T-Shirt","https://cdn.shopify.com/s/files/1/0778/3278/2013/files/f809ef0d-f9e5-4d91-8a29-08ffd4fd8035-Max-Origin.webp?v=1788833646","f809ef0d-f9e5-4d91-8a29-08ffd4fd8035-Max-Origin","good"
"gid://shopify/Product/8490986766525","Patchwork Plaid Pumpkin Face Long Sleeve Top","https://cdn.shopify.com/s/files/1/0778/3278/2013/files/865ceb1a-c57c-4dfe-861b-7f4d0bf2cc3b-Max-Origin.webp?v=1788833656","865ceb1a-c57c-4dfe-861b-7f4d0bf2cc3b-Max-Origin","good"
"gid://shopify/Product/8490986766525","Patchwork Plaid Pumpkin Face Long Sleeve Top","https://cdn.shopify.com/s/files/1/0778/3278/2013/files/6bd00c6f-b762-4daf-bcb8-33d59280057a-Max-Origin.webp?v=1788833656","6bd00c6f-b762-4daf-bcb8-33d59280057a-Max-Origin","good"
"gid://shopify/Product/8490986766525","Patchwork Plaid Pumpkin Face Long Sleeve Top","https://cdn.shopify.com/s/files/1/0778/3278/2013/files/465ecfef-bfbf-4fb0-b747-241b8d34fef6-Max-Origin.webp?v=1788833656","465ecfef-bfbf-4fb0-b747-241b8d34fef6-Max-Origin","good"
"gid://shopify/Product/8490986766525","Patchwork Plaid Pumpkin Face Long Sleeve Top","https://cdn.shopify.com/s/files/1/0778/3278/2013/files/dfbf54b5-9b89-4279-aa62-9568bba50a0f-Max-Origin.webp?v=1788833656","dfbf54b5-9b89-4279-aa62-9568bba50a0f-Max-Origin","good"
"gid://shopify/Product/8490986766525","Patchwork Plaid Pumpkin Face Long Sleeve Top","https://cdn.shopify.com/s/files/1/0778/3278/2013/files/a243160a1a97445d92f08324ee2c46d6-Max-Origin.webp?v=1788833656","a243160a1a97445d92f08324ee2c46d6-Max-Origin","good"
"gid://shopify/Product/8490986766525","Patchwork Plaid Pumpkin Face Long Sleeve Top","https://cdn.shopify.com/s/files/1/0778/3278/2013/files/079fc41f3b124a188c75a26055f582d3-Max-Origin.webp?v=1788833656","079fc41f3b124a188c75a26055f582d3-Max-Origin","good"
"gid://shopify/Product/8490986766525","Patchwork Plaid Pumpkin Face Long Sleeve Top","https://cdn.shopify.com/s/files/1/0778/3278/2013/files/3e66a30142984872aabed2497a88b7f4-Max-Origin.webp?v=1788833656","3e66a30142984872aabed2497a88b7f4-Max-Origin","good"
"gid://shopify/Product/8490986766525","Patchwork Plaid Pumpkin Face Long Sleeve Top","https://cdn.shopify.com/s/files/1/0778/3278/2013/files/92f5cd9fcfd24b0dac4462c1b6f4b498-Max-Origin.webp?v=1788833656","92f5cd9fcfd24b0dac4462c1b6f4b498-Max-Origin","good"
"gid://shopify/Product/8490986766525","Patchwork Plaid Pumpkin Face Long Sleeve Top","https://cdn.shopify.com/s/files/1/0778/3278/2013/files/79ad639849d64aeb934c0693c88bf935-Max-Origin.webp?v=1788833656","79ad639849d64aeb934c0693c88bf935-Max-Origin","good"
"gid://shopify/Product/8490986766525","Patchwork Plaid Pumpkin Face Long Sleeve Top","https://cdn.shopify.com/s/files/1/0778/3278/2013/files/1f28678957bf4f58b1b58763ee2522bf-Max-Origin.webp?v=1788833656","1f28678957bf4f58b1b58763ee2522bf-Max-Origin","good"
"gid://shopify/Product/8490986799293","Rhinestone Pumpkin Long Sleeve Sweatshirt","https://cdn.shopify.com/s/files/1/0778/3278/2013/files/e4abe19a-fa6f-474c-9d99-9bd9a26461aa-Max-Origin.webp?v=1788833666","e4abe19a-fa6f-474c-9d99-9bd9a26461aa-Max-Origin","good"
"gid://shopify/Product/8490986799293","Rhinestone Pumpkin Long Sleeve Sweatshirt","https://cdn.shopify.com/s/files/1/0778/3278/2013/files/f1421553-fd7d-4e69-8ecd-b85ab7c43d3c-Max-Origin.webp?v=1788833666","f1421553-fd7d-4e69-8ecd-b85ab7c43d3c-Max-Origin","good"
"gid://shopify/Product/8490986799293","Rhinestone Pumpkin Long Sleeve Sweatshirt","https://cdn.shopify.com/s/files/1/0778/3278/2013/files/7c278a86-d7a4-452e-a3fc-2c6cb87ba614-Max-Origin.webp?v=1788833666","7c278a86-d7a4-452e-a3fc-2c6cb87ba614-Max-Origin","good"
"gid://shopify/Product/8490986799293","Rhinestone Pumpkin Long Sleeve Sweatshirt","https://cdn.shopify.com/s/files/1/0778/3278/2013/files/1e6f0c5b-742b-4b27-a37e-1673993f87b1-Max-Origin.webp?v=1788833666","1e6f0c5b-742b-4b27-a37e-1673993f87b1-Max-Origin","good"
"gid://shopify/Product/8490986799293","Rhinestone Pumpkin Long Sleeve Sweatshirt","https://cdn.shopify.com/s/files/1/0778/3278/2013/files/a2f2daff-d0ed-49c2-bb3d-0351f2550f6b-Max-Origin.webp?v=1788833666","a2f2daff-d0ed-49c2-bb3d-0351f2550f6b-Max-Origin","good"
"gid://shopify/Product/8490986832061","Elegant Lace Long Sleeve Mini Dress","https://cdn.shopify.com/s/files/1/0778/3278/2013/files/7c99dd3d-67bc-454c-a37b-284c88b2628e-Max-Origin.webp?v=1788833681","7c99dd3d-67bc-454c-a37b-284c88b2628e-Max-Origin","good"
"gid://shopify/Product/8490986832061","Elegant Lace Long Sleeve Mini Dress","https://cdn.shopify.com/s/files/1/0778/3278/2013/files/75141647-5e40-438d-9fb0-769d11df99d5-Max-Origin.webp?v=1788833681","75141647-5e40-438d-9fb0-769d11df99d5-Max-Origin","good"
"gid://shopify/Product/8490986832061","Elegant Lace Long Sleeve Mini Dress","https://cdn.shopify.com/s/files/1/0778/3278/2013/files/fdf76528-3b87-4015-9fe9-2e8b7614cc5a-Max-Origin.webp?v=1788833681","fdf76528-3b87-4015-9fe9-2e8b7614cc5a-Max-Origin","good"
"gid://shopify/Product/8490986832061","Elegant Lace Long Sleeve Mini Dress","https://cdn.shopify.com/s/files/1/0778/3278/2013/files/682d6bd6-381c-4829-baff-0b1b295da46b-Max-Origin.webp?v=1788833681","682d6bd6-381c-4829-baff-0b1b295da46b-Max-Origin","good"
"gid://shopify/Product/8490986832061","Elegant Lace Long Sleeve Mini Dress","https://cdn.shopify.com/s/files/1/0778/3278/2013/files/5f55cdb4-326f-43e4-a97a-354d43258a71-Max-Origin.webp?v=1788833681","5f55cdb4-326f-43e4-a97a-354d43258a71-Max-Origin","good"
"gid://shopify/Product/8490986832061","Elegant Lace Long Sleeve Mini Dress","https://cdn.shopify.com/s/files/1/0778/3278/2013/files/40a95ae7a38440179a1a26033a4e1ea9-Max-Origin.webp?v=1788833681","40a95ae7a38440179a1a26033a4e1ea9-Max-Origin","good"
"gid://shopify/Product/8490986832061","Elegant Lace Long Sleeve Mini Dress","https://cdn.shopify.com/s/files/1/0778/3278/2013/files/def80fd8df314b3db508b59187ed95e3-Max-Origin.webp?v=1788833681","def80fd8df314b3db508b59187ed95e3-Max-Origin","good"
"gid://shopify/Product/8490986832061","Elegant Lace Long Sleeve Mini Dress","https://cdn.shopify.com/s/files/1/0778/3278/2013/files/24ab9422c4e44efe9fe7a482b0de6161-Max-Origin.webp?v=1788833681","24ab9422c4e44efe9fe7a482b0de6161-Max-Origin","good"
"gid://shopify/Product/8490986832061","Elegant Lace Long Sleeve Mini Dress","https://cdn.shopify.com/s/files/1/0778/3278/2013/files/279c3f1ac6f04a858028bfa0c1535e3e-Max-Origin.webp?v=1788833681","279c3f1ac6f04a858028bfa0c1535e3e-Max-Origin","good"
"gid://shopify/Product/8490986832061","Elegant Lace Long Sleeve Mini Dress","https://cdn.shopify.com/s/files/1/0778/3278/2013/files/17900fe5-83dc-4b6d-bae1-bd719cbcc037-Max-Origin.webp?v=1788833681","17900fe5-83dc-4b6d-bae1-bd719cbcc037-Max-Origin","good"
"gid://shopify/Product/8490986832061","Elegant Lace Long Sleeve Mini Dress","https://cdn.shopify.com/s/files/1/0778/3278/2013/files/87c3b177-bb1e-4bcf-bec3-fc5c489f6728-Max-Origin.webp?v=1788833681","87c3b177-bb1e-4bcf-bec3-fc5c489f6728-Max-Origin","good"
"gid://shopify/Product/8490986832061","Elegant Lace Long Sleeve Mini Dress","https://cdn.shopify.com/s/files/1/0778/3278/2013/files/0f52f8cf-2f26-4c51-962f-420055c90865-Max-Origin.webp?v=1788833681","0f52f8cf-2f26-4c51-962f-420055c90865-Max-Origin","good"
