productId,title,productType,handle,currentMetaDescription,suggestedDescription,status,reviewNote
gid://shopify/Product/8379054915773,Hanes Men's Cool Cotton Boxer Briefs Pack | VennixStore,Men's Underwear,hanes-mens-boxer-briefs-cotton-pack,Hanes men's moisture-wicking cotton boxer briefs with no-ride-up fit and Comfort Flex waistband. Multi-pack value. Shop now.,"Hanes Men's Cool Cotton Boxer Briefs Pack | VennixStore features a an easy-to-style with a versatile design, designed for everyday essentials and.",suggested,Dry-run suggestion; verify product claims and approve before deployment.
gid://shopify/Product/8379407204541,Night Reflective Windbreaker Jacket,mens wear,new-size-night-reflective-jackets-double-fabric-windbreaker-hooded-jacket-men-hip-hop-dancer-waterproof-zipper-coats-outwear,"Men's night reflective hooded windbreaker — waterproof, double-layer polyester, sizes M–5XL. Shop now at VennixStore.","Night Reflective Windbreaker Jacket is a mens wear for everyday wardrobes, with a versatile design for casual and seasonal outfits",suggested,Dry-run suggestion; verify product claims and approve before deployment.
gid://shopify/Product/8379407237309,Men's Heavy Cotton Vintage Washed Tee,mens wear,mens-summer-t-shirt-230g-heavy-cotton-vintage-washed-t-shirts-oversized-short-sleeve-loose-streetwear-short-sleeve-tops-tee,230g heavyweight vintage washed oversized cotton tee for men — breathable streetwear style. Shop now at VennixStore.,"Men's Heavy Cotton Vintage Washed Tee is a mens wear for everyday wardrobes, with a versatile design for casual and seasonal outfits",suggested,Dry-run suggestion; verify product claims and approve before deployment.
gid://shopify/Product/8379407270077,Men's Waffle Knit Round Neck T-Shirt,men,mens-new-summer-waffle-round-neck-short-sleeve-t-shirt-comfortable-breathable-short-sleeved-top-for-casual-wear,"Men's breathable waffle knit round neck tee — relaxed fit, perfect for casual summer wear. Shop now at VennixStore.","Men's Waffle Knit Round Neck T-Shirt is a men for everyday wardrobes, with a versatile design for casual and seasonal outfits",suggested,Dry-run suggestion; verify product claims and approve before deployment.
gid://shopify/Product/8379407368381,Men's Elastic Waist Sports Shorts - Comfortable & Stylish for Summer Adventures,Men's Shorts,men-2025-new-summer-beach-new-models-solid-color-fashion-leisure-comfortable-elastic-waist-double-pockets-cool-sports-shorts,"Shop Men's Elastic Waist Sports Shorts - Comfortable & Stylish for Summer Adventures. Discover quality men's shorts designed for everyday style, comfort and eas",Men's Elastic Waist Sports Shorts - Comfortable & Stylish for Summer Adventures features an elastic waist and a coordinated styling design for warm-weather.,suggested,Dry-run suggestion; verify product claims and approve before deployment.
gid://shopify/Product/8379407401149,Men's Linen Wide Leg Pants — Breathable All-Season,Men's Pants,mens-linen-wide-leg-casual-pants-are-loose-fitting-breathable-and-comfortable-suitable-for-all-seasons-and-versatile,"SPECIFICATIONSApplicable Scene: BeachApplicable Season: Spring And AutumnBrand Name: NONECN: GuangdongClosure Type: Drawstring WaistColor: WhiteCraft of Weaving: KnitDetails: DrawstringFabric Elasticity: Non-StretchFeatures: Great quality,BreathableFit Type: regular,LooseHigh-concerned chemical: NoneIdeal for: UnisexLength: Ankle-Length Pants,LongLined For Added Warmth: NoMaterial: POLYESTER,Knitted FabricOccasion: Weekend CasualOrigin: Mainland ChinaPant Style: Cropped PantsPattern Type: PlainPlacket: Lace-upPockets: YesScenes: DailyStyle: Casual,Glamorous - Disco Style,Sports & Outdoor - AthleisureThickness: LightweightType: Casual PantsWaist Line: Low Waist Product description - Vennix","Men's Linen Wide Leg Pants — Breathable All-Season combines a an easy-to-style silhouette with everyday functionality, making it an easy choice for everyday.",suggested,Dry-run suggestion; verify product claims and approve before deployment.
gid://shopify/Product/8379407499453,Men's Ice Silk Mesh Vest Lightweight Sports Summer Wear,men,mens-ice-silk-mesh-vest-lightweight-sports-summer-wear-sleeveless-t-shirt-tank-top-casual-fashion-outerwear,"Stay cool all summer in this breathable ice silk mesh vest lightweight, sleeveless, and built for active wear. Shop now.","Men's Ice Silk Mesh Vest Lightweight Sports Summer Wear is a men for everyday wardrobes, with a versatile design for casual and seasonal outfits",suggested,Dry-run suggestion; verify product claims and approve before deployment.
gid://shopify/Product/8379407564989,Men's Summer Polo Shirt - Elevate Your Casual Look with Breathable Comfort,Men's Polo Shirts,mens-bone-flower-solid-color-polo-shirt-business-casual-short-sleeve-summer-breathable-versatile-top,"Shop Men's Summer Polo Shirt - Elevate Your Casual Look with Breathable Comfort. Discover quality men's polo shirts designed for everyday style, comfort and eas","Men's Summer Polo Shirt - Elevate Your Casual Look with Breathable Comfort features a a practical design with a versatile design, suited to casual outfits.",suggested,Dry-run suggestion; verify product claims and approve before deployment.
gid://shopify/Product/8379407597757,Men's Ice Silk Fast-Dry Stretch Casual Pants,Men's Pants,men-fast-dry-stretch-pants-ice-silk-trousers-solid-color-mid-waist-loose-breathable-straight-leg-casual-pants-thin-sports-pants,"SPECIFICATIONSApplicable Scene: DailyApplicable Season: Four SeasonsBrand Name: NONEClosure Type: Elastic WaistCraft of Weaving: TattingDecoration: PocketsFabric Type: TWILLFit Type: regularFront Style: FlatGender: MenHigh-concerned chemical: NoneItem Type: full lengthLength: Ankle-Length PantsMaterial: POLYESTERModel Number: pantsOrigin: Mainland ChinaPant Style: Harem PantsPlace Of Origin: China (mainland)Style: SportsThickness: MidweightWaist Type: MID Stretch Pants Men's Summer New Thin Business Casual Pants Breathable Straight Leg Tracksuit Pants Please check the Size Chart before order. If you are not sure the size, please send message to us. About The Product: 1.It is made of high quality materials,enought for your daily wearing. 2.Stylish and fashion design make you more attractive. 3.Great for Daily Casual,I am sure you will like it! 4.Wearing it will make you look more handsome. Package-Includes: Season:all season Gender:men Application: daily/casual Material:cotton-linen How to wash: hand wash cold, hang or line dry What you get: 1PC men pants Size Waist Hip Length M 64cm/25.20'' 100cm/39.37'' 94cm/37.01'' L 68cm/26.77'' 104cm/40.94'' 96cm/37.80'' XL 72cm/28.35'' 108cm/42.52'' 98cm/38.58'' XXL 76cm/29.92'' 112cm/44.09'' 100cm/39.37'' XXXL 80cm/31.50'' 118cm/46.46'' 102cm/40.16'' XXXXL 84cm/33.07'' 122cm/48.03'' 104cm/40.94'' XXXXXL 86cm/33.86'' 124cm/48.82'' 105cm/41.34'' - Vennix","Men's Ice Silk Fast-Dry Stretch Casual Pants combines a an easy-to-style silhouette with everyday functionality, making it an easy choice for everyday wear",suggested,Dry-run suggestion; verify product claims and approve before deployment.
gid://shopify/Product/8379407630525,Men's 3-Piece Slim Fit Business & Wedding Suit,Men's Suits,mens-suits-3pcs-mens-business-suit-notch-lapel-blazer-formal-wedding-groom-pants-tux-vest-tuxedos-blazer-vest-pants,"Shop Men's 3-Piece Slim Fit Business & Wedding Suit. Discover quality men's suits designed for everyday style, comfort and easy wear. Refresh your wardrobe toda","Men's 3-Piece Slim Fit Business & Wedding Suit includes coordinated pieces, with a an easy-to-style suited to weddings, business events, and formal occasions",suggested,Dry-run suggestion; verify product claims and approve before deployment.
gid://shopify/Product/8379407663293,Men's Loose Fit Streetwear Jogger Trousers,Men's Pants,puaia-print-mens-pants-autumn-winter-new-sport-jogging-trousers-fitness-loose-fit-clothing-solid-color-outfit-streetwear-pants,"Shop Men's Loose Fit Streetwear Jogger Trousers. Discover quality men's pants designed for everyday style, comfort and easy wear. Refresh your wardrobe today an","Men's Loose Fit Streetwear Jogger Trousers combines a an easy-to-style silhouette with everyday functionality, making it an easy choice for everyday wear",suggested,Dry-run suggestion; verify product claims and approve before deployment.
gid://shopify/Product/8379407728829,Men's Slim-Fit Elastic Waist Jogger Pants,Men's Underwear,mens-casual-pants-straight-slim-fit-elastic-waist-jogger-korean-classic-blue-black-gray-male-brand-trousers-plus-size,"Shop men's casual straight-leg pants with elastic waist. Slim fit, lightweight polyester in black, dark blue & grey. Sizes M–5XL.","Men's Slim-Fit Elastic Waist Jogger Pants features a an easy-to-style with a versatile design, designed for everyday essentials and comfortable layering",suggested,Dry-run suggestion; verify product claims and approve before deployment.
gid://shopify/Product/8447131582653,"Elegant Women's V-Neck Ruffle Blouse with Tie Waist, Lantern Sleeves Long Sleeve Top",Women's Blouses,elegant-womens-v-neck-ruffle-blouse-with-tie-waist-lantern-sleeves-long-sleeve-top,"Shop Elegant Women's V-Neck Ruffle Blouse with Tie Waist, Lantern Sleeves Long Sleeve Top. Discover quality women's blouses designed for everyday style, comfort","Elegant Women's V-Neck Ruffle Blouse with Tie Waist, Lantern Sleeves Long Sleeve Top is a women's blouses for everyday wardrobes, with a versatile design.",suggested,Dry-run suggestion; verify product claims and approve before deployment.
gid://shopify/Product/8447155830973,Fashionable Pink Floral Round Neck Sleeveless Vest Dress for Women Casual Summer Style,Women's Dresses,fashionable-pink-floral-round-neck-sleeveless-vest-dress-for-women-casual-summer-style,"Shop Fashionable Pink Floral Round Neck Sleeveless Vest Dress for Women Casual Summer Style. Discover quality women's dresses designed for everyday style, comfort a","Fashionable Pink Floral Round Neck Sleeveless Vest Dress for Women Casual Summer Style features a an easy-to-style with everyday styling, suited to.",suggested,Dry-run suggestion; verify product claims and approve before deployment.
gid://shopify/Product/8447160942781,Motorcycle Balaclava Full Face Mask Skull Print Motorbike Full Face Mask Windproof Skiing Head Neck Warmer Bicycle Helmet Liner,Face Masks,motorcycle-balaclava-full-face-mask-skull-print-motorbike-full-face-mask-windproof-skiing-head-neck-warmer-bicycle-helmet-liner,Shop Motorcycle Balaclava Full Face Mask Skull Print Motorbike Full Face Mask Windproof Skiing Head Neck Warmer Bicycle Helmet Liner. Discover quality face masks,Motorcycle Balaclava Full Face Mask Skull Print Motorbike Full Face Mask Windproof Skiing Head Neck Warmer Bicycle Helmet Liner is a face masks for everyday.,suggested,Dry-run suggestion; verify product claims and approve before deployment.
gid://shopify/Product/8447161041085,Original Fluffy Cat Ear Hat Lolita Spiky Star Braided Hair Hat Autumn Winter Warmth Subculture Y2K Headwear,Hats,original-fluffy-cat-ear-hat-lolita-spiky-star-braided-hair-hat-autumn-winter-warmth-subculture-y2k-headwear,"Shop Original Fluffy Cat Ear Hat Lolita Spiky Star Braided Hair Hat Autumn Winter Warmth Subculture Y2K Headwear. Discover quality hats designed for everyday style,","Original Fluffy Cat Ear Hat Lolita Spiky Star Braided Hair Hat Autumn Winter Warmth Subculture Y2K Headwear is a hats for everyday wardrobes, with a.",suggested,Dry-run suggestion; verify product claims and approve before deployment.
gid://shopify/Product/8447296110781,Cream Textured Tie-Front Crop Top & Mini Skirt Set,Women's Clothing,cream-textured-tie-front-crop-top-mini-skirt-set,"Shop our cream textured tie-front crop top & mini skirt two-piece set. Flirty, resort-ready summer style. Perfect for beach, nights out & vacation looks.","Cream Textured Tie-Front Crop Top & Mini Skirt Set is a women's clothing for everyday wardrobes, with a versatile design for casual and seasonal outfits",suggested,Dry-run suggestion; verify product claims and approve before deployment.
gid://shopify/Product/8448556040381,Cross Border Multi-color Solid Color 3D Printing Digital Printing Hooded Sweater Brown Lining Cotton-padded Jacket,0,cross-border-multi-color-solid-color-3d-printing-digital-printing-hooded-sweater-brown-lining-cotton-padded-jacket,"Product information: Pattern: solid color Pocket Style: Dimensional patch pocket Color: Pattern 1, Pattern 2, pattern 3, pattern 4, pattern 5, pattern 6, pattern 7, pattern 8, Pattern 9, pattern 10 Suitable for people: Youth Size: S,M,L,XL,2XL,3XL,4XL,5XL Version: Loose Lining composition: Polyester Fiber (polyester) Content of lining ingredients: 100% Style: Cardigan Thickness: fleece-lined Fabric name: Polyester Fiber Applicable scenarios: Daily Main fabric composition: Polyester Fiber (polyester) Applicable Gender: Male Packing list: Jacket*1 Product Image: - Vennix","Cross Border Multi-color Solid Color 3D Printing Digital Printing Hooded Sweater Brown Lining Cotton-padded Jacket is a 0 for everyday wardrobes, with a.",suggested,Dry-run suggestion; verify product claims and approve before deployment.
gid://shopify/Product/8448557514941,Men's Fashion Straight Casual Pants,0,mens-fashion-straight-casual-pants,"Product information: Pattern: solid color Color: Black, liner cotton, khaki plus cotton, gray cotton Size: M,L,XL,2XL,3XL,4XL,5XL Applicable scenarios: Leisure Fabric: Cotton Applicable Gender: Male Note: 1. Asian sizes are 1 to 2 sizes smaller than European and American people. Choose the larger size if your size between two sizes. Please allow 2-3cm differences due to manual measurement. 2. Please check the size chart carefully before you buy the item, if you don't know how to choose size, please contact our customer service. 3.As you know, the different computers display colors differently, the color of the actual item may vary slightly from the following images. Packing list: Men's pants *1 Product Image: - Vennix","Men's Fashion Straight Casual Pants is a 0 for everyday wardrobes, with a versatile design for casual and seasonal outfits",suggested,Dry-run suggestion; verify product claims and approve before deployment.
gid://shopify/Product/8448558301373,Early Spring Long-sleeved Thin Sweater Female,0,early-spring-long-sleeved-thin-sweater-female,"Product information : Version: slim type Length: ordinary style (50cm < length ≤65cm) Collar type: V-neck Sleeve type: conventional sleeve Popular elements: straps Color: khaki Size Information: Size: S,M,L,XL Note: 1. Asian sizes are 1 to 2 sizes smaller than European and American people. Choose the larger size if your size between two sizes. Please allow 2-3cm differences due to manual measurement. 2. Please check the size chart carefully before you buy the item, if you don't know how to choose size, please contact our customer service. 3.As you know, the different computers display colors differently, the color of the actual item may vary slightly fromthe following images. Packing list: Coat *1 - Vennix","Early Spring Long-sleeved Thin Sweater Female is a 0 for everyday wardrobes, with a versatile design for casual and seasonal outfits",suggested,Dry-run suggestion; verify product claims and approve before deployment.
gid://shopify/Product/8448566296765,Solid Long Sleeve Sweater Slimming V-neckline Knitwear Women's Bottoming Shirt,0,solid-long-sleeve-sweater-slimming-v-neckline-knitwear-womens-bottoming-shirt,"Overview: Unique design, stylish and beautiful. Good material, comfortable wear. A variety of colors, any choice. Product information: Size: S,M,L,XL,XXL, XXL,XXXXL, XXXXL Style type: Japanese and Korean casual Style: pullover Fabric name: Polyester Sleeve type: regular sleeve Style: casual style Size: Note: 1. Asian sizes are 1 to 2 sizes smaller than European and American people. Choose the larger size if your size between two sizes. Please allow 2-3cm differences due to manual measurement. 2. Please check the size chart carefully before you buy the item, if you don't know how to choose size, please contact our customer service. 3.As you know, the different computers display colors differently, the color of the actual item may vary slightly from the following images. Packing list: Sweater *1 Product Image: - Vennix","Solid Long Sleeve Sweater Slimming V-neckline Knitwear Women's Bottoming Shirt is a 0 for everyday wardrobes, with a versatile design for casual and.",suggested,Dry-run suggestion; verify product claims and approve before deployment.
gid://shopify/Product/8454878527677,Plaid Button-Up Cardigan,Women's Cardigans,plaid-button-up-cardigan,"Shop Plaid Button-Up Cardigan. Discover quality women's cardigans designed for everyday style, comfort and easy wear. Refresh your wardrobe today and find your new fav","Plaid Button-Up Cardigan is a women's cardigans for everyday wardrobes, with a versatile design for casual and seasonal outfits",suggested,Dry-run suggestion; verify product claims and approve before deployment.
gid://shopify/Product/8469424668861,Half Snap Dropped Shoulder Sweatshirt,Women's Sweatshirts,half-snap-dropped-shoulder-sweatshirt,"Shop Half Snap Dropped Shoulder Sweatshirt. Discover quality women's sweatshirts designed for everyday style, comfort and easy wear. Refresh your wardrobe today and f","Half Snap Dropped Shoulder Sweatshirt is a women's sweatshirts for everyday wardrobes, with a versatile design for casual and seasonal outfits",suggested,Dry-run suggestion; verify product claims and approve before deployment.
gid://shopify/Product/8469424832701,Openwork Hooded Long Sleeve Sweater,Women's Sweaters,openwork-hooded-long-sleeve-sweater,"Shop Openwork Hooded Long Sleeve Sweater. Discover quality women's sweaters designed for everyday style, comfort and easy wear. Refresh your wardrobe today and find y","Openwork Hooded Long Sleeve Sweater is a women's sweaters for everyday wardrobes, with a versatile design for casual and seasonal outfits",suggested,Dry-run suggestion; verify product claims and approve before deployment.
gid://shopify/Product/8469424996541,Polka Dot Contrast Trim Leopard Round Neck Sweatshirt,Women's Sweatshirts,polka-dot-contrast-trim-leopard-round-neck-sweatshirt,"Shop Polka Dot Contrast Trim Leopard Round Neck Sweatshirt. Discover quality women's sweatshirts designed for everyday style, comfort and easy wear. Refresh your war","Polka Dot Contrast Trim Leopard Round Neck Sweatshirt is a women's sweatshirts for everyday wardrobes, with a versatile design for casual and seasonal outfits",suggested,Dry-run suggestion; verify product claims and approve before deployment.
gid://shopify/Product/8469425356989,Oversized Quarter-Zip Hoodie,Women's Sweatshirts,oversized-quarter-zip-hoodie,"Shop Oversized Quarter-Zip Hoodie. Discover quality women's sweatshirts designed for everyday style, comfort and easy wear. Refresh your wardrobe today and find your n","Oversized Quarter-Zip Hoodie is a women's sweatshirts for everyday wardrobes, with a versatile design for casual and seasonal outfits",suggested,Dry-run suggestion; verify product claims and approve before deployment.
gid://shopify/Product/8469425586365,Angel Wings Heathered Turtleneck Long Sleeve Sweater,Women's Sweaters,angel-wings-heathered-turtleneck-long-sleeve-sweater,"Shop Angel Wings Heathered Turtleneck Long Sleeve Sweater. Discover quality women's sweaters designed for everyday style, comfort and easy wear. Refresh your wardrobe","Angel Wings Heathered Turtleneck Long Sleeve Sweater is a women's sweaters for everyday wardrobes, with a versatile design for casual and seasonal outfits",suggested,Dry-run suggestion; verify product claims and approve before deployment.
gid://shopify/Product/8469425750205,Full Size Eyelet Ruffled Hem Tiered Dress Plus Size,Women's Dresses,full-size-eyelet-ruffled-hem-tiered-dress-plus-size,"Shop Full Size Eyelet Ruffled Hem Tiered Dress Plus Size. Discover quality women's dresses designed for everyday style, comfort and easy wear. Refresh your wardrobe","Full Size Eyelet Ruffled Hem Tiered Dress Plus Size features a an easy-to-style with everyday styling, suited to warm-weather outings and occasion dressing",suggested,Dry-run suggestion; verify product claims and approve before deployment.
gid://shopify/Product/8469425979581,Leopard Print Long Sleeve Shirt Dress with Contrast Trim,Women's Dresses,leopard-print-long-sleeve-shirt-dress-with-contrast-trim,"Shop Leopard Print Long Sleeve Shirt Dress with Contrast Trim. Discover quality women's dresses designed for everyday style, comfort and easy wear. Refresh your wardrobe","Leopard Print Long Sleeve Shirt Dress with Contrast Trim features a an easy-to-style with everyday styling, suited to warm-weather outings and occasion dressing",suggested,Dry-run suggestion; verify product claims and approve before deployment.
gid://shopify/Product/8469426208957,Umgee Printed Puff Sleeve Ruffle Neck Top,Women's Tops,umgee-printed-puff-sleeve-ruffle-neck-top,"Shop Umgee Printed Puff Sleeve Ruffle Neck Top. Discover quality women's tops designed for everyday style, comfort and easy wear. Refresh your wardrobe today and find yo","Umgee Printed Puff Sleeve Ruffle Neck Top features a a practical with a versatile design, creating a polished option for work, weekends, and occasions",suggested,Dry-run suggestion; verify product claims and approve before deployment.
gid://shopify/Product/8469426274493,Star Contrast Round Neck Long Sleeve Knit Top,Women's Tops,star-contrast-round-neck-long-sleeve-knit-top,"Shop Star Contrast Round Neck Long Sleeve Knit Top. Discover quality women's tops designed for everyday style, comfort and easy wear. Refresh your wardrobe today and f","Star Contrast Round Neck Long Sleeve Knit Top features a a practical with a versatile design, creating a polished option for work, weekends, and occasions",suggested,Dry-run suggestion; verify product claims and approve before deployment.
gid://shopify/Product/8469426536637,Mandy Rolled Cap Sleeve Round Neck Sweater Vest,Women's Sweaters,mandy-rolled-cap-sleeve-round-neck-sweater-vest,"Shop Mandy Rolled Cap Sleeve Round Neck Sweater Vest. Discover quality women's sweaters designed for everyday style, comfort and easy wear. Refresh your wardrobe today","Mandy Rolled Cap Sleeve Round Neck Sweater Vest is a women's sweaters for everyday wardrobes, with a versatile design for casual and seasonal outfits",suggested,Dry-run suggestion; verify product claims and approve before deployment.
gid://shopify/Product/8469426700477,Plaid Deep V-Neck Long Sleeve Slim Fit Blouse,Women's Blouses,plaid-deep-v-neck-long-sleeve-slim-fit-blouse,"Shop Plaid Deep V-Neck Long Sleeve Slim Fit Blouse. Discover quality women's blouses designed for everyday style, comfort and easy wear. Refresh your wardrobe today an","Plaid Deep V-Neck Long Sleeve Slim Fit Blouse is a women's blouses for everyday wardrobes, with a versatile design for casual and seasonal outfits",suggested,Dry-run suggestion; verify product claims and approve before deployment.
gid://shopify/Product/8469427126461,Stripe holly jolly Letter Embroidered Pullover Sweatshirt,Women's Sweatshirts,stripe-holly-jolly-letter-embroidered-pullover-sweatshirt,"Shop Stripe holly jolly Letter Embroidered Pullover Sweatshirt. Discover quality women's sweatshirts designed for everyday style, comfort and easy wear. Refresh your wa","Stripe holly jolly Letter Embroidered Pullover Sweatshirt is a women's sweatshirts for everyday wardrobes, with a versatile design for casual and seasonal.",suggested,Dry-run suggestion; verify product claims and approve before deployment.
gid://shopify/Product/8469427454141,Zenana Scuba Dolman Sleeve Sweatshirt,Women's Sweatshirts,zenana-scuba-dolman-sleeve-sweatshirt,"Shop Zenana Scuba Dolman Sleeve Sweatshirt. Discover quality women's sweatshirts designed for everyday style, comfort and easy wear. Refresh your wardrobe today and f","Zenana Scuba Dolman Sleeve Sweatshirt is a women's sweatshirts for everyday wardrobes, with a versatile design for casual and seasonal outfits",suggested,Dry-run suggestion; verify product claims and approve before deployment.
gid://shopify/Product/8469427978429,Openwork Cropped Tank and Split Skirt Set,Women's Sets,openwork-cropped-tank-and-split-skirt-set,"Shop Openwork Cropped Tank and Split Skirt Set. Discover quality women's sets designed for everyday style, comfort and easy wear. Refresh your wardrobe today and find y","Openwork Cropped Tank and Split Skirt Set pairs a coordinated styling with a matching coordinated styling, creating a coordinated look for everyday wear",suggested,Dry-run suggestion; verify product claims and approve before deployment.
gid://shopify/Product/8469428142269,Men's Plus Size Zip Up Raglan Sleeve Jacket,Men's Outerwear,mens-plus-size-zip-up-raglan-sleeve-jacket,"Shop Men's Plus Size Zip Up Raglan Sleeve Jacket. Discover quality men's outerwear designed for everyday style, comfort and easy wear. Refresh your wardrobe today and","Men's Plus Size Zip Up Raglan Sleeve Jacket is a men's outerwear for everyday wardrobes, with a versatile design for casual and seasonal outfits",suggested,Dry-run suggestion; verify product claims and approve before deployment.
gid://shopify/Product/8469428371645,Ribbed Wide Leg Sweater Pants,Women's Pants,ribbed-wide-leg-sweater-pants,"Shop Ribbed Wide Leg Sweater Pants. Discover quality women's pants designed for everyday style, comfort and easy wear. Refresh your wardrobe today and find your new fa","Ribbed Wide Leg Sweater Pants is a women's pants for everyday wardrobes, with a versatile design for casual and seasonal outfits",suggested,Dry-run suggestion; verify product claims and approve before deployment.
gid://shopify/Product/8469428502717,Spaghetti Strap Leopard Long Sleeve Blouse,Women's Blouses,spaghetti-strap-leopard-long-sleeve-blouse,"Shop Spaghetti Strap Leopard Long Sleeve Blouse. Discover quality women's blouses designed for everyday style, comfort and easy wear. Refresh your wardrobe today and f","Spaghetti Strap Leopard Long Sleeve Blouse is a women's blouses for everyday wardrobes, with a versatile design for casual and seasonal outfits",suggested,Dry-run suggestion; verify product claims and approve before deployment.
gid://shopify/Product/8469428732093,Texture Half Zip Cap Sleeve Mini Dress,Women's Dresses,texture-half-zip-cap-sleeve-mini-dress,"Shop Texture Half Zip Cap Sleeve Mini Dress. Discover quality women's dresses designed for everyday style, comfort and easy wear. Refresh your wardrobe today and find y","Texture Half Zip Cap Sleeve Mini Dress features a an easy-to-style with everyday styling, suited to warm-weather outings and occasion dressing",suggested,Dry-run suggestion; verify product claims and approve before deployment.
gid://shopify/Product/8469428928701,Umgee Linen Elastic Waist Wide Leg Pants,Women's Pants,umgee-linen-elastic-waist-wide-leg-pants,"Shop Umgee Linen Elastic Waist Wide Leg Pants. Discover quality women's pants designed for everyday style, comfort and easy wear. Refresh your wardrobe today and find yo","Umgee Linen Elastic Waist Wide Leg Pants is a women's pants for everyday wardrobes, with a versatile design for casual and seasonal outfits",suggested,Dry-run suggestion; verify product claims and approve before deployment.
gid://shopify/Product/8469429158077,Oversized Color-Block Crewneck Sweatshirt,Women's Sweatshirts,oversized-color-block-crewneck-sweatshirt,"Shop Oversized Color-Block Crewneck Sweatshirt. Discover quality women's sweatshirts designed for everyday style, comfort and easy wear. Refresh your wardrobe today and f","Oversized Color-Block Crewneck Sweatshirt is a women's sweatshirts for everyday wardrobes, with a versatile design for casual and seasonal outfits",suggested,Dry-run suggestion; verify product claims and approve before deployment.
gid://shopify/Product/8469429420221,Denim Trim Button Detail Sweatshirt,Women's Sweatshirts,denim-trim-button-detail-sweatshirt,"Shop Denim Trim Button Detail Sweatshirt. Discover quality women's sweatshirts designed for everyday style, comfort and easy wear. Refresh your wardrobe today and find y","Denim Trim Button Detail Sweatshirt is a women's sweatshirts for everyday wardrobes, with a versatile design for casual and seasonal outfits",suggested,Dry-run suggestion; verify product claims and approve before deployment.
gid://shopify/Product/8469429616829,Zenana V-Neck Short Sleeve Dolman Sweater,Women's Sweaters,zenana-v-neck-short-sleeve-dolman-sweater,"Shop Zenana V-Neck Short Sleeve Dolman Sweater. Discover quality women's sweaters designed for everyday style, comfort and easy wear. Refresh your wardrobe today and fin","Zenana V-Neck Short Sleeve Dolman Sweater is a women's sweaters for everyday wardrobes, with a versatile design for casual and seasonal outfits",suggested,Dry-run suggestion; verify product claims and approve before deployment.
gid://shopify/Product/8469429780669,Raw Seam Detail Solid Color Long Sleeve Top,Women's Tops,raw-seam-detail-solid-color-long-sleeve-top,"Shop Raw Seam Detail Solid Color Long Sleeve Top. Discover quality women's tops designed for everyday style, comfort and easy wear. Refresh your wardrobe today and find y","Raw Seam Detail Solid Color Long Sleeve Top features a a practical with a versatile design, creating a polished option for work, weekends, and occasions",suggested,Dry-run suggestion; verify product claims and approve before deployment.
gid://shopify/Product/8469429944509,Lace Button Up Long Sleeve Shirt,Women's Shirts,lace-button-up-long-sleeve-shirt,"Shop Lace Button Up Long Sleeve Shirt. Discover quality women's shirts designed for everyday style, comfort and easy wear. Refresh your wardrobe today and find your new","Lace Button Up Long Sleeve Shirt is a women's shirts for everyday wardrobes, with a versatile design for casual and seasonal outfits",suggested,Dry-run suggestion; verify product claims and approve before deployment.
gid://shopify/Product/8469430173885,Western Patchwork Cow Drop Shoulder Sweatshirt,Women's Sweatshirts,western-patchwork-cow-drop-shoulder-sweatshirt,"Shop Western Patchwork Cow Drop Shoulder Sweatshirt. Discover quality women's sweatshirts designed for everyday style, comfort and easy wear. Refresh your wardrobe today ","Western Patchwork Cow Drop Shoulder Sweatshirt is a women's sweatshirts for everyday wardrobes, with a versatile design for casual and seasonal outfits",suggested,Dry-run suggestion; verify product claims and approve before deployment.
gid://shopify/Product/8469430304957,Zenana Seamless Winkle Stone Washed Tank Top,Women's Tops,zenana-seamless-winkle-stone-washed-tank-top,"Shop Zenana Seamless Winkle Stone Washed Tank Top. Discover quality women's tops designed for everyday style, comfort and easy wear. Refresh your wardrobe today and find","Zenana Seamless Winkle Stone Washed Tank Top features a a practical with a versatile design, creating a polished option for work, weekends, and occasions",suggested,Dry-run suggestion; verify product claims and approve before deployment.
gid://shopify/Product/8469430468797,Umgee Abstract Print Babydoll Mini Dress,Women's Dresses,umgee-abstract-print-babydoll-mini-dress,"Shop Umgee Abstract Print Babydoll Mini Dress. Discover quality women's dresses designed for everyday style, comfort and easy wear. Refresh your wardrobe today and find yo","Umgee Abstract Print Babydoll Mini Dress features a an easy-to-style with everyday styling, suited to warm-weather outings and occasion dressing",suggested,Dry-run suggestion; verify product claims and approve before deployment.
gid://shopify/Product/8469430698173,Full Size Hollow Out Round Neck Top Plus Size,Women's Tops,full-size-hollow-out-round-neck-top-plus-size,"Shop Full Size Hollow Out Round Neck Top Plus Size. Discover quality women's tops designed for everyday style, comfort and easy wear. Refresh your wardrobe today and find","Full Size Hollow Out Round Neck Top Plus Size features a a practical with a versatile design, creating a polished option for work, weekends, and occasions",suggested,Dry-run suggestion; verify product claims and approve before deployment.
gid://shopify/Product/8469430894781,Graphic Round Neck Casual Sweatshirt,Women's Sweatshirts,graphic-round-neck-casual-sweatshirt,"Shop Graphic Round Neck Casual Sweatshirt. Discover quality women's sweatshirts designed for everyday style, comfort and easy wear. Refresh your wardrobe today and find y","Graphic Round Neck Casual Sweatshirt is a women's sweatshirts for everyday wardrobes, with a versatile design for casual and seasonal outfits",suggested,Dry-run suggestion; verify product claims and approve before deployment.
gid://shopify/Product/8469431255229,Full Size Ruffled Hem V-Neck Sleeveless Dress Plus Size,Women's Dresses,full-size-ruffled-hem-v-neck-sleeveless-dress-plus-size,"Shop Full Size Ruffled Hem V-Neck Sleeveless Dress Plus Size. Discover quality women's dresses designed for everyday style, comfort and easy wear. Refresh your wardrobe today","Full Size Ruffled Hem V-Neck Sleeveless Dress Plus Size features a an easy-to-style with everyday styling, suited to warm-weather outings and occasion dressing",suggested,Dry-run suggestion; verify product claims and approve before deployment.
gid://shopify/Product/8469518090429,Men's Plus Size Drawstring Casual Hooded Parka Coat,Men's Outerwear,mens-plus-size-drawstring-casual-hooded-parka-coat,"Shop Men's Plus Size Drawstring Casual Hooded Parka Coat. Discover quality men's outerwear designed for everyday style, comfort and easy wear. Refresh your wardrobe today","Men's Plus Size Drawstring Casual Hooded Parka Coat is a men's outerwear for everyday wardrobes, with a versatile design for casual and seasonal outfits",suggested,Dry-run suggestion; verify product claims and approve before deployment.
gid://shopify/Product/8469518254269,Men's Plus Size Classic Button Up Denim Blazer,Men's Outerwear,mens-plus-size-classic-button-up-denim-blazer,"Shop Men's Plus Size Classic Button Up Denim Blazer. Discover quality men's outerwear designed for everyday style, comfort and easy wear. Refresh your wardrobe today and f","Men's Plus Size Classic Button Up Denim Blazer is a men's outerwear for everyday wardrobes, with a versatile design for casual and seasonal outfits",suggested,Dry-run suggestion; verify product claims and approve before deployment.
gid://shopify/Product/8469518287037,Men's Plus Size Zip Up Motorcycle Jacket,Men's Outerwear,mens-plus-size-zip-up-motorcycle-jacket,"Shop Men's Plus Size Zip Up Motorcycle Jacket. Discover quality men's outerwear designed for everyday style, comfort and easy wear. Refresh your wardrobe today and find","Men's Plus Size Zip Up Motorcycle Jacket is a men's outerwear for everyday wardrobes, with a versatile design for casual and seasonal outfits",suggested,Dry-run suggestion; verify product claims and approve before deployment.
gid://shopify/Product/8469518319805,Men's Plus Size Zip Up Bomber Jacket,Men's Outerwear,mens-plus-size-zip-up-bomber-jacket,"Shop Men's Plus Size Zip Up Bomber Jacket. Discover quality men's outerwear designed for everyday style, comfort and easy wear. Refresh your wardrobe today and find your","Men's Plus Size Zip Up Bomber Jacket is a men's outerwear for everyday wardrobes, with a versatile design for casual and seasonal outfits",suggested,Dry-run suggestion; verify product claims and approve before deployment.
gid://shopify/Product/8469518352573,Men's Plus Size Dual Chest Pockets Shacket,Men's Outerwear,mens-plus-size-dual-chest-pockets-shacket,"Shop Men's Plus Size Dual Chest Pockets Shacket. Discover quality men's outerwear designed for everyday style, comfort and easy wear. Refresh your wardrobe today and find y","Men's Plus Size Dual Chest Pockets Shacket is a men's outerwear for everyday wardrobes, with a versatile design for casual and seasonal outfits",suggested,Dry-run suggestion; verify product claims and approve before deployment.
gid://shopify/Product/8469518385341,Men's Plus Size Stand Collar Leather Moto Jacket,Men's Outerwear,mens-plus-size-stand-collar-leather-moto-jacket,"Shop Men's Plus Size Stand Collar Leather Moto Jacket. Discover quality men's outerwear designed for everyday style, comfort and easy wear. Refresh your wardrobe today an","Men's Plus Size Stand Collar Leather Moto Jacket is a men's outerwear for everyday wardrobes, with a versatile design for casual and seasonal outfits",suggested,Dry-run suggestion; verify product claims and approve before deployment.
gid://shopify/Product/8469518418109,Men's Plus Size Slim Fit Velvet Blazer,Men's Outerwear,mens-plus-size-slim-fit-velvet-blazer,"Shop Men's Plus Size Slim Fit Velvet Blazer. Discover quality men's outerwear designed for everyday style, comfort and easy wear. Refresh your wardrobe today and find your","Men's Plus Size Slim Fit Velvet Blazer is a men's outerwear for everyday wardrobes, with a versatile design for casual and seasonal outfits",suggested,Dry-run suggestion; verify product claims and approve before deployment.
gid://shopify/Product/8469518614717,Men's Plus Size Zip Up Hooded Padded Puffer Jacket,Men's Outerwear,mens-plus-size-zip-up-hooded-padded-puffer-jacket,"Shop Men's Plus Size Zip Up Hooded Padded Puffer Jacket. Discover quality men's outerwear designed for everyday style, comfort and easy wear. Refresh your wardrobe toda","Men's Plus Size Zip Up Hooded Padded Puffer Jacket is a men's outerwear for everyday wardrobes, with a versatile design for casual and seasonal outfits",suggested,Dry-run suggestion; verify product claims and approve before deployment.
gid://shopify/Product/8469518647485,Men's Plus Size Zip Up Hooded Contrast Puffer Jacket,Men's Outerwear,mens-plus-size-zip-up-hooded-contrast-puffer-jacket,"Shop Men's Plus Size Zip Up Hooded Contrast Puffer Jacket. Discover quality men's outerwear designed for everyday style, comfort and easy wear. Refresh your wardrobe tod","Men's Plus Size Zip Up Hooded Contrast Puffer Jacket is a men's outerwear for everyday wardrobes, with a versatile design for casual and seasonal outfits",suggested,Dry-run suggestion; verify product claims and approve before deployment.
gid://shopify/Product/8469518713021,Men's Full Size Full-Zip Outdoor Jacket Plus Size,Men's Outerwear,mens-full-size-full-zip-outdoor-jacket-plus-size,"Shop Men's Full Size Full-Zip Outdoor Jacket Plus Size. Discover quality men's outerwear designed for everyday style, comfort and easy wear. Refresh your wardrobe today an","Men's Full Size Full-Zip Outdoor Jacket Plus Size is a men's outerwear for everyday wardrobes, with a versatile design for casual and seasonal outfits",suggested,Dry-run suggestion; verify product claims and approve before deployment.
gid://shopify/Product/8469518745789,Men's Full Size Longline Hooded Down Coat Plus Size,Men's Outerwear,mens-full-size-longline-hooded-down-coat-plus-size,"Shop Men's Full Size Longline Hooded Down Coat Plus Size. Discover quality men's outerwear designed for everyday style, comfort and easy wear. Refresh your wardrobe","Men's Full Size Longline Hooded Down Coat Plus Size is a men's outerwear for everyday wardrobes, with a versatile design for casual and seasonal outfits",suggested,Dry-run suggestion; verify product claims and approve before deployment.
gid://shopify/Product/8469518778557,Button Detail Long Sleeve Shirt,Women's Tops,button-detail-long-sleeve-shirt,"Shop Button Detail Long Sleeve Shirt. Discover quality women's tops designed for everyday style, comfort and easy wear. Refresh your wardrobe today and find your new favorite at","Button Detail Long Sleeve Shirt features a a practical with a versatile design, creating a polished option for work, weekends, and occasions",suggested,Dry-run suggestion; verify product claims and approve before deployment.
gid://shopify/Product/8469518811325,Men's Plus Size Zip Up Long Sleeve Jacket,Men's Outerwear,mens-plus-size-zip-up-long-sleeve-jacket,"Shop Men's Plus Size Zip Up Long Sleeve Jacket. Discover quality men's outerwear designed for everyday style, comfort and easy wear. Refresh your wardrobe today and find","Men's Plus Size Zip Up Long Sleeve Jacket is a men's outerwear for everyday wardrobes, with a versatile design for casual and seasonal outfits",suggested,Dry-run suggestion; verify product claims and approve before deployment.
gid://shopify/Product/8469518909629,Men's Plus Size Vibrant Leaf Print Blazer,Men's Outerwear,mens-plus-size-vibrant-leaf-print-blazer,"Shop Men's Plus Size Vibrant Leaf Print Blazer. Discover quality men's outerwear designed for everyday style, comfort and easy wear. Refresh your wardrobe today and find your","Men's Plus Size Vibrant Leaf Print Blazer is a men's outerwear for everyday wardrobes, with a versatile design for casual and seasonal outfits",suggested,Dry-run suggestion; verify product claims and approve before deployment.
gid://shopify/Product/8469519040701,Men's Plus Size Zip Up Long Sleeve Jacket,Men's Outerwear,mens-plus-size-zip-up-long-sleeve-jacket-1,"Shop Men's Plus Size Zip Up Long Sleeve Jacket. Discover quality men's outerwear designed for everyday style, comfort and easy wear. Refresh your wardrobe today and find","Men's Plus Size Zip Up Long Sleeve Jacket is a men's outerwear for everyday wardrobes, with a versatile design for casual and seasonal outfits",suggested,Dry-run suggestion; verify product claims and approve before deployment.
gid://shopify/Product/8469519073469,Men's Full Size Casual Linen Long Sleeve Polo Shirt Plus Size,Men's Polo Shirts,mens-full-size-casual-linen-long-sleeve-polo-shirt-plus-size,"Shop Men's Full Size Casual Linen Long Sleeve Polo Shirt Plus Size. Discover quality men's polo shirts designed for everyday style, comfort and easy wear. Refresh your","Men's Full Size Casual Linen Long Sleeve Polo Shirt Plus Size features a a practical design with a versatile design, suited to casual outfits and.",suggested,Dry-run suggestion; verify product claims and approve before deployment.
gid://shopify/Product/8469519106237,Men's Plus Size Hooded Colorblock Lightweight Jacket,Men's Outerwear,mens-plus-size-hooded-colorblock-lightweight-jacket,"Shop Men's Plus Size Hooded Colorblock Lightweight Jacket. Discover quality men's outerwear designed for everyday style, comfort and easy wear. Refresh your wardrobe today and","Men's Plus Size Hooded Colorblock Lightweight Jacket is a men's outerwear for everyday wardrobes, with a versatile design for casual and seasonal outfits",suggested,Dry-run suggestion; verify product claims and approve before deployment.
gid://shopify/Product/8469519171773,Men's Full Size Leather Biker Jacket with Zipper Pockets Plus Size,Men's Outerwear,mens-full-size-leather-biker-jacket-with-zipper-pockets-plus-size,"Shop Men's Full Size Leather Biker Jacket with Zipper Pockets Plus Size. Discover quality men's outerwear designed for everyday style, comfort and easy wear. Refresh your","Men's Full Size Leather Biker Jacket with Zipper Pockets Plus Size is a men's outerwear for everyday wardrobes, with a versatile design for casual and.",suggested,Dry-run suggestion; verify product claims and approve before deployment.
gid://shopify/Product/8469519270077,Men's Plus Size Lapel Collar Button Up Blazer,Men's Outerwear,mens-plus-size-lapel-collar-button-up-blazer,"Shop Men's Plus Size Lapel Collar Button Up Blazer. Discover quality men's outerwear designed for everyday style, comfort and easy wear. Refresh your wardrobe today and find yo","Men's Plus Size Lapel Collar Button Up Blazer is a men's outerwear for everyday wardrobes, with a versatile design for casual and seasonal outfits",suggested,Dry-run suggestion; verify product claims and approve before deployment.
gid://shopify/Product/8469519302845,Men's Plus Size Letter Back Round Neck T-Shirt,Men's Tops,mens-plus-size-letter-back-round-neck-t-shirt,"Shop Men's Plus Size Letter Back Round Neck T-Shirt. Discover quality men's tops designed for everyday style, comfort and easy wear. Refresh your wardrobe today and find your","Men's Plus Size Letter Back Round Neck T-Shirt is a men's tops for everyday wardrobes, with a versatile design for casual and seasonal outfits",suggested,Dry-run suggestion; verify product claims and approve before deployment.
gid://shopify/Product/8469519368381,Men's Full Size Camouflage Hooded Faux Leather Jacket Plus Size,Men's Outerwear,mens-full-size-camouflage-hooded-faux-leather-jacket-plus-size,"Shop Men's Full Size Camouflage Hooded Faux Leather Jacket Plus Size. Discover quality men's outerwear designed for everyday style, comfort and easy wear. Refresh your","Men's Full Size Camouflage Hooded Faux Leather Jacket Plus Size is a men's outerwear for everyday wardrobes, with a versatile design for casual and seasonal.",suggested,Dry-run suggestion; verify product claims and approve before deployment.
gid://shopify/Product/8469519401149,Men's Plus Size Vintage Motorcycle Faux Leather Bomber Jacket,Men's Outerwear,mens-plus-size-vintage-motorcycle-faux-leather-bomber-jacket,"Shop Men's Plus Size Vintage Motorcycle Faux Leather Bomber Jacket. Discover quality men's outerwear designed for everyday style, comfort and easy wear. Refresh your","Men's Plus Size Vintage Motorcycle Faux Leather Bomber Jacket is a men's outerwear for everyday wardrobes, with a versatile design for casual and seasonal.",suggested,Dry-run suggestion; verify product claims and approve before deployment.
gid://shopify/Product/8469519499453,Men's Plus Size Camouflage Zip Up Bomber Jacket,Men's Outerwear,mens-plus-size-camouflage-zip-up-bomber-jacket,"Shop Men's Plus Size Camouflage Zip Up Bomber Jacket. Discover quality men's outerwear designed for everyday style, comfort and easy wear. Refresh your wardrobe today and","Men's Plus Size Camouflage Zip Up Bomber Jacket is a men's outerwear for everyday wardrobes, with a versatile design for casual and seasonal outfits",suggested,Dry-run suggestion; verify product claims and approve before deployment.
gid://shopify/Product/8469519532221,Men's Plus Size Hooded Windproof Casual Jacket,Men's Outerwear,mens-plus-size-hooded-windproof-casual-jacket,"Shop Men's Plus Size Hooded Windproof Casual Jacket. Discover quality men's outerwear designed for everyday style, comfort and easy wear. Refresh your wardrobe today and find","Men's Plus Size Hooded Windproof Casual Jacket is a men's outerwear for everyday wardrobes, with a versatile design for casual and seasonal outfits",suggested,Dry-run suggestion; verify product claims and approve before deployment.
gid://shopify/Product/8469519564989,Men's Full Size Hooded Faux Leather Motorcycle Jacket Plus Size,Men's Outerwear,mens-full-size-hooded-faux-leather-motorcycle-jacket-plus-size,"Shop Men's Full Size Hooded Faux Leather Motorcycle Jacket Plus Size. Discover quality men's outerwear designed for everyday style, comfort and easy wear. Refresh your","Men's Full Size Hooded Faux Leather Motorcycle Jacket Plus Size is a men's outerwear for everyday wardrobes, with a versatile design for casual and seasonal.",suggested,Dry-run suggestion; verify product claims and approve before deployment.
gid://shopify/Product/8469519630525,Men's Plus Size Plaid Button Up Casual Shacket,Men's Outerwear,mens-plus-size-plaid-button-up-casual-shacket,"Shop Men's Plus Size Plaid Button Up Casual Shacket. Discover quality men's outerwear designed for everyday style, comfort and easy wear. Refresh your wardrobe today and find","Men's Plus Size Plaid Button Up Casual Shacket is a men's outerwear for everyday wardrobes, with a versatile design for casual and seasonal outfits",suggested,Dry-run suggestion; verify product claims and approve before deployment.
gid://shopify/Product/8469519696061,Men's Plus Size Lapel Collar Long Sleeve Outerwear,Men's Outerwear,mens-plus-size-lapel-collar-long-sleeve-outerwear,"Shop Men's Plus Size Lapel Collar Long Sleeve Outerwear. Discover quality men's outerwear designed for everyday style, comfort and easy wear. Refresh your wardrobe today and find","Men's Plus Size Lapel Collar Long Sleeve Outerwear is a men's outerwear for everyday wardrobes, with a versatile design for casual and seasonal outfits",suggested,Dry-run suggestion; verify product claims and approve before deployment.
gid://shopify/Product/8469519859901,Men's Plus Size Zip Up Hooded Puffer Jacket,Men's Outerwear,mens-plus-size-zip-up-hooded-puffer-jacket,"Shop Men's Plus Size Zip Up Hooded Puffer Jacket. Discover quality men's outerwear designed for everyday style, comfort and easy wear. Refresh your wardrobe today and find your","Men's Plus Size Zip Up Hooded Puffer Jacket is a men's outerwear for everyday wardrobes, with a versatile design for casual and seasonal outfits",suggested,Dry-run suggestion; verify product claims and approve before deployment.
gid://shopify/Product/8469519892669,Men's Plus Size Hooded Outdoor Windproof Coat,Men's Outerwear,mens-plus-size-hooded-outdoor-windproof-coat,"Shop Men's Plus Size Hooded Outdoor Windproof Coat. Discover quality men's outerwear designed for everyday style, comfort and easy wear. Refresh your wardrobe today and find your","Men's Plus Size Hooded Outdoor Windproof Coat is a men's outerwear for everyday wardrobes, with a versatile design for casual and seasonal outfits",suggested,Dry-run suggestion; verify product claims and approve before deployment.
gid://shopify/Product/8469519925437,Men's Plus Size Contrast Trim Zip Up Jacket,Men's Outerwear,mens-plus-size-contrast-trim-zip-up-jacket,"Shop Men's Plus Size Contrast Trim Zip Up Jacket. Discover quality men's outerwear designed for everyday style, comfort and easy wear. Refresh your wardrobe today and find your new","Men's Plus Size Contrast Trim Zip Up Jacket is a men's outerwear for everyday wardrobes, with a versatile design for casual and seasonal outfits",suggested,Dry-run suggestion; verify product claims and approve before deployment.
gid://shopify/Product/8469520056509,Men's Plus Size Striped Zip Up Jacket,Men's Outerwear,mens-plus-size-striped-zip-up-jacket,"Shop Men's Plus Size Striped Zip Up Jacket. Discover quality men's outerwear designed for everyday style, comfort and easy wear. Refresh your wardrobe today and find your new favorite at","Men's Plus Size Striped Zip Up Jacket is a men's outerwear for everyday wardrobes, with a versatile design for casual and seasonal outfits",suggested,Dry-run suggestion; verify product claims and approve before deployment.
gid://shopify/Product/8490969923773,Faux Leather Moto Jacket with Asymmetrical Zip,Women's Outerwear,faux-leather-moto-jacket-with-asymmetrical-zip,"Shop Faux Leather Moto Jacket with Asymmetrical Zip. Discover quality women's outerwear designed for everyday style, comfort and easy wear. Refresh your wardrobe today and find your","Faux Leather Moto Jacket with Asymmetrical Zip is a women's outerwear for everyday wardrobes, with a versatile design for casual and seasonal outfits",suggested,Dry-run suggestion; verify product claims and approve before deployment.
gid://shopify/Product/8490970153149,Full Size Halloween Pumpkin Loose Knit Cover Up Plus Size,Women's Tops,full-size-halloween-pumpkin-loose-knit-cover-up-plus-size,"Shop Full Size Halloween Pumpkin Loose Knit Cover Up Plus Size. Discover quality women's tops designed for everyday style, comfort and easy wear. Refresh your wardrobe today and","Full Size Halloween Pumpkin Loose Knit Cover Up Plus Size features a a practical with a versatile design, creating a polished option for work, weekends, and.",suggested,Dry-run suggestion; verify product claims and approve before deployment.
gid://shopify/Product/8490970415293,Off-Shoulder Ruched Lace Mermaid Maxi Dress,Women's Dresses,off-shoulder-ruched-lace-mermaid-maxi-dress,"Shop Off-Shoulder Ruched Lace Mermaid Maxi Dress. Discover quality women's dresses designed for everyday style, comfort and easy wear. Refresh your wardrobe today and find your new f","Off-Shoulder Ruched Lace Mermaid Maxi Dress features a an easy-to-style with everyday styling, suited to warm-weather outings and occasion dressing",suggested,Dry-run suggestion; verify product claims and approve before deployment.
gid://shopify/Product/8490970611901,Double Take Full Size Openwork Contrast Long Sleeve Hooded Sweater Plus Size,Women's Sweaters,double-take-full-size-openwork-contrast-long-sleeve-hooded-sweater-plus-size,"Shop Double Take Full Size Openwork Contrast Long Sleeve Hooded Sweater Plus Size. Discover quality women's sweaters designed for everyday style, comfort and easy wear. Refresh","Double Take Full Size Openwork Contrast Long Sleeve Hooded Sweater Plus Size is a women's sweaters for everyday wardrobes, with a versatile design for.",suggested,Dry-run suggestion; verify product claims and approve before deployment.
gid://shopify/Product/8490970972349,Halloween Rhinestone Pumpkin Face Contrast Ribbed Long Sleeve Patchwork Top,Women's Tops,halloween-rhinestone-pumpkin-face-contrast-ribbed-long-sleeve-patchwork-top,"Shop Halloween Rhinestone Pumpkin Face Contrast Ribbed Long Sleeve Patchwork Top. Discover quality women's tops designed for everyday style, comfort and easy wear. Refresh your","Halloween Rhinestone Pumpkin Face Contrast Ribbed Long Sleeve Patchwork Top features a a practical with a versatile design, creating a polished option for.",suggested,Dry-run suggestion; verify product claims and approve before deployment.
gid://shopify/Product/8490971201725,Plus Size Halloween Ghost and Pumpkin Print Top and Pants Lounge Set,Women's Sets,plus-size-halloween-ghost-and-pumpkin-print-top-and-pants-lounge-set,"Shop Plus Size Halloween Ghost and Pumpkin Print Top and Pants Lounge Set. Discover quality women's sets designed for everyday style, comfort and easy wear. Refresh your","Plus Size Halloween Ghost and Pumpkin Print Top and Pants Lounge Set pairs a coordinated styling with a matching coordinated styling, creating a coordinated.",suggested,Dry-run suggestion; verify product claims and approve before deployment.
gid://shopify/Product/8490971431101,Satin Mini Dress with Lace Detachable Cape,Women's Dresses,satin-mini-dress-with-lace-detachable-cape,"Shop Satin Mini Dress with Lace Detachable Cape. Discover quality women's dresses designed for everyday style, comfort and easy wear. Refresh your wardrobe today and find your new","Satin Mini Dress with Lace Detachable Cape features a an easy-to-style with everyday styling, suited to warm-weather outings and occasion dressing",suggested,Dry-run suggestion; verify product claims and approve before deployment.
gid://shopify/Product/8490971627709,Geometric Pattern Long Sleeve Sweater,Women's Sweaters,geometric-pattern-long-sleeve-sweater,"Shop Geometric Pattern Long Sleeve Sweater. Discover quality women's sweaters designed for everyday style, comfort and easy wear. Refresh your wardrobe today and find your new fav","Geometric Pattern Long Sleeve Sweater is a women's sweaters for everyday wardrobes, with a versatile design for casual and seasonal outfits",suggested,Dry-run suggestion; verify product claims and approve before deployment.
gid://shopify/Product/8490971791549,Rhinestone Embellished Mock Neck Long Sleeve Maxi Dress,Women's Dresses,rhinestone-embellished-mock-neck-long-sleeve-maxi-dress,"Shop Rhinestone Embellished Mock Neck Long Sleeve Maxi Dress. Discover quality women's dresses designed for everyday style, comfort and easy wear. Refresh your wardrobe today","Rhinestone Embellished Mock Neck Long Sleeve Maxi Dress features a an easy-to-style with everyday styling, suited to warm-weather outings and occasion dressing",suggested,Dry-run suggestion; verify product claims and approve before deployment.
gid://shopify/Product/8490971955389,Double Take Full Size Pumpkin Button Up Long Sleeve Cardigan Plus Size,Women's Cardigans,double-take-full-size-pumpkin-button-up-long-sleeve-cardigan-plus-size,"Shop Double Take Full Size Pumpkin Button Up Long Sleeve Cardigan Plus Size. Discover quality women's cardigans designed for everyday style, comfort and easy wear. Refresh your","Double Take Full Size Pumpkin Button Up Long Sleeve Cardigan Plus Size is a women's cardigans for everyday wardrobes, with a versatile design for casual and.",suggested,Dry-run suggestion; verify product claims and approve before deployment.
gid://shopify/Product/8490972184765,Halloween Pumpkin Print Long Sleeve Two Piece Lounge Set,Women's Sets,halloween-pumpkin-print-long-sleeve-two-piece-lounge-set,"Shop Halloween Pumpkin Print Long Sleeve Two Piece Lounge Set. Discover quality women's sets designed for everyday style, comfort and easy wear. Refresh your wardrobe today and","Halloween Pumpkin Print Long Sleeve Two Piece Lounge Set pairs a coordinated styling with a matching coordinated styling, creating a coordinated look for.",suggested,Dry-run suggestion; verify product claims and approve before deployment.
gid://shopify/Product/8490972381373,Lace Keyhole High-Slit Maxi Dress,Women's Dresses,lace-keyhole-high-slit-maxi-dress,"Shop Lace Keyhole High-Slit Maxi Dress. Discover quality women's dresses designed for everyday style, comfort and easy wear. Refresh your wardrobe today and find your new favor","Lace Keyhole High-Slit Maxi Dress features a an easy-to-style with everyday styling, suited to warm-weather outings and occasion dressing",suggested,Dry-run suggestion; verify product claims and approve before deployment.
gid://shopify/Product/8490972577981,Double Take Full Size Printed Ruffle Hem Long Sleeve Dress Plus Size,Women's Dresses,double-take-full-size-printed-ruffle-hem-long-sleeve-dress-plus-size,"Shop Double Take Full Size Printed Ruffle Hem Long Sleeve Dress Plus Size. Discover quality women's dresses designed for everyday style, comfort and easy wear. Refresh your","Double Take Full Size Printed Ruffle Hem Long Sleeve Dress Plus Size features a an easy-to-style with everyday styling, suited to warm-weather outings and.",suggested,Dry-run suggestion; verify product claims and approve before deployment.
gid://shopify/Product/8490972741821,Gothic Punk Star Charm Toggle Necklace,Necklaces,gothic-punk-star-charm-toggle-necklace,"Shop Gothic Punk Star Charm Toggle Necklace. Discover quality necklaces designed for everyday style, comfort and easy wear. Refresh your wardrobe today and find your new favorite at","Gothic Punk Star Charm Toggle Necklace is a necklaces for everyday wardrobes, with a versatile design for casual and seasonal outfits",suggested,Dry-run suggestion; verify product claims and approve before deployment.
gid://shopify/Product/8490972938429,Halloween Ghost Graphic Round Neck Sweatshirt,Women's Sweatshirts,halloween-ghost-graphic-round-neck-sweatshirt,"Shop Halloween Ghost Graphic Round Neck Sweatshirt. Discover quality women's sweatshirts designed for everyday style, comfort and easy wear. Refresh your wardrobe today and f","Halloween Ghost Graphic Round Neck Sweatshirt is a women's sweatshirts for everyday wardrobes, with a versatile design for casual and seasonal outfits",suggested,Dry-run suggestion; verify product claims and approve before deployment.
gid://shopify/Product/8490973233341,Full Size Halloween Ghost Graphic Short Sleeve T-Shirt Plus Size,Women's Tops,full-size-halloween-ghost-graphic-short-sleeve-t-shirt-plus-size,"Shop Full Size Halloween Ghost Graphic Short Sleeve T-Shirt Plus Size. Discover quality women's tops designed for everyday style, comfort and easy wear. Refresh your wardrobe today","Full Size Halloween Ghost Graphic Short Sleeve T-Shirt Plus Size features a a practical with a versatile design, creating a polished option for work.",suggested,Dry-run suggestion; verify product claims and approve before deployment.
gid://shopify/Product/8490973331645,Multicolour Leopard Print Western Style Wide Leg Full Length Pants,Women's Pants,multicolour-leopard-print-western-style-wide-leg-full-length-pants,"Shop Multicolour Leopard Print Western Style Wide Leg Full Length Pants. Discover quality women's pants designed for everyday style, comfort and easy wear. Refresh your wardrobe today","Multicolour Leopard Print Western Style Wide Leg Full Length Pants is a women's pants for everyday wardrobes, with a versatile design for casual and.",suggested,Dry-run suggestion; verify product claims and approve before deployment.
gid://shopify/Product/8490973561021,STAYING ALIVE Funny Skeleton Graphic Round Neck T Shirt,Women's Tops,staying-alive-funny-skeleton-graphic-round-neck-t-shirt,"Shop STAYING ALIVE Funny Skeleton Graphic Round Neck T Shirt. Discover quality women's tops designed for everyday style, comfort and easy wear. Refresh your wardrobe today and find","STAYING ALIVE Funny Skeleton Graphic Round Neck T Shirt features a a practical with a versatile design, creating a polished option for work, weekends, and.",suggested,Dry-run suggestion; verify product claims and approve before deployment.
gid://shopify/Product/8490973757629,One-Shoulder Lace Bodysuit,Women's Bodysuits,one-shoulder-lace-bodysuit,"Shop One-Shoulder Lace Bodysuit. Discover quality women's bodysuits designed for everyday style, comfort and easy wear. Refresh your wardrobe today and find your new favorite at Vennix","One-Shoulder Lace Bodysuit is a women's bodysuits for everyday wardrobes, with a versatile design for casual and seasonal outfits",suggested,Dry-run suggestion; verify product claims and approve before deployment.
gid://shopify/Product/8490973987005,Raw Seam Colorblock Wide Leg Ankle Length Casual Pants,Women's Pants,raw-seam-colorblock-wide-leg-ankle-length-casual-pants,"Shop Raw Seam Colorblock Wide Leg Ankle Length Casual Pants. Discover quality women's pants designed for everyday style, comfort and easy wear. Refresh your wardrobe today and","Raw Seam Colorblock Wide Leg Ankle Length Casual Pants is a women's pants for everyday wardrobes, with a versatile design for casual and seasonal outfits",suggested,Dry-run suggestion; verify product claims and approve before deployment.
gid://shopify/Product/8490974150845,Round Neck Ghost Print Regular Fit Graphic Long Sleeve T-Shirt,Women's Tops,round-neck-ghost-print-regular-fit-graphic-long-sleeve-t-shirt,"Shop Round Neck Ghost Print Regular Fit Graphic Long Sleeve T-Shirt. Discover quality women's tops designed for everyday style, comfort and easy wear. Refresh your wardrobe today","Round Neck Ghost Print Regular Fit Graphic Long Sleeve T-Shirt features a a practical with a versatile design, creating a polished option for work.",suggested,Dry-run suggestion; verify product claims and approve before deployment.
gid://shopify/Product/8490974380221,Rhinestone Pearl Detail One-Shoulder Mermaid Maxi Dress,Women's Dresses,rhinestone-pearl-detail-one-shoulder-mermaid-maxi-dress,"Shop Rhinestone Pearl Detail One-Shoulder Mermaid Maxi Dress. Discover quality women's dresses designed for everyday style, comfort and easy wear. Refresh your wardrobe today and","Rhinestone Pearl Detail One-Shoulder Mermaid Maxi Dress features a an easy-to-style with everyday styling, suited to warm-weather outings and occasion dressing",suggested,Dry-run suggestion; verify product claims and approve before deployment.
gid://shopify/Product/8490974609597,Asymmetrical One-Shoulder Cami with Lace Trim and Gold Hardware,Women's Tops,asymmetrical-one-shoulder-cami-with-lace-trim-and-gold-hardware,"Shop Asymmetrical One-Shoulder Cami with Lace Trim and Gold Hardware. Discover quality women's tops designed for everyday style, comfort and easy wear. Refresh your wardrobe today","Asymmetrical One-Shoulder Cami with Lace Trim and Gold Hardware features a a practical with a versatile design, creating a polished option for work.",suggested,Dry-run suggestion; verify product claims and approve before deployment.
gid://shopify/Product/8490974806205,Halloween Ghost Print Mineral Wash Oversize Hoodie,Women's Sweatshirts,halloween-ghost-print-mineral-wash-oversize-hoodie,"Shop Halloween Ghost Print Mineral Wash Oversize Hoodie. Discover quality women's sweatshirts designed for everyday style, comfort and easy wear. Refresh your wardrobe today and find","Halloween Ghost Print Mineral Wash Oversize Hoodie is a women's sweatshirts for everyday wardrobes, with a versatile design for casual and seasonal outfits",suggested,Dry-run suggestion; verify product claims and approve before deployment.
gid://shopify/Product/8490975035581,Double Take Full Size Plaid Dropped Shoulder Fleece Hoodie Plus Size,Women's Sweatshirts,double-take-full-size-plaid-dropped-shoulder-fleece-hoodie-plus-size,"Shop Double Take Full Size Plaid Dropped Shoulder Fleece Hoodie Plus Size. Discover quality women's sweatshirts designed for everyday style, comfort and easy wear. Refresh your wardrobe today","Double Take Full Size Plaid Dropped Shoulder Fleece Hoodie Plus Size is a women's sweatshirts for everyday wardrobes, with a versatile design for casual and.",suggested,Dry-run suggestion; verify product claims and approve before deployment.
gid://shopify/Product/8490975166653,Halloween Pumpkin Print Cami and Shorts Lounge Set,Women's Sets,halloween-pumpkin-print-cami-and-shorts-lounge-set,"Shop Halloween Pumpkin Print Cami and Shorts Lounge Set. Discover quality women's sets designed for everyday style, comfort and easy wear. Refresh your wardrobe today and find your new","Halloween Pumpkin Print Cami and Shorts Lounge Set pairs a coordinated styling with a matching coordinated styling, creating a coordinated look for everyday.",suggested,Dry-run suggestion; verify product claims and approve before deployment.
gid://shopify/Product/8490975396029,Abstract Halloween Pattern Long Sleeve Mock Neck Blouse,Women's Blouses,abstract-halloween-pattern-long-sleeve-mock-neck-blouse,"Shop Abstract Halloween Pattern Long Sleeve Mock Neck Blouse. Discover quality women's blouses designed for everyday style, comfort and easy wear. Refresh your wardrobe today and","Abstract Halloween Pattern Long Sleeve Mock Neck Blouse is a women's blouses for everyday wardrobes, with a versatile design for casual and seasonal outfits",suggested,Dry-run suggestion; verify product claims and approve before deployment.
gid://shopify/Product/8490975559869,Glitter Cape-Sleeve Maxi Dress,Women's Dresses,glitter-cape-sleeve-maxi-dress,"Shop Glitter Cape-Sleeve Maxi Dress. Discover quality women's dresses designed for everyday style, comfort and easy wear. Refresh your wardrobe today and find your new favorite at Vennix","Glitter Cape-Sleeve Maxi Dress features a an easy-to-style with everyday styling, suited to warm-weather outings and occasion dressing",suggested,Dry-run suggestion; verify product claims and approve before deployment.
gid://shopify/Product/8490975822013,Halloween Pumpkin and Bat Print Button-Down Top and Pants Lounge Set,Women's Sets,halloween-pumpkin-and-bat-print-button-down-top-and-pants-lounge-set,"Shop Halloween Pumpkin and Bat Print Button-Down Top and Pants Lounge Set. Discover quality women's sets designed for everyday style, comfort and easy wear. Refresh your wardrobe today","Halloween Pumpkin and Bat Print Button-Down Top and Pants Lounge Set pairs a coordinated styling with a matching coordinated styling, creating a coordinated.",suggested,Dry-run suggestion; verify product claims and approve before deployment.
gid://shopify/Product/8490976051389,Full Size Halloween Graphic Long Sleeve Hoodie Plus Size,Women's Sweatshirts,full-size-halloween-graphic-long-sleeve-hoodie-plus-size,"Shop Full Size Halloween Graphic Long Sleeve Hoodie Plus Size. Discover quality women's sweatshirts designed for everyday style, comfort and easy wear. Refresh your wardrobe","Full Size Halloween Graphic Long Sleeve Hoodie Plus Size is a women's sweatshirts for everyday wardrobes, with a versatile design for casual and seasonal.",suggested,Dry-run suggestion; verify product claims and approve before deployment.
gid://shopify/Product/8490976313533,Full Size Twisted Sleeveless Ruched Waist A-Line Dress Plus Size,Women's Dresses,full-size-twisted-sleeveless-ruched-waist-a-line-dress-plus-size,"Shop Full Size Twisted Sleeveless Ruched Waist A-Line Dress Plus Size. Discover quality women's dresses designed for everyday style, comfort and easy wear. Refresh your wardrobe today","Full Size Twisted Sleeveless Ruched Waist A-Line Dress Plus Size features a an easy-to-style with everyday styling, suited to warm-weather outings and.",suggested,Dry-run suggestion; verify product claims and approve before deployment.
gid://shopify/Product/8490976542909,Polka Dot V Neck Long Sleeve Button Shift Dress,Women's Dresses,polka-dot-v-neck-long-sleeve-button-shift-dress,"Shop Polka Dot V Neck Long Sleeve Button Shift Dress. Discover quality women's dresses designed for everyday style, comfort and easy wear. Refresh your wardrobe today and find your new","Polka Dot V Neck Long Sleeve Button Shift Dress features a an easy-to-style with everyday styling, suited to warm-weather outings and occasion dressing",suggested,Dry-run suggestion; verify product claims and approve before deployment.
gid://shopify/Product/8490976772285,Gothic Cross Pendant Layered Necklace,Necklaces,gothic-cross-pendant-layered-necklace,"Shop Gothic Cross Pendant Layered Necklace. Discover quality necklaces designed for everyday style, comfort and easy wear. Refresh your wardrobe today and find your new favorite at Vennix","Gothic Cross Pendant Layered Necklace is a necklaces for everyday wardrobes, with a versatile design for casual and seasonal outfits",suggested,Dry-run suggestion; verify product claims and approve before deployment.
gid://shopify/Product/8490977034429,Halloween Ghost Print Button-Down Top and Shorts Lounge Set,Women's Sets,halloween-ghost-print-button-down-top-and-shorts-lounge-set,"Shop Halloween Ghost Print Button-Down Top and Shorts Lounge Set. Discover quality women's sets designed for everyday style, comfort and easy wear. Refresh your wardrobe today and find your","Halloween Ghost Print Button-Down Top and Shorts Lounge Set pairs a coordinated styling with a matching coordinated styling, creating a coordinated look for.",suggested,Dry-run suggestion; verify product claims and approve before deployment.
gid://shopify/Product/8490977198269,Halloween Rhinestone Skull Graphic Mock Neck Baggy Pullover Sweatshirt,Women's Sweatshirts,halloween-rhinestone-skull-graphic-mock-neck-baggy-pullover-sweatshirt,"Shop Halloween Rhinestone Skull Graphic Mock Neck Baggy Pullover Sweatshirt. Discover quality women's sweatshirts designed for everyday style, comfort and easy wear. Refresh your","Halloween Rhinestone Skull Graphic Mock Neck Baggy Pullover Sweatshirt is a women's sweatshirts for everyday wardrobes, with a versatile design for casual.",suggested,Dry-run suggestion; verify product claims and approve before deployment.
gid://shopify/Product/8490977362109,Glittering Pumpkin Face Crewneck Halloween T Shirt,Women's Tops,glittering-pumpkin-face-crewneck-halloween-t-shirt,"Shop Glittering Pumpkin Face Crewneck Halloween T Shirt. Discover quality women's tops designed for everyday style, comfort and easy wear. Refresh your wardrobe today and find your new","Glittering Pumpkin Face Crewneck Halloween T Shirt features a a practical with a versatile design, creating a polished option for work, weekends, and occasions",suggested,Dry-run suggestion; verify product claims and approve before deployment.
gid://shopify/Product/8490977525949,Plus Size Skeleton Print Cami Lounge Set,Women's Sets,plus-size-skeleton-print-cami-lounge-set,"Shop Plus Size Skeleton Print Cami Lounge Set. Discover quality women's sets designed for everyday style, comfort and easy wear. Refresh your wardrobe today and find your new favorite at","Plus Size Skeleton Print Cami Lounge Set pairs a coordinated styling with a matching coordinated styling, creating a coordinated look for everyday wear",suggested,Dry-run suggestion; verify product claims and approve before deployment.
gid://shopify/Product/8490977755325,Leopard Print Cropped Faux Leather Jacket with Utility Pockets,Women's Outerwear,leopard-print-cropped-faux-leather-jacket-with-utility-pockets,"Shop Leopard Print Cropped Faux Leather Jacket with Utility Pockets. Discover quality women's outerwear designed for everyday style, comfort and easy wear. Refresh your wardrobe today and","Leopard Print Cropped Faux Leather Jacket with Utility Pockets is a women's outerwear for everyday wardrobes, with a versatile design for casual and.",suggested,Dry-run suggestion; verify product claims and approve before deployment.
gid://shopify/Product/8490977951933,One-Shoulder Lace Top,Women's Tops,one-shoulder-lace-top,"Shop One-Shoulder Lace Top. Discover quality women's tops designed for everyday style, comfort and easy wear. Refresh your wardrobe today and find your new favorite at VennixStore.","One-Shoulder Lace Top features a a practical with a versatile design, creating a polished option for work, weekends, and occasions",suggested,Dry-run suggestion; verify product claims and approve before deployment.
gid://shopify/Product/8490978214077,Stripe Halloween Ghost Patch Round Neck Long Sleeve Top,Women's Tops,stripe-halloween-ghost-patch-round-neck-long-sleeve-top,"Shop Stripe Halloween Ghost Patch Round Neck Long Sleeve Top. Discover quality women's tops designed for everyday style, comfort and easy wear. Refresh your wardrobe today and find your","Stripe Halloween Ghost Patch Round Neck Long Sleeve Top features a a practical with a versatile design, creating a polished option for work, weekends, and.",suggested,Dry-run suggestion; verify product claims and approve before deployment.
gid://shopify/Product/8490978443453,Reversible Halloween Graphic Mock Neck Tunic Sweatshirt,Women's Sweatshirts,reversible-halloween-graphic-mock-neck-tunic-sweatshirt,"Shop Reversible Halloween Graphic Mock Neck Tunic Sweatshirt. Discover quality women's sweatshirts designed for everyday style, comfort and easy wear. Refresh your wardrobe today and find","Reversible Halloween Graphic Mock Neck Tunic Sweatshirt is a women's sweatshirts for everyday wardrobes, with a versatile design for casual and seasonal outfits",suggested,Dry-run suggestion; verify product claims and approve before deployment.
gid://shopify/Product/8490978640061,Spooky Season Mock Neck Reversible Halloween Sweatshirt,Women's Sweatshirts,spooky-season-mock-neck-reversible-halloween-sweatshirt,"Shop Spooky Season Mock Neck Reversible Halloween Sweatshirt. Discover quality women's sweatshirts designed for everyday style, comfort and easy wear. Refresh your wardrobe today and find your","Spooky Season Mock Neck Reversible Halloween Sweatshirt is a women's sweatshirts for everyday wardrobes, with a versatile design for casual and seasonal outfits",suggested,Dry-run suggestion; verify product claims and approve before deployment.
gid://shopify/Product/8490978836669,Rhinestone Slit Flare Sleeve Cape Maxi Dress,Women's Dresses,rhinestone-slit-flare-sleeve-cape-maxi-dress,"Shop Rhinestone Slit Flare Sleeve Cape Maxi Dress. Discover quality women's dresses designed for everyday style, comfort and easy wear. Refresh your wardrobe today and find your new favorite at Vennix","Rhinestone Slit Flare Sleeve Cape Maxi Dress features a an easy-to-style with everyday styling, suited to warm-weather outings and occasion dressing",suggested,Dry-run suggestion; verify product claims and approve before deployment.
gid://shopify/Product/8490979033277,Gothic Charm Choker Necklace,Necklaces,gothic-charm-choker-necklace,"Shop Gothic Charm Choker Necklace. Discover quality necklaces designed for everyday style, comfort and easy wear. Refresh your wardrobe today and find your new favorite at VennixStore.","Gothic Charm Choker Necklace is a necklaces for everyday wardrobes, with a versatile design for casual and seasonal outfits",suggested,Dry-run suggestion; verify product claims and approve before deployment.
gid://shopify/Product/8490979197117,Sequin Long Sleeve Knit Cover Up,Women's Tops,sequin-long-sleeve-knit-cover-up,"Shop Sequin Long Sleeve Knit Cover Up. Discover quality women's tops designed for everyday style, comfort and easy wear. Refresh your wardrobe today and find your new favorite at VennixStore.","Sequin Long Sleeve Knit Cover Up features a a practical with a versatile design, creating a polished option for work, weekends, and occasions",suggested,Dry-run suggestion; verify product claims and approve before deployment.
gid://shopify/Product/8490979393725,Gothic Lace Choker Necklace with Teardrop Dangle Charms,Necklaces,gothic-lace-choker-necklace-with-teardrop-dangle-charms,"Shop Gothic Lace Choker Necklace with Teardrop Dangle Charms. Discover quality necklaces designed for everyday style, comfort and easy wear. Refresh your wardrobe today and find your new","Gothic Lace Choker Necklace with Teardrop Dangle Charms is a necklaces for everyday wardrobes, with a versatile design for casual and seasonal outfits",suggested,Dry-run suggestion; verify product claims and approve before deployment.
gid://shopify/Product/8490979623101,18K Gold-Plated Zircon Chain Necklace,Necklaces,18k-gold-plated-zircon-chain-necklace,"Shop 18K Gold-Plated Zircon Chain Necklace. Discover quality necklaces designed for everyday style, comfort and easy wear. Refresh your wardrobe today and find your new favorite at VennixStore.","18K Gold-Plated Zircon Chain Necklace is a necklaces for everyday wardrobes, with a versatile design for casual and seasonal outfits",suggested,Dry-run suggestion; verify product claims and approve before deployment.
gid://shopify/Product/8490979819709,Bat-Wing Shaped Gothic Sunglasses,Sunglasses,bat-wing-shaped-gothic-sunglasses,"Shop Bat-Wing Shaped Gothic Sunglasses. Discover quality sunglasses designed for everyday style, comfort and easy wear. Refresh your wardrobe today and find your new favorite at VennixStore.","Bat-Wing Shaped Gothic Sunglasses is a sunglasses for everyday wardrobes, with a versatile design for casual and seasonal outfits",suggested,Dry-run suggestion; verify product claims and approve before deployment.
gid://shopify/Product/8490980081853,V Neck Short Sleeve Geometric Sweater,Women's Sweaters,v-neck-short-sleeve-geometric-sweater,"Shop V Neck Short Sleeve Geometric Sweater. Discover quality women's sweaters designed for everyday style, comfort and easy wear. Refresh your wardrobe today and find your new favorite at VennixStore.","V Neck Short Sleeve Geometric Sweater is a women's sweaters for everyday wardrobes, with a versatile design for casual and seasonal outfits",suggested,Dry-run suggestion; verify product claims and approve before deployment.
gid://shopify/Product/8490980343997,Cable-Knit Dropped Shoulder Sweater,Women's Sweaters,cable-knit-dropped-shoulder-sweater,"Shop Cable-Knit Dropped Shoulder Sweater. Discover quality women's sweaters designed for everyday style, comfort and easy wear. Refresh your wardrobe today and find your new favorite at VennixStore.","Cable-Knit Dropped Shoulder Sweater is a women's sweaters for everyday wardrobes, with a versatile design for casual and seasonal outfits",suggested,Dry-run suggestion; verify product claims and approve before deployment.
gid://shopify/Product/8490980573373,Halloween Spooky Letter Graphic Round Neck Casual T Shirt,Women's Tops,halloween-spooky-letter-graphic-round-neck-casual-t-shirt,"Shop Halloween Spooky Letter Graphic Round Neck Casual T Shirt. Discover quality women's tops designed for everyday style, comfort and easy wear. Refresh your wardrobe today and find your","Halloween Spooky Letter Graphic Round Neck Casual T Shirt features a a practical with a versatile design, creating a polished option for work, weekends, and.",suggested,Dry-run suggestion; verify product claims and approve before deployment.
gid://shopify/Product/8490980769981,PUMPKIN SEASON Oversized Pullover Sweatshirt,Women's Sweatshirts,pumpkin-season-oversized-pullover-sweatshirt,"Shop PUMPKIN SEASON Oversized Pullover Sweatshirt. Discover quality women's sweatshirts designed for everyday style, comfort and easy wear. Refresh your wardrobe today and find your new favorite at","PUMPKIN SEASON Oversized Pullover Sweatshirt is a women's sweatshirts for everyday wardrobes, with a versatile design for casual and seasonal outfits",suggested,Dry-run suggestion; verify product claims and approve before deployment.
gid://shopify/Product/8490980901053,Double Take Full Size Half Zip Exposed Seam Fleece Hoodie,Women's Sweatshirts,double-take-full-size-half-zip-exposed-seam-fleece-hoodie,"Shop Double Take Full Size Half Zip Exposed Seam Fleece Hoodie. Discover quality women's sweatshirts designed for everyday style, comfort and easy wear. Refresh your wardrobe today and find","Double Take Full Size Half Zip Exposed Seam Fleece Hoodie is a women's sweatshirts for everyday wardrobes, with a versatile design for casual and seasonal.",suggested,Dry-run suggestion; verify product claims and approve before deployment.
gid://shopify/Product/8490981097661,Gothic Rose Cross Dangle Necklace,Necklaces,gothic-rose-cross-dangle-necklace,"Shop Gothic Rose Cross Dangle Necklace. Discover quality necklaces designed for everyday style, comfort and easy wear. Refresh your wardrobe today and find your new favorite at VennixStore.","Gothic Rose Cross Dangle Necklace is a necklaces for everyday wardrobes, with a versatile design for casual and seasonal outfits",suggested,Dry-run suggestion; verify product claims and approve before deployment.
gid://shopify/Product/8490981294269,Gothic Cross Pendant Necklace,Necklaces,gothic-cross-pendant-necklace,"Shop Gothic Cross Pendant Necklace. Discover quality necklaces designed for everyday style, comfort and easy wear. Refresh your wardrobe today and find your new favorite at VennixStore.","Gothic Cross Pendant Necklace is a necklaces for everyday wardrobes, with a versatile design for casual and seasonal outfits",suggested,Dry-run suggestion; verify product claims and approve before deployment.
gid://shopify/Product/8490981490877,Skeleton Long Sleeve T-Shirt,Women's Tops,skeleton-long-sleeve-t-shirt,"Shop Skeleton Long Sleeve T-Shirt. Discover quality women's tops designed for everyday style, comfort and easy wear. Refresh your wardrobe today and find your new favorite at VennixStore.","Skeleton Long Sleeve T-Shirt features a a practical with a versatile design, creating a polished option for work, weekends, and occasions",suggested,Dry-run suggestion; verify product claims and approve before deployment.
gid://shopify/Product/8490981687485,Full Size Cat and Pumpkin V-Neck Sweater Plus Size,Women's Sweaters,full-size-cat-and-pumpkin-v-neck-sweater-plus-size,"Shop Full Size Cat and Pumpkin V-Neck Sweater Plus Size. Discover quality women's sweaters designed for everyday style, comfort and easy wear. Refresh your wardrobe today and find your","Full Size Cat and Pumpkin V-Neck Sweater Plus Size is a women's sweaters for everyday wardrobes, with a versatile design for casual and seasonal outfits",suggested,Dry-run suggestion; verify product claims and approve before deployment.
gid://shopify/Product/8490981916861,Sequin Pumpkin Spooky Halloween Sweatshirt,Women's Sweatshirts,sequin-pumpkin-spooky-halloween-sweatshirt,"Shop Sequin Pumpkin Spooky Halloween Sweatshirt. Discover quality women's sweatshirts designed for everyday style, comfort and easy wear. Refresh your wardrobe today and find your new","Sequin Pumpkin Spooky Halloween Sweatshirt is a women's sweatshirts for everyday wardrobes, with a versatile design for casual and seasonal outfits",suggested,Dry-run suggestion; verify product claims and approve before deployment.
gid://shopify/Product/8490982113469,Halloween Pumpkin Print Long Sleeve Home Wear Lounge Set,Women's Sets,halloween-pumpkin-print-long-sleeve-home-wear-lounge-set,"Shop Halloween Pumpkin Print Long Sleeve Home Wear Lounge Set. Discover quality women's sets designed for everyday style, comfort and easy wear. Refresh your wardrobe today and find your new","Halloween Pumpkin Print Long Sleeve Home Wear Lounge Set pairs a coordinated styling with a matching coordinated styling, creating a coordinated look for.",suggested,Dry-run suggestion; verify product claims and approve before deployment.
gid://shopify/Product/8490982310077,Polka Dot Dropped Shoulder Sweatshirt,Women's Sweatshirts,polka-dot-dropped-shoulder-sweatshirt,"Shop Polka Dot Dropped Shoulder Sweatshirt. Discover quality women's sweatshirts designed for everyday style, comfort and easy wear. Refresh your wardrobe today and find your new favorite at VennixStore.","Polka Dot Dropped Shoulder Sweatshirt is a women's sweatshirts for everyday wardrobes, with a versatile design for casual and seasonal outfits",suggested,Dry-run suggestion; verify product claims and approve before deployment.
gid://shopify/Product/8490982572221,Lace Trim Ruffle Mini Skirt,Women's Skirts,lace-trim-ruffle-mini-skirt,"Shop Lace Trim Ruffle Mini Skirt. Discover quality women's skirts designed for everyday style, comfort and easy wear. Refresh your wardrobe today and find your new favorite at VennixStore.","Lace Trim Ruffle Mini Skirt is a women's skirts for everyday wardrobes, with a versatile design for casual and seasonal outfits",suggested,Dry-run suggestion; verify product claims and approve before deployment.
gid://shopify/Product/8490982736061,Double Take Full Size Printed Ruffle Trim Balloon Sleeve Shirt Plus Size,Women's Tops,double-take-full-size-printed-ruffle-trim-balloon-sleeve-shirt-plus-size,"Shop Double Take Full Size Printed Ruffle Trim Balloon Sleeve Shirt Plus Size. Discover quality women's tops designed for everyday style, comfort and easy wear. Refresh your wardrobe today","Double Take Full Size Printed Ruffle Trim Balloon Sleeve Shirt Plus Size features a a practical with a versatile design, creating a polished option for.",suggested,Dry-run suggestion; verify product claims and approve before deployment.
gid://shopify/Product/8490982899901,Gothic Star and Cross Charm Choker Necklace,Necklaces,gothic-star-and-cross-charm-choker-necklace,"Shop Gothic Star and Cross Charm Choker Necklace. Discover quality necklaces designed for everyday style, comfort and easy wear. Refresh your wardrobe today and find your new favorite at VennixStore.","Gothic Star and Cross Charm Choker Necklace is a necklaces for everyday wardrobes, with a versatile design for casual and seasonal outfits",suggested,Dry-run suggestion; verify product claims and approve before deployment.
gid://shopify/Product/8490983030973,Rhinestone Slit Maxi Dress with Sheer Cape Sleeves,Women's Dresses,rhinestone-slit-maxi-dress-with-sheer-cape-sleeves,"Shop Rhinestone Slit Maxi Dress with Sheer Cape Sleeves. Discover quality women's dresses designed for everyday style, comfort and easy wear. Refresh your wardrobe today and find your new favorite at VennixStore.","Rhinestone Slit Maxi Dress with Sheer Cape Sleeves features a an easy-to-style with everyday styling, suited to warm-weather outings and occasion dressing",suggested,Dry-run suggestion; verify product claims and approve before deployment.
gid://shopify/Product/8490983227581,Full Size Halloween Ghost Applique Short Sleeve T-Shirt Plus Size,Women's Tops,full-size-halloween-ghost-applique-short-sleeve-t-shirt-plus-size,"Shop Full Size Halloween Ghost Applique Short Sleeve T-Shirt Plus Size. Discover quality women's tops designed for everyday style, comfort and easy wear. Refresh your wardrobe today and find","Full Size Halloween Ghost Applique Short Sleeve T-Shirt Plus Size features a a practical with a versatile design, creating a polished option for work.",suggested,Dry-run suggestion; verify product claims and approve before deployment.
gid://shopify/Product/8490983456957,Drop Shoulder Long Sleeve Round Neck Halloween Sweater,Women's Sweaters,drop-shoulder-long-sleeve-round-neck-halloween-sweater,"Shop Drop Shoulder Long Sleeve Round Neck Halloween Sweater. Discover quality women's sweaters designed for everyday style, comfort and easy wear. Refresh your wardrobe today and find your new","Drop Shoulder Long Sleeve Round Neck Halloween Sweater is a women's sweaters for everyday wardrobes, with a versatile design for casual and seasonal outfits",suggested,Dry-run suggestion; verify product claims and approve before deployment.
gid://shopify/Product/8490983686333,Ghost/ BOO Reversible Print Mock Neck Casual Sweatshirt,Women's Sweatshirts,ghost-boo-reversible-print-mock-neck-casual-sweatshirt,"Shop Ghost/ BOO Reversible Print Mock Neck Casual Sweatshirt. Discover quality women's sweatshirts designed for everyday style, comfort and easy wear. Refresh your wardrobe today and find your","Ghost/ BOO Reversible Print Mock Neck Casual Sweatshirt is a women's sweatshirts for everyday wardrobes, with a versatile design for casual and seasonal outfits",suggested,Dry-run suggestion; verify product claims and approve before deployment.
gid://shopify/Product/8490983882941,Lace Hem Lapel Collar Blazer,Women's Outerwear,lace-hem-lapel-collar-blazer,"Shop Lace Hem Lapel Collar Blazer. Discover quality women's outerwear designed for everyday style, comfort and easy wear. Refresh your wardrobe today and find your new favorite at VennixStore.","Lace Hem Lapel Collar Blazer is a women's outerwear for everyday wardrobes, with a versatile design for casual and seasonal outfits",suggested,Dry-run suggestion; verify product claims and approve before deployment.
gid://shopify/Product/8490984112317,Halloween Skeleton Print Color Block Sweatshirt,Women's Sweatshirts,halloween-skeleton-print-color-block-sweatshirt,"Shop Halloween Skeleton Print Color Block Sweatshirt. Discover quality women's sweatshirts designed for everyday style, comfort and easy wear. Refresh your wardrobe today and find your new","Halloween Skeleton Print Color Block Sweatshirt is a women's sweatshirts for everyday wardrobes, with a versatile design for casual and seasonal outfits",suggested,Dry-run suggestion; verify product claims and approve before deployment.
gid://shopify/Product/8490984308925,Halloween Leopard Pumpkin Patchwork Ribbed Sweatshirt,Women's Sweatshirts,halloween-leopard-pumpkin-patchwork-ribbed-sweatshirt,"Shop Halloween Leopard Pumpkin Patchwork Ribbed Sweatshirt. Discover quality women's sweatshirts designed for everyday style, comfort and easy wear. Refresh your wardrobe today and find your new","Halloween Leopard Pumpkin Patchwork Ribbed Sweatshirt is a women's sweatshirts for everyday wardrobes, with a versatile design for casual and seasonal outfits",suggested,Dry-run suggestion; verify product claims and approve before deployment.
gid://shopify/Product/8490984505533,Halloween Ghost Embroidered Casual Sweatshirt,Women's Sweatshirts,halloween-ghost-embroidered-casual-sweatshirt,"Shop Halloween Ghost Embroidered Casual Sweatshirt. Discover quality women's sweatshirts designed for everyday style, comfort and easy wear. Refresh your wardrobe today and find your new favorite at VennixStore.","Halloween Ghost Embroidered Casual Sweatshirt is a women's sweatshirts for everyday wardrobes, with a versatile design for casual and seasonal outfits",suggested,Dry-run suggestion; verify product claims and approve before deployment.
gid://shopify/Product/8490984669373,Sweetheart Neck Sheer Lace Maxi Dress,Women's Dresses,sweetheart-neck-sheer-lace-maxi-dress,"Shop Sweetheart Neck Sheer Lace Maxi Dress. Discover quality women's dresses designed for everyday style, comfort and easy wear. Refresh your wardrobe today and find your new favorite at VennixStore.","Sweetheart Neck Sheer Lace Maxi Dress features a an easy-to-style with everyday styling, suited to warm-weather outings and occasion dressing",suggested,Dry-run suggestion; verify product claims and approve before deployment.
gid://shopify/Product/8490984833213,Halloween Pumpkin Floral Round Neck Sweatshirt,Women's Sweatshirts,halloween-pumpkin-floral-round-neck-sweatshirt,"Shop Halloween Pumpkin Floral Round Neck Sweatshirt. Discover quality women's sweatshirts designed for everyday style, comfort and easy wear. Refresh your wardrobe today and find your new","Halloween Pumpkin Floral Round Neck Sweatshirt is a women's sweatshirts for everyday wardrobes, with a versatile design for casual and seasonal outfits",suggested,Dry-run suggestion; verify product claims and approve before deployment.
gid://shopify/Product/8490985062589,Plaid Sleeve Colorblock Loose Tunic Sweatshirt,Women's Sweatshirts,plaid-sleeve-colorblock-loose-tunic-sweatshirt,"Shop Plaid Sleeve Colorblock Loose Tunic Sweatshirt. Discover quality women's sweatshirts designed for everyday style, comfort and easy wear. Refresh your wardrobe today and find your new","Plaid Sleeve Colorblock Loose Tunic Sweatshirt is a women's sweatshirts for everyday wardrobes, with a versatile design for casual and seasonal outfits",suggested,Dry-run suggestion; verify product claims and approve before deployment.
gid://shopify/Product/8490985226429,Lace V-Neck Tank,Women's Tops,lace-v-neck-tank,"Shop Lace V-Neck Tank. Discover quality women's tops designed for everyday style, comfort and easy wear. Refresh your wardrobe today and find your new favorite at VennixStore.","Lace V-Neck Tank features a a practical with a versatile design, creating a polished option for work, weekends, and occasions",suggested,Dry-run suggestion; verify product claims and approve before deployment.
gid://shopify/Product/8490985291965,Floral Lace Crochet Tiered Ruffled Mini Dress,Women's Dresses,floral-lace-crochet-tiered-ruffled-mini-dress,"Shop Floral Lace Crochet Tiered Ruffled Mini Dress. Discover quality women's dresses designed for everyday style, comfort and easy wear. Refresh your wardrobe today and find your new favorite at VennixStore.","Floral Lace Crochet Tiered Ruffled Mini Dress features a an easy-to-style with everyday styling, suited to warm-weather outings and occasion dressing",suggested,Dry-run suggestion; verify product claims and approve before deployment.
gid://shopify/Product/8490985324733,Full Size Skull Pumpkin Face STAY SPOOKY Graphic Halloween T Shirt Plus Size,Women's Tops,full-size-skull-pumpkin-face-stay-spooky-graphic-halloween-t-shirt-plus-size,"Shop Full Size Skull Pumpkin Face STAY SPOOKY Graphic Halloween T Shirt Plus Size. Discover quality women's tops designed for everyday style, comfort and easy wear. Refresh your wardrobe today and find your","Full Size Skull Pumpkin Face STAY SPOOKY Graphic Halloween T Shirt Plus Size features a a practical with a versatile design, creating a polished option for.",suggested,Dry-run suggestion; verify product claims and approve before deployment.
gid://shopify/Product/8490985423037,Halloween Pumpkin and Cat Pattern Knit Round Neck Sweater,Women's Sweaters,halloween-pumpkin-and-cat-pattern-knit-round-neck-sweater,"Shop Halloween Pumpkin and Cat Pattern Knit Round Neck Sweater. Discover quality women's sweaters designed for everyday style, comfort and easy wear. Refresh your wardrobe today and find your new","Halloween Pumpkin and Cat Pattern Knit Round Neck Sweater is a women's sweaters for everyday wardrobes, with a versatile design for casual and seasonal outfits",suggested,Dry-run suggestion; verify product claims and approve before deployment.
gid://shopify/Product/8490985488573,Lace V-Neck Sleeveless Maxi Dress,Women's Dresses,lace-v-neck-sleeveless-maxi-dress,"Shop Lace V-Neck Sleeveless Maxi Dress. Discover quality women's dresses designed for everyday style, comfort and easy wear. Refresh your wardrobe today and find your new favorite at VennixStore.","Lace V-Neck Sleeveless Maxi Dress features a an easy-to-style with everyday styling, suited to warm-weather outings and occasion dressing",suggested,Dry-run suggestion; verify product claims and approve before deployment.
gid://shopify/Product/8490985554109,Lace Hem One Button Blazer,Women's Outerwear,lace-hem-one-button-blazer,"Shop Lace Hem One Button Blazer. Discover quality women's outerwear designed for everyday style, comfort and easy wear. Refresh your wardrobe today and find your new favorite at VennixStore.","Lace Hem One Button Blazer is a women's outerwear for everyday wardrobes, with a versatile design for casual and seasonal outfits",suggested,Dry-run suggestion; verify product claims and approve before deployment.
gid://shopify/Product/8490985586877,Sequin Autumn Leaf & Coffee Cup Waffle Knit Top,Women's Tops,sequin-autumn-leaf-coffee-cup-waffle-knit-top,"Shop Sequin Autumn Leaf & Coffee Cup Waffle Knit Top. Discover quality women's tops designed for everyday style, comfort and easy wear. Refresh your wardrobe today and find your","Sequin Autumn Leaf & Coffee Cup Waffle Knit Top features a a practical with a versatile design, creating a polished option for work, weekends, and occasions",suggested,Dry-run suggestion; verify product claims and approve before deployment.
gid://shopify/Product/8490985652413,Halloween Pumpkin Open Front Knit Cardigan,Women's Sweaters,halloween-pumpkin-open-front-knit-cardigan,"Shop Halloween Pumpkin Open Front Knit Cardigan. Discover quality women's sweaters designed for everyday style, comfort and easy wear. Refresh your wardrobe today and find your new","Halloween Pumpkin Open Front Knit Cardigan is a women's sweaters for everyday wardrobes, with a versatile design for casual and seasonal outfits",suggested,Dry-run suggestion; verify product claims and approve before deployment.
gid://shopify/Product/8490985685181,Sequin Ghost Exposed Seam Mock Neck Sweatshirt,Women's Sweatshirts,sequin-ghost-exposed-seam-mock-neck-sweatshirt,"Shop Sequin Ghost Exposed Seam Mock Neck Sweatshirt. Discover quality women's sweatshirts designed for everyday style, comfort and easy wear. Refresh your wardrobe today and find your","Sequin Ghost Exposed Seam Mock Neck Sweatshirt is a women's sweatshirts for everyday wardrobes, with a versatile design for casual and seasonal outfits",suggested,Dry-run suggestion; verify product claims and approve before deployment.
gid://shopify/Product/8490985717949,Dancing Critters Sequin Halloween Crewneck Sweatshirt,Women's Sweatshirts,dancing-critters-sequin-halloween-crewneck-sweatshirt,"Shop Dancing Critters Sequin Halloween Crewneck Sweatshirt. Discover quality women's sweatshirts designed for everyday style, comfort and easy wear. Refresh your wardrobe today and find your new favorite at","Dancing Critters Sequin Halloween Crewneck Sweatshirt is a women's sweatshirts for everyday wardrobes, with a versatile design for casual and seasonal outfits",suggested,Dry-run suggestion; verify product claims and approve before deployment.
gid://shopify/Product/8490985750717,Patchwork Pumpkin Graphic Corded Ribbed Round Neck Tunic Sweatshirt,Women's Sweatshirts,patchwork-pumpkin-graphic-corded-ribbed-round-neck-tunic-sweatshirt,"Shop Patchwork Pumpkin Graphic Corded Ribbed Round Neck Tunic Sweatshirt. Discover quality women's sweatshirts designed for everyday style, comfort and easy wear. Refresh your wardrobe today and","Patchwork Pumpkin Graphic Corded Ribbed Round Neck Tunic Sweatshirt is a women's sweatshirts for everyday wardrobes, with a versatile design for casual and.",suggested,Dry-run suggestion; verify product claims and approve before deployment.
gid://shopify/Product/8490985783485,Crochet Lace Strapless Boned Corset Lace‑Up Waist Cincher Tube Top,Women's Tops,crochet-lace-strapless-boned-corset-lace-up-waist-cincher-tube-top,"Shop Crochet Lace Strapless Boned Corset Lace‑Up Waist Cincher Tube Top. Discover quality women's tops designed for everyday style, comfort and easy wear. Refresh your wardrobe today and find","Crochet Lace Strapless Boned Corset Lace‑Up Waist Cincher Tube Top features a a practical with a versatile design, creating a polished option for work.",suggested,Dry-run suggestion; verify product claims and approve before deployment.
gid://shopify/Product/8490985849021,Sequin Halloween Pumpkin Pattern V Neck Tee and Drawstring Bottoms Casual Set,Women's Sets,sequin-halloween-pumpkin-pattern-v-neck-tee-and-drawstring-bottoms-casual-set,"Shop Sequin Halloween Pumpkin Pattern V Neck Tee and Drawstring Bottoms Casual Set. Discover quality women's sets designed for everyday style, comfort and easy wear. Refresh your wardrobe today","Sequin Halloween Pumpkin Pattern V Neck Tee and Drawstring Bottoms Casual Set pairs a coordinated styling with a matching coordinated styling, creating a.",suggested,Dry-run suggestion; verify product claims and approve before deployment.
gid://shopify/Product/8490985881789,Short Sleeve Pumpkin Print Polka Dot Trim Pocket Placket Lounge Set,Women's Sets,short-sleeve-pumpkin-print-polka-dot-trim-pocket-placket-lounge-set,"Shop Short Sleeve Pumpkin Print Polka Dot Trim Pocket Placket Lounge Set. Discover quality women's sets designed for everyday style, comfort and easy wear. Refresh your wardrobe today and find your new","Short Sleeve Pumpkin Print Polka Dot Trim Pocket Placket Lounge Set pairs a coordinated styling with a matching coordinated styling, creating a coordinated.",suggested,Dry-run suggestion; verify product claims and approve before deployment.
gid://shopify/Product/8490985947325,Embroidered Spooky Season Long Sleeve Round Neck Sweatshirt,Women's Sweatshirts,embroidered-spooky-season-long-sleeve-round-neck-sweatshirt,"Shop Embroidered Spooky Season Long Sleeve Round Neck Sweatshirt. Discover quality women's sweatshirts designed for everyday style, comfort and easy wear. Refresh your wardrobe today and find your","Embroidered Spooky Season Long Sleeve Round Neck Sweatshirt is a women's sweatshirts for everyday wardrobes, with a versatile design for casual and seasonal.",suggested,Dry-run suggestion; verify product claims and approve before deployment.
gid://shopify/Product/8490986012861,Full Size Spooky Sequin Letter Patched Cotton Blend T Shirt Plus Size,Women's Tops,full-size-spooky-sequin-letter-patched-cotton-blend-t-shirt-plus-size,"Shop Full Size Spooky Sequin Letter Patched Cotton Blend T Shirt Plus Size. Discover quality women's tops designed for everyday style, comfort and easy wear. Refresh your wardrobe today and find your","Full Size Spooky Sequin Letter Patched Cotton Blend T Shirt Plus Size features a a practical with a versatile design, creating a polished option for work.",suggested,Dry-run suggestion; verify product claims and approve before deployment.
gid://shopify/Product/8490986078397,Corded Ribbed Farm Fresh Pumpkins Graphic Sweatshirt,Women's Sweatshirts,corded-ribbed-farm-fresh-pumpkins-graphic-sweatshirt,"Shop Corded Ribbed Farm Fresh Pumpkins Graphic Sweatshirt. Discover quality women's sweatshirts designed for everyday style, comfort and easy wear. Refresh your wardrobe today and find your new","Corded Ribbed Farm Fresh Pumpkins Graphic Sweatshirt is a women's sweatshirts for everyday wardrobes, with a versatile design for casual and seasonal outfits",suggested,Dry-run suggestion; verify product claims and approve before deployment.
gid://shopify/Product/8490986111165,Elegant 3D Lace Trim High‑Waist A‑Line Midi Skirt,Women's Skirts,elegant-3d-lace-trim-high-waist-a-line-midi-skirt,"Shop Elegant 3D Lace Trim High‑Waist A‑Line Midi Skirt. Discover quality women's skirts designed for everyday style, comfort and easy wear. Refresh your wardrobe today and find your new favorite at VennixStore.","Elegant 3D Lace Trim High‑Waist A‑Line Midi Skirt is a women's skirts for everyday wardrobes, with a versatile design for casual and seasonal outfits",suggested,Dry-run suggestion; verify product claims and approve before deployment.
gid://shopify/Product/8490986143933,Full Size Halloween Sequin Ghost Print Short Sleeve Casual T-Shirt Plus Size,Women's Tops,full-size-halloween-sequin-ghost-print-short-sleeve-casual-t-shirt-plus-size,"Shop Full Size Halloween Sequin Ghost Print Short Sleeve Casual T-Shirt Plus Size. Discover quality women's tops designed for everyday style, comfort and easy wear. Refresh your wardrobe today","Full Size Halloween Sequin Ghost Print Short Sleeve Casual T-Shirt Plus Size features a a practical with a versatile design, creating a polished option for.",suggested,Dry-run suggestion; verify product claims and approve before deployment.
gid://shopify/Product/8490986176701,Gothic Multi-Layered Beaded Necklace,Necklaces,gothic-multi-layered-beaded-necklace,"Shop Gothic Multi-Layered Beaded Necklace. Discover quality necklaces designed for everyday style, comfort and easy wear. Refresh your wardrobe today and find your new favorite at VennixStore.","Gothic Multi-Layered Beaded Necklace is a necklaces for everyday wardrobes, with a versatile design for casual and seasonal outfits",suggested,Dry-run suggestion; verify product claims and approve before deployment.
gid://shopify/Product/8490986275005,Sequin High Slit Sleeveless Maxi Dress,Women's Dresses,sequin-high-slit-sleeveless-maxi-dress,"Shop Sequin High Slit Sleeveless Maxi Dress. Discover quality women's dresses designed for everyday style, comfort and easy wear. Refresh your wardrobe today and find your new favorite at VennixStore.","Sequin High Slit Sleeveless Maxi Dress features a an easy-to-style with everyday styling, suited to warm-weather outings and occasion dressing",suggested,Dry-run suggestion; verify product claims and approve before deployment.
gid://shopify/Product/8490986471613,Halloween Ghost Pattern Checkerboard Sweater,Women's Sweaters,halloween-ghost-pattern-checkerboard-sweater,"Shop Halloween Ghost Pattern Checkerboard Sweater. Discover quality women's sweaters designed for everyday style, comfort and easy wear. Refresh your wardrobe today and find your new favorite at VennixStore.","Halloween Ghost Pattern Checkerboard Sweater is a women's sweaters for everyday wardrobes, with a versatile design for casual and seasonal outfits",suggested,Dry-run suggestion; verify product claims and approve before deployment.
gid://shopify/Product/8490986668221,Lace-Trimmed Keyhole Long Sleeve T-Shirt,Women's Tops,lace-trimmed-keyhole-long-sleeve-t-shirt,"Shop Lace-Trimmed Keyhole Long Sleeve T-Shirt. Discover quality women's tops designed for everyday style, comfort and easy wear. Refresh your wardrobe today and find your new favorite at VennixStore.","Lace-Trimmed Keyhole Long Sleeve T-Shirt features a a practical with a versatile design, creating a polished option for work, weekends, and occasions",suggested,Dry-run suggestion; verify product claims and approve before deployment.
gid://shopify/Product/8490986766525,Patchwork Plaid Pumpkin Face Long Sleeve Top,Women's Tops,patchwork-plaid-pumpkin-face-long-sleeve-top,"Shop Patchwork Plaid Pumpkin Face Long Sleeve Top. Discover quality women's tops designed for everyday style, comfort and easy wear. Refresh your wardrobe today and find your new favorite at VennixStore.","Patchwork Plaid Pumpkin Face Long Sleeve Top features a a practical with a versatile design, creating a polished option for work, weekends, and occasions",suggested,Dry-run suggestion; verify product claims and approve before deployment.
gid://shopify/Product/8490986799293,Rhinestone Pumpkin Long Sleeve Sweatshirt,Women's Sweatshirts,rhinestone-pumpkin-long-sleeve-sweatshirt,"Shop Rhinestone Pumpkin Long Sleeve Sweatshirt. Discover quality women's sweatshirts designed for everyday style, comfort and easy wear. Refresh your wardrobe today and find your new favorite at VennixStore.","Rhinestone Pumpkin Long Sleeve Sweatshirt is a women's sweatshirts for everyday wardrobes, with a versatile design for casual and seasonal outfits",suggested,Dry-run suggestion; verify product claims and approve before deployment.
gid://shopify/Product/8490986832061,Elegant Lace Long Sleeve Mini Dress,Women's Dresses,elegant-lace-long-sleeve-mini-dress,"Shop Elegant Lace Long Sleeve Mini Dress. Discover quality women's dresses designed for everyday style, comfort and easy wear. Refresh your wardrobe today and find your new favorite at VennixStore.","Elegant Lace Long Sleeve Mini Dress features a an easy-to-style with everyday styling, suited to warm-weather outings and occasion dressing",suggested,Dry-run suggestion; verify product claims and approve before deployment.
